SpeciesLatinName,Common.name,Order,Family,Genus,maxAge,weightCaesar,averagedMaturity.yrs,GestationTimeInYears,Metabolic.rate..W.,Body.mass..g.,Temperature..K.
Daphnia pulicaria,Daphnia,Diplostraca,Daphniidae,Daphnia,0.19,,,,,,
Drosophila melanogaster,Fruit fly,Diptera,Drosophilidae,Drosophila,0.3,,0.0191780821917808,,,,
Apis mellifera,Honey bee,Hymenoptera,Apidae,Apis,8.0,,,,,,
Cardiocondyla obscurior,Cardiocondyla obscurior,Hymenoptera,Formicidae,Cardiocondyla,0.5,,,,,,
Lasius niger,Black garden ant,Hymenoptera,Formicidae,Lasius,28.0,,,,,,
Pheidole dentata,Pheidole dentata,Hymenoptera,Formicidae,Pheidole,0.4,,,,,,
Bicyclus anynana,Squinting bush brown,Lepidoptera,Nymphalidae,Bicyclus,0.5,,0.0410958904109589,,,,
Homarus americanus,American lobster,Decapoda,Nephropidae,Homarus,100.0,,,,,,
Bombina bombina,Firebelly toad,Anura,Bombinatoridae,Bombina,20.0,,3.0,,,,
Bombina orientalis,Oriental firebelly toad,Anura,Bombinatoridae,Bombina,15.8,,,,,,
Bombina variegata,Yellow-bellied toad,Anura,Bombinatoridae,Bombina,29.0,,,,,,
Anaxyrus americanus,American toad,Anura,Bufonidae,Anaxyrus,36.0,21.7667,2.49315068493151,0.0219178082191781,0.00829,21.6,288.0
Anaxyrus boreas,Western toad,Anura,Bufonidae,Anaxyrus,11.5,,3.0,0.0164383561643836,,,
Anaxyrus canorus,Yosemite toad,Anura,Bufonidae,Anaxyrus,15.0,,4.5,0.0301369863013699,,,
Anaxyrus cognatus,Great plains toad,Anura,Bufonidae,Anaxyrus,10.7,,2.0,0.010958904109589,,,
Anaxyrus debilis,Green toad,Anura,Bufonidae,Anaxyrus,12.4,,,,,,
Anaxyrus hemiophrys,Canadian toad,Anura,Bufonidae,Anaxyrus,13.3,,2.0,,,,
Anaxyrus punctatus,Red-spotted toad,Anura,Bufonidae,Anaxyrus,11.3,,2.0,,,,
Anaxyrus retiformis,Sonoran green toad,Anura,Bufonidae,Anaxyrus,15.3,,,0.00547945205479452,,,
Anaxyrus terrestris,Southern toad,Anura,Bufonidae,Anaxyrus,10.0,19.267,,0.00821917808219178,0.00698,19.2,288.0
Atelopus varius,Veragoa stubfoot toad,Anura,Bufonidae,Atelopus,10.0,,,,,,
Bufo bufo,Common European toad,Anura,Bufonidae,Bufo,40.0,,4.0,,,,
Incilius alvarius,Colorado river toad,Anura,Bufonidae,Incilius,15.4,,3.0,,,,
Nectophrynoides asperginis,Kihansi spray toad,Anura,Bufonidae,Nectophrynoides,5.0,,,,,,
Peltophryne lemur,Ridge-headed toad,Anura,Bufonidae,Peltophryne,10.7,,,,,,
Peltophryne peltocephala,Cuban toad,Anura,Bufonidae,Peltophryne,20.0,,,,,,
Pseudepidalea viridis,European green toad,Anura,Bufonidae,Pseudepidalea,11.9,,,,,,
Rhaebo blombergi,Colombian giant toad,Anura,Bufonidae,Rhaebo,28.7,,,,,,
Rhinella arenarum,Argentine toad,Anura,Bufonidae,Rhinella,,,,,,,
Rhinella marina,Cane toad,Anura,Bufonidae,Rhinella,24.8,106.25,1.0,0.00547945205479452,0.0303,105.0,293.0
Rhinella schneideri,Eurura toad,Anura,Bufonidae,Rhinella,15.1,,,,,,
Ceratophrys aurita,Common horned frog,Anura,Ceratophryidae,Ceratophrys,12.8,,,,,,
Ceratophrys calcarata,Colombian horned frog,Anura,Ceratophryidae,Ceratophrys,15.9,,,,,,
Ceratophrys cornuta,Amazonian horned frog,Anura,Ceratophryidae,Ceratophrys,10.3,,,,,,
Ceratophrys ornata,Ornate horned frog,Anura,Ceratophryidae,Ceratophrys,14.7,,,,,,
Dendrobates auratus,Green and black dart-poison frog,Anura,Dendrobatidae,Dendrobates,20.5,,1.0,0.0328767123287671,,,
Dendrobates leucomelas,Yellow-banded poison frog,Anura,Dendrobatidae,Dendrobates,11.5,,0.205479452054795,0.0328767123287671,,,
Dendrobates tinctorius,Blue poison-dart frog,Anura,Dendrobatidae,Dendrobates,,,,,,,
Oophaga histrionica,Kokoe-pa poison dart frog,Anura,Dendrobatidae,Oophaga,9.1,,,,,,
Oophaga pumilio,Strawberry poison frog,Anura,Dendrobatidae,Oophaga,7.5,,,,,,
Phyllobates vittatus,Golfo dulce poison-dart frog,Anura,Dendrobatidae,Phyllobates,,,0.832876712328767,0.0410958904109589,,,
Hoplobatrachus occipitalis,African tigrine frog,Anura,Dicroglossidae,Hoplobatrachus,10.9,48.1,,,,,
Acris blanchardi,Blanchard's cricket frog,Anura,Hylidae,Acris,,1.0,,,,,
Acris crepitans,Northern cricket frog,Anura,Hylidae,Acris,4.9,,,,,,
Agalychnis callidryas,Red-eyed tree frog,Anura,Hylidae,Agalychnis,,,,,,,
Agalychnis spurrelli,Maroon-eyed tree frog,Anura,Hylidae,Agalychnis,5.5,,,,,,
Diaglena spatulata,Treefrog,Anura,Hylidae,Diaglena,12.8,,,,,,
Hyla arborea,European tree frog,Anura,Hylidae,Hyla,22.0,,,,,,
Hyla chrysoscelis,Cope's gray treefrog,Anura,Hylidae,Hyla,7.8,,1.74931506849315,0.0575342465753425,,,
Hyla cinerea,Green treefrog,Anura,Hylidae,Hyla,,,2.0,,,,
Hyla gratiosa,Barking treefrog,Anura,Hylidae,Hyla,12.5,,,,,,
Hyla japonica,Japanese treefrog,Anura,Hylidae,Hyla,8.9,,3.5013698630137,,,,
Hyla squirella,Squirrel treefrog,Anura,Hylidae,Hyla,8.5,,,0.00273972602739726,,,
Hyla versicolor,Gray treefrog,Anura,Hylidae,Hyla,7.8,7.2,2.0,0.010958904109589,0.00433,6.97,290.5
Hypsiboas rosenbergi,Rosenberg's treefrog,Anura,Hylidae,Hypsiboas,,,,,,,
Litoria caerulea,Australian green treefrog,Anura,Hylidae,Litoria,20.0,,,,,,
Osteopilus septentrionalis,Cuban treefrog,Anura,Hylidae,Osteopilus,12.9,,0.513698630136986,0.00273972602739726,,,
Osteopilus vastus,Hispaniola giant treefrog,Anura,Hylidae,Osteopilus,6.6,,,,,,
Pachymedusa dacnicolor,Mexican leaf frog,Anura,Hylidae,Pachymedusa,8.7,,,,,,
Phyllomedusa bicolor,Waxy treefrog,Anura,Hylidae,Phyllomedusa,10.3,,,,,,
Pseudacris crucifer,Spring peeper,Anura,Hylidae,Pseudacris,,4.0,2.4986301369863,0.0273972602739726,0.00105,0.9,292.0
Pseudis paradoxa,Paradox frog,Anura,Hylidae,Pseudis,11.0,,,,,,
Smilisca baudinii,Mexican treefrog,Anura,Hylidae,Smilisca,6.3,,,,,,
Smilisca fodiens,Lowland burrowing treefrog,Anura,Hylidae,Smilisca,5.1,,,,,,
Smilisca phaeota,Masked treefrog,Anura,Hylidae,Smilisca,4.1,,,,,,
Trachycephalus venulosus,Marbled treefrog,Anura,Hylidae,Trachycephalus,10.5,,,,,,
Ascaphus truei,Coastal tailed frog,Anura,Leiopelmatidae,Ascaphus,14.0,,,0.0876712328767123,,,
Leptodactylus pentadactylus,Tungara frog,Anura,Leptodactylidae,Leptodactylus,18.8,,,,,,
Mantella aurantiaca,Golden mantella,Anura,Mantellidae,Mantella,10.9,,,0.0383561643835616,,,
Mantella expectata,Blue-legged mantella,Anura,Mantellidae,Mantella,3.0,,1.0,,,,
Gastrophryne carolinensis,Eastern narrow-mouthed toad,Anura,Microhylidae,Gastrophryne,6.8,,1.24931506849315,0.00273972602739726,,,
Kaloula pulchra,Malaysian narrowmouth toad,Anura,Microhylidae,Kaloula,11.0,,,,,,
Microhyla ornata,Ornate narrow-mouthed frog,Anura,Microhylidae,Microhyla,5.0,,0.998630136986301,,,,
Phrynomantis bifasciatus,Red-banded frog,Anura,Microhylidae,Phrynomantis,10.3,,,,,,
Scaphiophryne gottlebei,Rainbow frog,Anura,Microhylidae,Scaphiophryne,2.0,,1.0,,,,
Pelobates fuscus,Common Eurasian spadefoot toad,Anura,Pelobatidae,Pelobates,11.0,,,0.0219178082191781,,,
Conraua goliath,Goliath frog,Anura,Petropedetidae,Conraua,5.9,,,,,,
Pipa pipa,Surinam toad,Anura,Pipidae,Pipa,7.7,,,,,,
Xenopus laevis,African clawed frog,Anura,Pipidae,Xenopus,30.3,130.0,0.501369863013699,0.00547945205479452,0.012,63.6,288.0
Pyxicephalus adspersus,African bullfrog,Anura,Pyxicephalidae,Pyxicephalus,45.0,,,,,,
Tomopterna delalandii,Cape sand frog,Anura,Pyxicephalidae,Tomopterna,11.3,,,,,,
Lithobates catesbeianus,American bullfrog,Anura,Ranidae,Lithobates,16.0,54.4,2.74931506849315,0.010958904109589,0.0134,51.2,288.0
Lithobates clamitans,Green frog,Anura,Ranidae,Lithobates,10.0,,2.0,,,,
Lithobates pipiens,Northern leopard frog,Anura,Ranidae,Lithobates,9.0,29.0222,1.5,,0.00576,21.6,289.78
Lithobates septentrionalis,Mink frog,Anura,Ranidae,Lithobates,6.0,,1.74931506849315,,,,
Lithobates sylvaticus,Wood frog,Anura,Ranidae,Lithobates,5.0,7.88,1.9986301369863,,0.00416,7.8,289.8
Lithobates virgatipes,Carpenter frog,Anura,Ranidae,Lithobates,6.2,,2.0,,,,
Pelophylax lessonae,Pool frog,Anura,Ranidae,Pelophylax,6.0,,,,,,
Pelophylax nigromaculatus,Black-spotted frog,Anura,Ranidae,Pelophylax,15.0,,2.0,,,,
Pelophylax perezi,Italian green frog,Anura,Ranidae,Pelophylax,6.8,,2.4986301369863,0.0164383561643836,,,
Pelophylax ridibundus,Marsh frog,Anura,Ranidae,Pelophylax,11.0,,3.5,,,,
Rana amurensis,Siberian wood frog,Anura,Ranidae,Rana,9.0,,4.49315068493151,,,,
Rana arvalis,Moor frog,Anura,Ranidae,Rana,11.0,,,,,,
Rana aurora,California red-legged frog,Anura,Ranidae,Rana,15.0,,,,,,
Rana esculenta,Edible frog,Anura,Ranidae,Rana,12.0,,,,,,
Rana iberica,Iberian frog,Anura,Ranidae,Rana,8.0,,,,,,
Rana macrocnemis,Long-legged wood frog,Anura,Ranidae,Rana,5.0,,2.4986301369863,,,,
Rana temporaria,European frog,Anura,Ranidae,Rana,27.0,,3.0,,,,
Scaphiopus couchii,Couch's spadefoot,Anura,Scaphiopodidae,Scaphiopus,6.7,,,,,,
Scaphiopus holbrookii,Eastern spadefoot,Anura,Scaphiopodidae,Scaphiopus,12.3,,2.0,0.0219178082191781,,,
Spea intermontana,Great Basin spadefoot,Anura,Scaphiopodidae,Spea,20.0,,,0.00821917808219178,,,
Ambystoma gracile,Northwestern salamander,Caudata,Ambystomatidae,Ambystoma,10.2,,2.0,,,,
Ambystoma mabeei,Mabee's salamander,Caudata,Ambystomatidae,Ambystoma,8.8,,,,,,
Ambystoma macrodactylum,Long-toed salamander,Caudata,Ambystomatidae,Ambystoma,10.0,,2.0,0.10958904109589,,,
Ambystoma maculatum,Spotted salamander,Caudata,Ambystomatidae,Ambystoma,32.0,12.84,2.5,,0.005,12.8,290.0
Ambystoma mexicanum,Axolotl,Caudata,Ambystomatidae,Ambystoma,17.0,,1.5013698630137,0.0493150684931507,,,
Ambystoma opacum,Marbled salamander,Caudata,Ambystomatidae,Ambystoma,11.3,,3.3,,,,
Ambystoma rosaceum,Chihuahuan mole salamander,Caudata,Ambystomatidae,Ambystoma,14.4,,,,,,
Ambystoma talpoideum,Mole salamander,Caudata,Ambystomatidae,Ambystoma,9.0,,2.0,,,,
Ambystoma texanum,Small-mouthed salamander,Caudata,Ambystomatidae,Ambystoma,13.8,,,0.0958904109589041,,,
Ambystoma tigrinum,Tiger salamander,Caudata,Ambystomatidae,Ambystoma,25.0,9.402,4.0,0.0767123287671233,0.00196,3.21,291.0
Dicamptodon ensatus,California giant salamander,Caudata,Ambystomatidae,Dicamptodon,16.9,,,0.410958904109589,,,
Amphiuma means,Two-toed amphiuma,Caudata,Amphiumidae,Amphiuma,27.0,200.967,3.5,0.410958904109589,0.00904,199.0,288.0
Amphiuma tridactylum,Three-toed amphiuma,Caudata,Amphiumidae,Amphiuma,15.9,,,0.36986301369863,,,
Andrias davidianus,Chinese giant salamander,Caudata,Cryptobranchidae,Andrias,19.9,,,0.150684931506849,,,
Andrias japonicus,Japanese giant salamander,Caudata,Cryptobranchidae,Andrias,55.0,,5.0,0.164383561643836,,,
Cryptobranchus alleganiensis,Hellbender,Caudata,Cryptobranchidae,Cryptobranchus,29.0,358.1,5.0,0.197260273972603,0.0253,358.0,288.0
Hynobius boulengeri,Boulenger's oriental salamander,Caudata,Hynobiidae,Hynobius,11.9,,,,,,
Hynobius leechii,Chinese salamander,Caudata,Hynobiidae,Hynobius,7.1,,,,,,
Hynobius nebulosus,Clouded salamander,Caudata,Hynobiidae,Hynobius,14.2,,,,,,
Hynobius retardatus,Japanese salamander,Caudata,Hynobiidae,Hynobius,12.9,,,,,,
Onychodactylus fischeri,Long-tailed clawed salamander,Caudata,Hynobiidae,Onychodactylus,17.0,,,,,,
Onychodactylus japonicus,Japanese clawed salamander,Caudata,Hynobiidae,Onychodactylus,14.2,,,,,,
Paradactylodon mustersi,Afghanistan salamander,Caudata,Hynobiidae,Paradactylodon,11.0,,,,,,
Salamandrella keyserlingii,Siberian salamander,Caudata,Hynobiidae,Salamandrella,8.0,,,0.063013698630137,,,
Aneides aeneus,Green salamander,Caudata,Plethodontidae,Aneides,,,2.4986301369863,0.224657534246575,,,
Aneides lugubris,Arboreal salamander,Caudata,Plethodontidae,Aneides,,,3.0,,,,
Bolitoglossa dofleini,Giant palm salamander,Caudata,Plethodontidae,Bolitoglossa,6.9,,,,,,
Bolitoglossa mexicana,Palm salamander,Caudata,Plethodontidae,Bolitoglossa,12.2,,,,,,
Desmognathus monticola,Seal salamander,Caudata,Plethodontidae,Desmognathus,17.7,,3.9986301369863,0.123287671232877,,,
Desmognathus ochrophaeus,Allegheny mountain dusky salamander,Caudata,Plethodontidae,Desmognathus,19.8,0.6,3.50684931506849,,,,
Desmognathus quadramaculatus,Black-bellied salamander,Caudata,Plethodontidae,Desmognathus,15.0,14.34,3.50684931506849,,0.00411,14.1,288.0
Desmognathus welteri,Black mountain salamander,Caudata,Plethodontidae,Desmognathus,20.0,,4.4986301369863,,,,
Ensatina eschscholtzii,Ensatina,Caudata,Plethodontidae,Ensatina,,,3.5013698630137,0.378082191780822,,,
Eurycea lucifuga,Cave salamander,Caudata,Plethodontidae,Eurycea,9.1,,3.0,0.0356164383561644,,,
Eurycea rathbuni,Texas blind salamander,Caudata,Plethodontidae,Eurycea,10.3,,,,,,
Eurycea spelaea,Grotto salamander,Caudata,Plethodontidae,Eurycea,9.9,,,,,,
Eurycea wilderae,Blue ridge two-lined salamander,Caudata,Plethodontidae,Eurycea,8.0,,3.5013698630137,,,,
Gyrinophilus palleucus,Tennessee cave salamander,Caudata,Plethodontidae,Gyrinophilus,18.5,,,,,,
Gyrinophilus porphyriticus,Spring salamander,Caudata,Plethodontidae,Gyrinophilus,18.5,,4.0,,,,
Hemidactylium scutatum,Four-toed salamander,Caudata,Plethodontidae,Hemidactylium,8.9,,2.4986301369863,,,,
Phaeognathus hubrichti,Red Hills salamander,Caudata,Plethodontidae,Phaeognathus,19.7,,5.5013698630137,,,,
Plethodon cinereus,Eastern red-backed salamander,Caudata,Plethodontidae,Plethodon,25.0,0.5,2.0,,9.9e-05,0.76,278.5
Plethodon dunni,Dunn's salamander,Caudata,Plethodontidae,Plethodon,11.0,,3.0,0.191780821917808,,,
Plethodon elongatus,Del Norte salamander,Caudata,Plethodontidae,Plethodon,13.3,,,,,,
Plethodon glutinosus,Northern slimy salamander,Caudata,Plethodontidae,Plethodon,20.1,4.2,2.49315068493151,,0.00191,4.2,288.0
Plethodon jordani,Red-cheeked salamander,Caudata,Plethodontidae,Plethodon,19.8,,4.0,,,,
Plethodon vehiculum,Western red-backed salamander,Caudata,Plethodontidae,Plethodon,11.1,,,,,,
Plethodon yonahlossee,Yonahlossee salamander,Caudata,Plethodontidae,Plethodon,,,3.0,,,,
Pseudotriton montanus,Mud salamander,Caudata,Plethodontidae,Pseudotriton,15.1,,3.75068493150685,,,,
Pseudotriton ruber,Red salamander,Caudata,Plethodontidae,Pseudotriton,20.1,,4.5,0.205479452054795,,,
Speleomantes italicus,Italian cave salamander,Caudata,Plethodontidae,Speleomantes,10.6,,3.5013698630137,0.832876712328767,,,
Necturus maculosus,Mudpuppy,Caudata,Proteidae,Necturus,34.0,,5.5,0.136986301369863,,,
Necturus punctatus,Dwarf waterdog,Caudata,Proteidae,Necturus,,,5.0,,,,
Proteus anguinus,Olm,Caudata,Proteidae,Proteus,102.0,17.0,11.2986301369863,0.364383561643836,,,
Calotriton asper,Pyrenean brook newt,Caudata,Salamandridae,Calotriton,26.0,,,,,,
Cynops ensicauda,Brown newt,Caudata,Salamandridae,Cynops,17.9,,,,,,
Cynops pyrrhogaster,Japanese firebelly newt,Caudata,Salamandridae,Cynops,25.0,,2.5013698630137,0.0547945205479452,,,
Ichthyosaura alpestris,Laureutis alpine salamander,Caudata,Salamandridae,Ichthyosaura,15.0,,3.5,,,,
Lissotriton boscai,Bosca's newt,Caudata,Salamandridae,Lissotriton,8.0,,,,,,
Lissotriton vulgaris,Smooth newt,Caudata,Salamandridae,Lissotriton,20.0,,2.5,,,,
Notophthalmus perstriatus,Striped newt,Caudata,Salamandridae,Notophthalmus,12.9,,1.33424657534247,,,,
Notophthalmus viridescens,Eastern newt,Caudata,Salamandridae,Notophthalmus,25.0,,5.47945205479452,,,,
Pachytriton brevipes,Tsitou newt,Caudata,Salamandridae,Pachytriton,6.5,,,,,,
Paramesotriton chinensis,Asian newt,Caudata,Salamandridae,Paramesotriton,10.3,,,,,,
Pleurodeles poireti,Algerian newt,Caudata,Salamandridae,Pleurodeles,14.0,,,,,,
Pleurodeles waltl,Iberian ribbed newt,Caudata,Salamandridae,Pleurodeles,19.5,,,0.0356164383561644,,,
Salamandra atra,Golden alpine salamander,Caudata,Salamandridae,Salamandra,17.0,,,,,,
Salamandra salamandra,European fire salamander,Caudata,Salamandridae,Salamandra,24.0,19.1,,,0.00857,19.1,288.0
Taricha granulosa,Rough-skinned newt,Caudata,Salamandridae,Taricha,,12.32,3.5013698630137,0.063013698630137,0.00518,12.2,288.0
Taricha rivularis,Red-bellied newt,Caudata,Salamandridae,Taricha,,,5.0,0.0493150684931507,,,
Taricha torosa,California newt,Caudata,Salamandridae,Taricha,21.8,,3.0,0.123287671232877,,,
Triturus carnifex,Italian crested newt,Caudata,Salamandridae,Triturus,11.0,,,,,,
Triturus cristatus,Northern crested newt,Caudata,Salamandridae,Triturus,28.0,,,0.0438356164383562,,,
Triturus marmoratus,Marbled newt,Caudata,Salamandridae,Triturus,25.0,,4.0,,,,
Tylototriton verrucosus,Mandarin salamander,Caudata,Salamandridae,Tylototriton,11.0,,4.0,,,,
Siren intermedia,Lesser siren,Caudata,Sirenidae,Siren,25.7,,2.0,0.164383561643836,,,
Siren lacertina,Greater siren,Caudata,Sirenidae,Siren,25.0,,,,,,
Dermophis mexicanus,Mexican burrowing caecilian,Gymnophiona,Caeciliidae,Dermophis,13.8,,,,,,
Typhlonectes compressicauda,Cayenne caecilian,Gymnophiona,Caeciliidae,Typhlonectes,4.9,,,,,,
Typhlonectes natans,Aquatic caecilian,Gymnophiona,Caeciliidae,Typhlonectes,,,,,,,
Ichthyophis kohtaoensis,Yellow-striped caecilian,Gymnophiona,Ichthyophiidae,Ichthyophis,7.3,,,,,,
Accipiter cooperii,Cooper's hawk,Accipitriformes,Accipitridae,Accipiter,20.3,526.64,2.0,0.0657534246575342,,,
Accipiter gentilis,Northern goshawk,Accipitriformes,Accipitridae,Accipiter,22.0,1044.2,1.5,0.0904109589041096,,,
Accipiter nisus,Eurasian sparrowhawk,Accipitriformes,Accipitridae,Accipiter,20.2,237.5,1.0,,0.9516,135.0,
Accipiter striatus,Sharp-shinned hawk,Accipitriformes,Accipitridae,Accipiter,19.9,135.0,1.0,0.0931506849315069,,,
Aegypius monachus,Cinereous vulture,Accipitriformes,Accipitridae,Aegypius,39.0,9625.0,,,,,
Aquila adalberti,Spanish imperial eagle,Accipitriformes,Accipitridae,Aquila,44.5,3000.0,,,,,
Aquila audax,Wedge-tailed eagle,Accipitriformes,Accipitridae,Aquila,40.0,3466.0,,,,,
Aquila chrysaetos,Golden eagle,Accipitriformes,Accipitridae,Aquila,48.0,4800.0,4.0,0.10958904109589,4.9929,3000.0,
Aquila fasciata,Bonelli's eagle,Accipitriformes,Accipitridae,Aquila,20.0,2000.0,,,,,
Aquila heliaca,Eastern imperical eagle,Accipitriformes,Accipitridae,Aquila,56.0,3262.0,,,,,
Aquila nipalensis,Steppe eagle,Accipitriformes,Accipitridae,Aquila,41.0,2745.5,,,,,
Aquila pomarina,Lesser spotted eagle,Accipitriformes,Accipitridae,Aquila,26.1,1370.0,,,,,
Aquila rapax,Tawny eagle,Accipitriformes,Accipitridae,Aquila,40.3,1996.1,,,,,
Butastur indicus,Grey-faced buzzard,Accipitriformes,Accipitridae,Butastur,8.5,415.0,,,,,
Buteo buteo,Buzzard,Accipitriformes,Accipitridae,Buteo,28.8,1012.0,2.0,,,,
Buteo jamaicensis,Red-tailed hawk,Accipitriformes,Accipitridae,Buteo,30.7,1362.0,2.0,0.0849315068493151,,,
Buteo lagopus,Rough-legged hawk,Accipitriformes,Accipitridae,Buteo,18.8,980.64,2.0,0.0794520547945206,,,
Buteo lineatus,Red-shouldered hawk,Accipitriformes,Accipitridae,Buteo,22.4,607.0,1.0,0.0904109589041096,2.11,658.0,
Buteo platypterus,Broad-winged hawk,Accipitriformes,Accipitridae,Buteo,18.3,454.0,1.0,0.0684931506849315,,,
Buteo regalis,Ferruginous hawk,Accipitriformes,Accipitridae,Buteo,23.7,1500.0,2.0,0.0876712328767123,,,
Buteo rufinus,Long-legged buzzard,Accipitriformes,Accipitridae,Buteo,,1174.5,,,,,
Buteo solitarius,Hawaiian hawk,Accipitriformes,Accipitridae,Buteo,17.0,505.0,,0.104109589041096,,,
Buteo swainsoni,Swainson's hawk,Accipitriformes,Accipitridae,Buteo,24.9,980.64,2.0,0.0849315068493151,,,
Buteogallus anthracinus,Common black hawk,Accipitriformes,Accipitridae,Buteogallus,13.5,837.0,2.0,0.104109589041096,,,
Circaetus cinereus,Brown snake eagle,Accipitriformes,Accipitridae,Circaetus,,2048.0,,,,,
Circaetus gallicus,Short-toed eagle,Accipitriformes,Accipitridae,Circaetus,17.3,1699.5,3.0,,,,
Circus aeruginosus,Swamp harrier,Accipitriformes,Accipitridae,Circus,20.1,711.5,2.0,,,,
Circus cyaneus,Northern harrier,Accipitriformes,Accipitridae,Circus,17.1,392.0,1.0,0.0849315068493151,,,
Circus macrourus,Pallid harrier,Accipitriformes,Accipitridae,Circus,13.5,388.5,,,,,
Circus pygargus,Montagu's harrier,Accipitriformes,Accipitridae,Circus,16.3,315.5,2.0,,,,
Elanus caeruleus,Black-winged kite,Accipitriformes,Accipitridae,Elanus,6.0,260.5,,,,,
Elanus leucurus,White-tailed kite,Accipitriformes,Accipitridae,Elanus,6.0,280.0,,0.0821917808219178,,,
Geranoaetus melanoleucus,Black-chested buzzard-eagle,Accipitriformes,Accipitridae,Geranoaetus,42.0,2447.5,,,5.1887,2860.0,
Gypaetus barbatus,Bearded vulture,Accipitriformes,Accipitridae,Gypaetus,40.0,5070.0,,,,,
Gypohierax angolensis,Palm-nut vulture,Accipitriformes,Accipitridae,Gypohierax,27.1,1600.0,,,,,
Gyps africanus,White-backed vulture,Accipitriformes,Accipitridae,Gyps,19.7,5433.0,,,,,
Gyps bengalensis,Bengal vulture,Accipitriformes,Accipitridae,Gyps,,4385.0,,,,,
Gyps fulvus,Eurasian griffon,Accipitriformes,Accipitridae,Gyps,41.4,7436.0,4.0,,,,
Haliaeetus albicilla,White-tailed sea-eagle,Accipitriformes,Accipitridae,Haliaeetus,42.0,6696.5,4.0,0.112328767123288,,,
Haliaeetus leucocephalus,Bald eagle,Accipitriformes,Accipitridae,Haliaeetus,48.0,3175.0,4.0,0.0958904109589041,,,
Harpia harpyja,Harpy eagle,Accipitriformes,Accipitridae,Harpia,16.8,4800.0,,,,,
Harpyopsis novaeguineae,New Guinea eagle,Accipitriformes,Accipitridae,Harpyopsis,30.0,,,,,,
Hieraaetus morphnoides,Little eagle,Accipitriformes,Accipitridae,Hieraaetus,10.3,791.0,,,,,
Ictinia mississippiensis,Mississippi kite,Accipitriformes,Accipitridae,Ictinia,11.2,266.0,1.0,0.0849315068493151,,,
Kaupifalco monogrammicus,Lizard buzzard,Accipitriformes,Accipitridae,Kaupifalco,8.6,280.5,,,,,
Lophoictinia isura,Square-tailed kite,Accipitriformes,Accipitridae,Lophoictinia,17.0,585.5,,,,,
Milvus migrans,Black kite,Accipitriformes,Accipitridae,Milvus,24.0,1000.0,3.0,,,,
Milvus milvus,Red kite,Accipitriformes,Accipitridae,Milvus,38.0,1080.0,3.0,,,,
Neophron percnopterus,Egyptian vulture,Accipitriformes,Accipitridae,Neophron,37.0,2082.0,,,,,
Parabuteo unicinctus,Harris's hawk,Accipitriformes,Accipitridae,Parabuteo,25.0,994.26,1.0,0.0931506849315069,,,
Pernis apivorus,Western honey-buzzard,Accipitriformes,Accipitridae,Pernis,29.0,758.0,3.0,,2.36428,652.0,
Pithecophaga jefferyi,Philippine eagle,Accipitriformes,Accipitridae,Pithecophaga,41.0,6500.0,6.0,0.172602739726027,,,
Rostrhamus sociabilis,Snail kite,Accipitriformes,Accipitridae,Rostrhamus,17.0,352.5,1.0,0.0821917808219178,,,
Terathopius ecaudatus,Bateleur,Accipitriformes,Accipitridae,Terathopius,55.0,2200.0,,,,,
Cathartes aura,Turkey vulture,Accipitriformes,Cathartidae,Cathartes,20.8,2200.0,11.0,0.106849315068493,,,
Coragyps atratus,Black vulture,Accipitriformes,Cathartidae,Coragyps,25.5,2270.0,8.0,0.0958904109589041,,,
Gymnogyps californianus,California condor,Accipitriformes,Cathartidae,Gymnogyps,45.0,11175.0,6.0,0.156164383561644,,,
Sarcoramphus papa,King vulture,Accipitriformes,Cathartidae,Sarcoramphus,40.0,3405.0,,0.156164383561644,,,
Vultur gryphus,Andean condor,Accipitriformes,Cathartidae,Vultur,79.0,10500.0,7.0,0.153424657534247,,,
Pandion haliaetus,Osprey,Accipitriformes,Pandionidae,Pandion,32.0,1362.0,3.0,0.104109589041096,,,
Aix galericulata,Mandarin duck,Anseriformes,Anatidae,Aix,10.4,570.0,,0.0794520547945206,,,
Aix sponsa,Wood duck,Anseriformes,Anatidae,Aix,22.5,452.8,1.0,0.0849315068493151,2.247,448.0,
Alopochen aegyptiaca,Egyptian goose,Anseriformes,Anatidae,Alopochen,25.5,1900.0,2.0,0.0794520547945206,,,
Anas acuta,Northern pintail,Anseriformes,Anatidae,Anas,27.4,721.0,0.657534246575342,0.0602739726027397,,,
Anas americana,American wigeon,Anseriformes,Anatidae,Anas,21.3,793.8,1.0,0.063013698630137,,,
Anas bahamensis,White-cheeked pintail,Anseriformes,Anatidae,Anas,,491.7,,,,,
Anas clypeata,Northern shoveler,Anseriformes,Anatidae,Anas,22.6,613.0,0.657534246575342,0.063013698630137,3.9209,554.0,
Anas crecca,Green-winged teal,Anseriformes,Anatidae,Anas,27.1,343.8,0.493150684931507,0.0602739726027397,1.68388,250.0,
Anas cyanoptera,Cinnamon teal,Anseriformes,Anatidae,Anas,12.9,411.0,1.0,0.063013698630137,,,
Anas discors,Blue-winged teal,Anseriformes,Anatidae,Anas,23.2,420.0,0.657534246575342,0.0657534246575342,,,
Anas fulvigula,Mottled duck,Anseriformes,Anatidae,Anas,20.0,950.0,1.0,0.0712328767123288,,,
Anas laysanensis,Laysan duck,Anseriformes,Anatidae,Anas,12.0,500.0,1.0,0.0767123287671233,,,
Anas penelope,Eurasian wigeon,Anseriformes,Anatidae,Anas,35.2,660.0,1.0,0.0657534246575342,2.8538,723.0,
Anas platyrhynchos,Mallard,Anseriformes,Anatidae,Anas,29.1,1048.1,1.0,0.0712328767123288,4.068,1020.0,
Anas querquedula,Garganey,Anseriformes,Anatidae,Anas,14.7,326.0,1.0,,,,
Anas rubripes,American black duck,Anseriformes,Anatidae,Anas,26.6,998.7,1.0,0.0767123287671233,3.6076,904.0,
Anas strepera,Gadwall,Anseriformes,Anatidae,Anas,28.0,791.0,0.657534246575342,0.0712328767123288,,,
Anser albifrons,Greater white-fronted goose,Anseriformes,Anatidae,Anser,47.0,2681.0,3.0,0.073972602739726,,,
Anser anser,Greylag goose,Anseriformes,Anatidae,Anser,31.0,3308.5,3.0,,,,
Anser brachyrhynchus,Pink-footed goose,Anseriformes,Anatidae,Anser,40.9,2645.0,3.0,,,,
Anser fabalis,Bean goose,Anseriformes,Anatidae,Anser,25.6,3348.0,3.0,0.0767123287671233,,,
Aythya affinis,Lesser scaup,Anseriformes,Anatidae,Aythya,18.3,787.0,1.0,0.0657534246575342,,,
Aythya americana,Redhead,Anseriformes,Anatidae,Aythya,22.6,1077.3,1.0,0.0712328767123288,,,
Aythya collaris,Ring-necked duck,Anseriformes,Anatidae,Aythya,20.4,737.0,1.0,0.073972602739726,,,
Aythya ferina,Common pochard,Anseriformes,Anatidae,Aythya,23.2,823.0,1.0,,,,
Aythya fuligula,Tufted duck,Anseriformes,Anatidae,Aythya,45.2,701.5,1.0,,,,
Aythya marila,Greater scaup,Anseriformes,Anatidae,Aythya,22.1,928.5,1.0,0.0712328767123288,,,
Aythya valisineria,Canvasback,Anseriformes,Anatidae,Aythya,29.5,1208.8,0.657534246575342,0.0657534246575342,,,
Branta bernicla,Brent goose,Anseriformes,Anatidae,Branta,28.8,1163.2,2.0,0.0657534246575342,,,
Branta canadensis,Canada goose,Anseriformes,Anatidae,Branta,42.0,3200.0,2.0,0.0712328767123288,,,
Branta hutchinsii,Cackling goose,Anseriformes,Anatidae,Branta,18.3,1940.1,,,,,
Branta leucopsis,Barnacle goose,Anseriformes,Anatidae,Branta,28.2,1687.0,2.0,,,,
Branta sandvicensis,Hawaiian goose,Anseriformes,Anatidae,Branta,42.0,2150.0,2.24931506849315,0.0821917808219178,,,
Bucephala albeola,Bufflehead,Anseriformes,Anatidae,Bucephala,18.7,400.0,2.0,0.0821917808219178,,,
Bucephala clangula,Common goldeneye,Anseriformes,Anatidae,Bucephala,18.4,895.86,2.0,0.0821917808219178,,,
Bucephala islandica,Barrow's goldeneye,Anseriformes,Anatidae,Bucephala,18.0,957.15,2.0,0.0794520547945206,,,
Callonetta leucophrys,Ringed teal,Anseriformes,Anatidae,Callonetta,,365.5,1.0,,,,
Cereopsis novaehollandiae,Cape barren goose,Anseriformes,Anatidae,Cereopsis,28.1,3980.0,,,,,
Chen caerulescens,Snow goose,Anseriformes,Anatidae,Chen,27.5,2806.65,2.0,0.0657534246575342,,,
Chen canagica,Emperor goose,Anseriformes,Anatidae,Chen,12.0,2148.0,1.0,0.0657534246575342,,,
Chen rossii,Ross's goose,Anseriformes,Anatidae,Chen,22.5,1715.0,1.56164383561644,0.0575342465753425,,,
Clangula hyemalis,Oldsquaw,Anseriformes,Anatidae,Clangula,22.7,872.0,2.0,0.0657534246575342,,,
Cygnus atratus,Black swan,Anseriformes,Anatidae,Cygnus,,5650.0,2.24931506849315,,,,
Cygnus buccinator,Trumpeter swan,Anseriformes,Anatidae,Cygnus,32.5,13000.0,2.0,0.0958904109589041,,,
Cygnus columbianus,Tundra swan,Anseriformes,Anatidae,Cygnus,24.1,6350.0,2.0,0.0849315068493151,,,
Cygnus cygnus,Whooper swan,Anseriformes,Anatidae,Cygnus,26.5,9350.0,4.0,,,,
Cygnus olor,Mute swan,Anseriformes,Anatidae,Cygnus,70.0,8300.0,3.0,0.0986301369863014,,,
Dendrocygna autumnalis,Black-bellied whistling duck,Anseriformes,Anatidae,Dendrocygna,8.2,828.0,1.0,0.073972602739726,,,
Dendrocygna bicolor,Fulvous whistling duck,Anseriformes,Anatidae,Dendrocygna,11.2,737.1,1.0,0.0684931506849315,,,
Dendrocygna viduata,White-faced whistling duck,Anseriformes,Anatidae,Dendrocygna,12.0,610.0,,0.073972602739726,,,
Histrionicus histrionicus,Harlequin duck,Anseriformes,Anatidae,Histrionicus,14.6,561.25,1.0,0.0767123287671233,,,
Lophodytes cucullatus,Hooded merganser,Anseriformes,Anatidae,Lophodytes,15.7,634.375,2.0,0.0849315068493151,,,
Melanitta fusca,White-winged scoter,Anseriformes,Anatidae,Melanitta,21.4,1360.8,2.0,0.0767123287671233,,,
Melanitta nigra,Black scoter,Anseriformes,Anatidae,Melanitta,16.8,1052.2,2.0,0.0794520547945206,,,
Melanitta perspicillata,Surf scoter,Anseriformes,Anatidae,Melanitta,9.5,1097.5,2.0,,,,
Mergellus albellus,Smew,Anseriformes,Anatidae,Mergellus,10.0,610.0,,,,,
Mergus merganser,Common merganser,Anseriformes,Anatidae,Mergus,14.8,1445.0,2.0,0.0821917808219178,,,
Mergus serrator,Red-breasted merganser,Anseriformes,Anatidae,Mergus,21.3,1020.6,2.0,0.0876712328767123,,,
Netta rufina,Red-crested pochard,Anseriformes,Anatidae,Netta,8.8,1118.0,1.0,,,,
Oxyura australis,Blue-billed duck,Anseriformes,Anatidae,Oxyura,16.0,798.0,,,,,
Oxyura jamaicensis,Ruddy duck,Anseriformes,Anatidae,Oxyura,13.6,542.0,1.0,0.063013698630137,,,
Plectropterus gambensis,Spur-winged goose,Anseriformes,Anatidae,Plectropterus,11.3,3869.0,,,,,
Polysticta stelleri,Steller's eider,Anseriformes,Anatidae,Polysticta,23.0,907.2,2.0,0.0712328767123288,,,
Somateria fischeri,Spectacled eider,Anseriformes,Anatidae,Somateria,18.0,1558.0,2.0,,,,
Somateria mollissima,Common eider,Anseriformes,Anatidae,Somateria,37.8,2130.0,2.0,0.0767123287671233,,,
Somateria spectabilis,King eider,Anseriformes,Anatidae,Somateria,18.9,1617.0,2.0,0.063013698630137,,,
Tadorna tadorna,Common shelduck,Anseriformes,Anatidae,Tadorna,24.8,1152.0,2.0,,,,
Aeronautes saxatalis,White-throated swift,Apodiformes,Apodidae,Aeronautes,10.0,31.0,,0.0657534246575342,,,
Apus apus,Common swift,Apodiformes,Apodidae,Apus,21.1,37.6,2.0,,0.4372,44.9,
Apus melba,Alpine swift,Apodiformes,Apodidae,Apus,26.0,102.7,2.0,,,,
Chaetura pelagica,Chimney swift,Apodiformes,Apodidae,Chaetura,15.0,22.8,1.0,0.0547945205479452,,,
Chaetura vauxi,Vaux's swift,Apodiformes,Apodidae,Chaetura,,17.0,1.0,0.0520547945205479,,,
Cypseloides niger,Black swift,Apodiformes,Apodidae,Cypseloides,16.1,45.0,1.0,0.0657534246575342,,,
Amazilia violiceps,Violet-crowned hummingbird,Apodiformes,Trochilidae,Amazilia,6.1,,,,,,
Amazilia yucatanensis,Buff-bellied hummingbird,Apodiformes,Trochilidae,Amazilia,11.2,3.9,,,,,
Archilochus alexandri,Black-chinned hummingbird,Apodiformes,Trochilidae,Archilochus,11.2,3.0,1.0,,,,
Archilochus colubris,Ruby-throated hummingbird,Apodiformes,Trochilidae,Archilochus,9.1,3.1,1.0,0.0356164383561644,0.07832,3.2,
Calothorax lucifer,Lucifer hummingbird,Apodiformes,Trochilidae,Calothorax,4.1,3.3,,0.0410958904109589,,,
Calypte anna,Anna's hummingbird,Apodiformes,Trochilidae,Calypte,8.5,4.4,1.0,0.0438356164383562,0.1175,4.8,
Calypte costae,Costa's hummingbird,Apodiformes,Trochilidae,Calypte,6.0,3.1,,0.0438356164383562,,,
Cynanthus latirostris,Broad-billed hummingbird,Apodiformes,Trochilidae,Cynanthus,8.8,3.3,1.0,0.0465753424657534,,,
Eugenes fulgens,Magnificent hummingbird,Apodiformes,Trochilidae,Eugenes,11.0,8.1,1.0,0.0383561643835616,,,
Lampornis clemenciae,Blue-throated hummingbird,Apodiformes,Trochilidae,Lampornis,12.0,7.6,1.0,0.0493150684931507,,,
Lamprolaima rhami,Garnet-throated hummingbird,Apodiformes,Trochilidae,Lamprolaima,8.0,7.8,,,,,
Selasphorus platycercus,Broad-tailed hummingbird,Apodiformes,Trochilidae,Selasphorus,14.0,4.2,1.0,0.0438356164383562,,,
Selasphorus rufus,Rufous hummingbird,Apodiformes,Trochilidae,Selasphorus,8.9,3.5,1.0,0.0438356164383562,0.06853,3.8,
Selasphorus sasin,Allen's hummingbird,Apodiformes,Trochilidae,Selasphorus,,3.0,2.0,0.0438356164383562,0.06853,3.7,
Stellula calliope,Calliope hummingbird,Apodiformes,Trochilidae,Stellula,7.0,2.6,1.0,0.0410958904109589,0.06853,3.0,
Apteryx australis,Brown kiwi,Apterygiformes,Apterygidae,Apteryx,35.0,2600.0,,0.205479452054795,4.029,2380.0,
Buceros bicornis,Great hornbill,Bucerotiformes,Bucerotidae,Buceros,33.4,2798.5,,,,,
Bycanistes subcylindricus,Grey-cheeked hornbill,Bucerotiformes,Bucerotidae,Bycanistes,31.8,1250.0,,,,,
Ceratogymna atrata,Black-casqued hornbill,Bucerotiformes,Bucerotidae,Ceratogymna,19.3,1203.5,,,,,
Bucorvus leadbeateri,Southern ground hornbill,Bucerotiformes,Bucorvidae,Bucorvus,70.0,3767.5,,,,,
Upupa epops,Eurasian hoopoe,Bucerotiformes,Upupidae,Upupa,11.1,67.1,1.0,,,,
Caprimulgus carolinensis,Chuck-will's-widow,Caprimulgiformes,Caprimulgidae,Caprimulgus,14.8,115.0,,0.0547945205479452,,,
Caprimulgus europaeus,Eurasian nightjar,Caprimulgiformes,Caprimulgidae,Caprimulgus,11.9,67.0,1.0,,,,
Caprimulgus ruficollis,Red-necked nightjar,Caprimulgiformes,Caprimulgidae,Caprimulgus,13.2,68.5,,,,,
Caprimulgus vociferus,Whip-poor-will,Caprimulgiformes,Caprimulgidae,Caprimulgus,15.0,54.0,,0.0520547945205479,,,
Chordeiles minor,Common nighthawk,Caprimulgiformes,Caprimulgidae,Chordeiles,10.0,79.3,,0.0520547945205479,0.4421,72.0,
Phalaenoptilus nuttallii,Common poorwill,Caprimulgiformes,Caprimulgidae,Phalaenoptilus,,37.5,1.0,0.0547945205479452,0.1566,35.0,
Casuarius bennetti,Dwarf cassowary,Casuariiformes,Casuariidae,Casuarius,26.0,35000.0,,,,,
Casuarius casuarius,Southern cassowary,Casuariiformes,Casuariidae,Casuarius,30.0,44000.0,,,,,
Casuarius unappendiculatus,Northern cassowary,Casuariiformes,Casuariidae,Casuarius,22.0,47300.0,,,,,
Dromaius novaehollandiae,Emu,Casuariiformes,Dromaiidae,Dromaius,16.6,38925.0,,,,,
Aethia cristatella,Crested auklet,Charadriiformes,Alcidae,Aethia,10.8,289.0,3.0,0.0931506849315069,,,
Aethia pusilla,Least auklet,Charadriiformes,Alcidae,Aethia,8.1,96.0,3.0,0.0821917808219178,,,
Aethia pygmaea,Whiskered auklet,Charadriiformes,Alcidae,Aethia,15.0,120.0,3.0,,,,
Alca torda,Razorbill,Charadriiformes,Alcidae,Alca,42.0,726.0,4.0,0.0986301369863014,,,
Brachyramphus marmoratus,Marbled murrelet,Charadriiformes,Alcidae,Brachyramphus,10.0,222.0,2.0,,,,
Cepphus columba,Pigeon guillemot,Charadriiformes,Alcidae,Cepphus,15.2,483.8,3.0,0.0849315068493151,,,
Cepphus grylle,Black guillemot,Charadriiformes,Alcidae,Cepphus,29.9,427.5,3.0,0.0684931506849315,,,
Cerorhinca monocerata,Rhinoceros auklet,Charadriiformes,Alcidae,Cerorhinca,28.2,544.1,3.0,0.123287671232877,,,
Fratercula arctica,Atlantic puffin,Charadriiformes,Alcidae,Fratercula,40.8,490.5,4.0,0.115068493150685,,,
Ptychoramphus aleuticus,Cassin's auklet,Charadriiformes,Alcidae,Ptychoramphus,16.2,184.0,2.0,,,,
Synthliboramphus antiquus,Ancient murrelet,Charadriiformes,Alcidae,Synthliboramphus,,223.6,2.0,0.0904109589041096,,,
Synthliboramphus hypoleucus,Xantus' murrelet,Charadriiformes,Alcidae,Synthliboramphus,15.0,167.0,2.0,0.0931506849315069,,,
Uria aalge,Common murre,Charadriiformes,Alcidae,Uria,42.8,992.0,5.0,0.0849315068493151,6.8224,956.0,
Uria lomvia,Thick-billed murre,Charadriiformes,Alcidae,Uria,29.0,964.0,5.4013698630137,0.0904109589041096,6.8224,989.0,
Burhinus oedicnemus,Eurasian thick-knee,Charadriiformes,Burhinidae,Burhinus,17.9,459.0,,,,,
Charadrius alexandrinus,Snowy plover,Charadriiformes,Charadriidae,Charadrius,19.0,37.0,0.878082191780822,0.0657534246575342,,,
Charadrius dubius,Little ringed plover,Charadriiformes,Charadriidae,Charadrius,13.0,38.7,2.0,,0.416,36.0,
Charadrius hiaticula,Common ringed plover,Charadriiformes,Charadriidae,Charadrius,20.8,64.0,1.0,,,,
Charadrius melodus,Piping plover,Charadriiformes,Charadriidae,Charadrius,14.0,49.0,1.0,0.0767123287671233,,,
Charadrius montanus,Mountain plover,Charadriiformes,Charadriidae,Charadrius,10.0,100.0,1.0,,,,
Charadrius morinellus,Eurasian dotterel,Charadriiformes,Charadriidae,Charadrius,11.8,108.5,,,,,
Charadrius semipalmatus,Semipalmated plover,Charadriiformes,Charadriidae,Charadrius,9.2,52.0,2.4986301369863,0.0657534246575342,,,
Charadrius vociferus,Killdeer,Charadriiformes,Charadriidae,Charadrius,10.9,88.0,1.0,0.0657534246575342,,,
Pluvialis apricaria,European golden-plover and greater golden-plover,Charadriiformes,Charadriidae,Pluvialis,12.8,214.0,2.0,,,,
Pluvialis dominica,American golden plover,Charadriiformes,Charadriidae,Pluvialis,13.0,118.0,1.0,0.0712328767123288,,,
Pluvialis fulva,Pacific golden-plover,Charadriiformes,Charadriidae,Pluvialis,21.3,135.0,1.0,,,,
Pluvialis squatarola,Black-bellied plover,Charadriiformes,Charadriidae,Pluvialis,25.6,224.0,2.0,0.073972602739726,,,
Vanellus armatus,Blacksmith lapwing,Charadriiformes,Charadriidae,Vanellus,18.6,156.0,,0.0794520547945206,,,
Vanellus spinosus,Spur-winged lapwing,Charadriiformes,Charadriidae,Vanellus,17.0,188.0,,,,,
Vanellus vanellus,Northern lapwing,Charadriiformes,Charadriidae,Vanellus,24.5,218.5,2.0,0.0657534246575342,,,
Haematopus bachmani,Black oystercatcher,Charadriiformes,Haematopodidae,Haematopus,16.0,670.0,5.0,0.0712328767123288,,,
Haematopus ostralegus,Eurasian oystercatcher,Charadriiformes,Haematopodidae,Haematopus,43.3,480.0,3.0,,2.91,449.0,
Haematopus palliatus,American oystercatcher,Charadriiformes,Haematopodidae,Haematopus,17.0,565.0,3.0,0.073972602739726,,,
Anous minutus,Black noddy,Charadriiformes,Laridae,Anous,27.1,110.4,2.0,0.0931506849315069,,,
Anous stolidus,Noddy tern,Charadriiformes,Laridae,Anous,26.2,178.0,3.5,0.0958904109589041,0.788095,138.7,
Chlidonias niger,Black tern,Charadriiformes,Laridae,Chlidonias,21.0,60.0,2.0,0.0575342465753425,,,
Chroicocephalus genei,Slender-billed gull,Charadriiformes,Laridae,Chroicocephalus,31.7,281.0,2.0,,,,
Chroicocephalus ridibundus,Black-headed gull,Charadriiformes,Laridae,Chroicocephalus,32.9,306.0,2.0,0.0602739726027397,,,
Gelochelidon nilotica,Gull-billed tern,Charadriiformes,Laridae,Gelochelidon,16.0,221.0,5.0,0.0602739726027397,,,
Gygis alba,Fairy tern,Charadriiformes,Laridae,Gygis,35.9,98.1,4.83287671232877,0.0986301369863014,0.82236,98.1,
Hydrocoloeus minutus,Little gull,Charadriiformes,Laridae,Hydrocoloeus,20.9,119.0,2.0,0.0575342465753425,,,
Hydroprogne caspia,Caspian tern,Charadriiformes,Laridae,Hydroprogne,30.0,644.0,3.0,0.0575342465753425,,,
Ichthyaetus audouinii,Audouin's gull,Charadriiformes,Laridae,Ichthyaetus,20.9,535.0,3.0,,,,
Ichthyaetus ichthyaetus,Great black-headed gull,Charadriiformes,Laridae,Ichthyaetus,,1394.0,3.0,,,,
Ichthyaetus melanocephalus,Mediterranean gull,Charadriiformes,Laridae,Ichthyaetus,22.1,256.0,3.0,,,,
Larosterna inca,Inca tern,Charadriiformes,Laridae,Larosterna,26.0,219.0,,0.0767123287671233,,,
Larus argentatus,Herring gull,Charadriiformes,Laridae,Larus,49.0,1094.0,4.5,0.0712328767123288,4.817,1000.0,
Larus cachinnans,Caspian gull,Charadriiformes,Laridae,Larus,31.9,1117.2,4.0,,,,
Larus californicus,California gull,Charadriiformes,Laridae,Larus,30.0,691.0,3.0,0.0684931506849315,,,
Larus canus,Mew gull,Charadriiformes,Laridae,Larus,33.7,430.6,2.5,0.063013698630137,2.257,431.0,
Larus delawarensis,Ring-billed gull,Charadriiformes,Laridae,Larus,31.8,518.5,2.0,0.0575342465753425,2.91742,439.0,
Larus fuscus,Lesser black-backed gull,Charadriiformes,Laridae,Larus,34.9,766.2,4.0,,,,
Larus glaucescens,Glaucous-winged gull,Charadriiformes,Laridae,Larus,32.0,908.0,,0.073972602739726,,,
Larus glaucoides,Iceland gull,Charadriiformes,Laridae,Larus,33.0,945.5,4.0,0.0684931506849315,,,
Larus heermanni,Heermann's gull,Charadriiformes,Laridae,Larus,24.0,500.0,,,,,
Larus hyperboreus,Glaucous gull,Charadriiformes,Laridae,Larus,21.1,1210.0,4.0,0.073972602739726,,,
Larus marinus,Great black-backed gull,Charadriiformes,Laridae,Larus,29.2,1658.5,5.0,0.073972602739726,,,
Larus michahellis,Yellow-legged gull,Charadriiformes,Laridae,Larus,19.2,,,,,,
Larus occidentalis,Western gull,Charadriiformes,Laridae,Larus,33.9,931.5,4.5,0.073972602739726,3.43629,761.0,
Larus pacificus,Pacific gull,Charadriiformes,Laridae,Larus,14.5,1313.5,,,,,
Leucophaeus atricilla,Laughing gull,Charadriiformes,Laridae,Leucophaeus,22.0,275.6,,0.0657534246575342,,,
Leucophaeus pipixcan,Franklin's gull,Charadriiformes,Laridae,Leucophaeus,,263.3,2.0,0.0657534246575342,,,
Onychoprion anaethetus,Bridled tern,Charadriiformes,Laridae,Onychoprion,17.9,133.3,,,,,
Onychoprion fuscatus,Sooty tern,Charadriiformes,Laridae,Onychoprion,35.8,148.0,4.0,0.0767123287671233,,,
Onychoprion lunatus,Gray-backed tern,Charadriiformes,Laridae,Onychoprion,25.8,131.7,5.0,,,,
Pagophila eburnea,Ivory gull,Charadriiformes,Laridae,Pagophila,23.9,550.0,2.0,0.0684931506849315,,,
Procelsterna cerulea,Blue-gray noddy,Charadriiformes,Laridae,Procelsterna,15.0,53.0,,,,,
Rissa brevirostris,Red-legged kittiwake,Charadriiformes,Laridae,Rissa,27.0,377.0,,,,,
Rissa tridactyla,Black-legged kittiwake,Charadriiformes,Laridae,Rissa,28.5,317.0,4.0,0.073972602739726,,,
Rynchops niger,Black skimmer,Charadriiformes,Laridae,Rynchops,20.2,315.0,2.0,0.063013698630137,,,
Sterna dougallii,Roseate tern,Charadriiformes,Laridae,Sterna,25.7,112.0,3.0,0.063013698630137,,,
Sterna forsteri,Forster's tern,Charadriiformes,Laridae,Sterna,15.8,158.0,2.0,0.063013698630137,,,
Sterna hirundo,Common tern,Charadriiformes,Laridae,Sterna,33.0,120.0,3.0,0.0657534246575342,,,
Sterna paradisaea,Arctic tern,Charadriiformes,Laridae,Sterna,34.0,100.0,3.0,0.0575342465753425,,,
Sternula albifrons,Little tern,Charadriiformes,Laridae,Sternula,23.9,31.0,2.0,0.0575342465753425,,,
Sternula antillarum,Least tern,Charadriiformes,Laridae,Sternula,24.1,40.0,3.0,0.0575342465753425,,,
Thalasseus elegans,Elegant tern,Charadriiformes,Laridae,Thalasseus,20.9,251.0,3.0,0.0712328767123288,,,
Thalasseus maximus,Royal tern,Charadriiformes,Laridae,Thalasseus,28.6,373.0,3.0,0.0767123287671233,,,
Thalasseus sandvicensis,Sandwich tern,Charadriiformes,Laridae,Thalasseus,30.8,250.0,3.0,0.0602739726027397,,,
Himantopus himantopus,Black-winged stilt,Charadriiformes,Recurvirostridae,Himantopus,10.2,161.0,,,,,
Himantopus mexicanus,Black-necked (Hawaiian) stilt,Charadriiformes,Recurvirostridae,Himantopus,19.1,186.0,1.0,0.0684931506849315,,,
Recurvirostra americana,American avocet,Charadriiformes,Recurvirostridae,Recurvirostra,,340.0,1.0,0.0657534246575342,,,
Recurvirostra avosetta,Pied avocet,Charadriiformes,Recurvirostridae,Recurvirostra,27.8,304.0,2.0,,,,
Actitis hypoleucos,Common sandpiper,Charadriiformes,Scolopacidae,Actitis,14.5,48.0,1.0,,,,
Actitis macularius,Spotted sandpiper,Charadriiformes,Scolopacidae,Actitis,12.0,34.0,1.0,0.0547945205479452,,,
Arenaria interpres,Ruddy turnstone,Charadriiformes,Scolopacidae,Arenaria,22.3,136.0,2.0,0.0602739726027397,0.92,90.0,
Bartramia longicauda,Upland sandpiper,Charadriiformes,Scolopacidae,Bartramia,8.9,141.0,,0.0602739726027397,,,
Calidris alba,Sanderling,Charadriiformes,Scolopacidae,Calidris,18.6,50.0,2.0,0.073972602739726,,,
Calidris alpina,Dunlin,Charadriiformes,Scolopacidae,Calidris,28.8,52.5,2.0,0.0575342465753425,,,
Calidris canutus,Red knot,Charadriiformes,Scolopacidae,Calidris,27.3,135.0,3.0,0.0602739726027397,,,
Calidris ferruginea,Curlew sandpiper,Charadriiformes,Scolopacidae,Calidris,19.7,58.1,3.0,,,,
Calidris fuscicollis,White-rumped sandpiper,Charadriiformes,Scolopacidae,Calidris,,42.0,1.0,0.0602739726027397,,,
Calidris himantopus,Stilt sandpiper,Charadriiformes,Scolopacidae,Calidris,11.1,57.3,2.0,,,,
Calidris maritima,Purple sandpiper,Charadriiformes,Scolopacidae,Calidris,20.8,65.2,3.0,0.0602739726027397,,,
Calidris mauri,Western sandpiper,Charadriiformes,Scolopacidae,Calidris,9.2,26.19,2.0,0.0575342465753425,,,
Calidris melanotos,Pectoral sandpiper,Charadriiformes,Scolopacidae,Calidris,,85.0,1.0,0.0602739726027397,,,
Calidris minuta,Little stint,Charadriiformes,Scolopacidae,Calidris,14.7,21.1,2.0,,,,
Calidris minutilla,Least sandpiper,Charadriiformes,Scolopacidae,Calidris,16.0,26.0,1.0,0.0547945205479452,,,
Calidris ptilocnemis,Rock sandpiper,Charadriiformes,Scolopacidae,Calidris,,84.0,1.0,0.0547945205479452,,,
Calidris pusilla,Semipalmated sandpiper,Charadriiformes,Scolopacidae,Calidris,19.3,27.0,1.0,0.0547945205479452,,,
Calidris temminckii,Temminck's stint,Charadriiformes,Scolopacidae,Calidris,12.9,23.0,,,,,
Gallinago delicata,Wilson's snipe,Charadriiformes,Scolopacidae,Gallinago,9.2,122.0,,,,,
Gallinago gallinago,Common snipe,Charadriiformes,Scolopacidae,Gallinago,18.2,131.6,1.0,0.0520547945205479,,,
Limicola falcinellus,Broad-billed sandpiper,Charadriiformes,Scolopacidae,Limicola,6.8,37.1,,,,,
Limnodromus griseus,Short-billed dowitcher,Charadriiformes,Scolopacidae,Limnodromus,13.3,105.0,1.0,0.0575342465753425,,,
Limnodromus scolopaceus,Long-billed dowitcher,Charadriiformes,Scolopacidae,Limnodromus,13.2,130.0,,0.0547945205479452,,,
Limosa fedoa,Marbled godwit,Charadriiformes,Scolopacidae,Limosa,13.7,336.0,3.0,0.0657534246575342,,,
Limosa lapponica,Bar-tailed godwit,Charadriiformes,Scolopacidae,Limosa,34.0,322.0,2.0,0.0575342465753425,,,
Limosa limosa,Black-tailed godwit,Charadriiformes,Scolopacidae,Limosa,23.6,294.0,2.0,,,,
Lymnocryptes minimus,Jack snipe,Charadriiformes,Scolopacidae,Lymnocryptes,12.3,50.2,1.0,,,,
Numenius arquata,Eurasian curlew,Charadriiformes,Scolopacidae,Numenius,31.8,728.0,2.0,,,,
Numenius phaeopus,Whimbrel,Charadriiformes,Scolopacidae,Numenius,24.2,365.7,2.0,0.0602739726027397,,,
Numenius tahitiensis,Bristle-thighed curlew,Charadriiformes,Scolopacidae,Numenius,23.8,408.6,2.91780821917808,,,,
Phalaropus lobatus,Red-necked phalarope,Charadriiformes,Scolopacidae,Phalaropus,12.9,33.8,1.0,,,,
Phalaropus tricolor,Wilson's phalarope,Charadriiformes,Scolopacidae,Phalaropus,10.0,57.0,,0.063013698630137,,,
Philomachus pugnax,Ruff,Charadriiformes,Scolopacidae,Philomachus,13.9,136.0,2.0,,,,
Scolopax minor,American woodcock,Charadriiformes,Scolopacidae,Scolopax,20.9,197.5,0.821917808219178,0.0547945205479452,1.066,156.7,
Scolopax rusticola,Eurasian woodcock,Charadriiformes,Scolopacidae,Scolopax,15.5,308.3,1.0,,2.16,430.0,
Tringa erythropus,Spotted redshank,Charadriiformes,Scolopacidae,Tringa,8.6,158.0,1.0,,,,
Tringa flavipes,Lesser yellowlegs,Charadriiformes,Scolopacidae,Tringa,,80.65,1.0,0.063013698630137,,,
Tringa glareola,Wood sandpiper,Charadriiformes,Scolopacidae,Tringa,11.6,62.5,1.0,,,,
Tringa nebularia,Common greenshank,Charadriiformes,Scolopacidae,Tringa,24.4,187.0,1.0,,,,
Tringa ochropus,Green sandpiper,Charadriiformes,Scolopacidae,Tringa,11.5,90.0,1.0,,,,
Tringa semipalmata,Willet,Charadriiformes,Scolopacidae,Tringa,12.6,270.0,2.0,0.0602739726027397,,,
Tringa stagnatilis,Marsh sandpiper,Charadriiformes,Scolopacidae,Tringa,7.1,77.5,,,,,
Tringa totanus,Common redshank,Charadriiformes,Scolopacidae,Tringa,26.9,149.0,1.0,,,,
Xenus cinereus,Terek sandpiper,Charadriiformes,Scolopacidae,Xenus,16.0,78.8,,,,,
Stercorarius antarcticus,Brown skua,Charadriiformes,Stercorariidae,Stercorarius,28.8,1687.0,,,,,
Stercorarius longicaudus,Long-tailed jaeger,Charadriiformes,Stercorariidae,Stercorarius,14.0,298.0,,0.063013698630137,,,
Stercorarius maccormicki,South polar skua,Charadriiformes,Stercorariidae,Stercorarius,23.5,1349.0,,,,,
Stercorarius parasiticus,Parasidic jaeger,Charadriiformes,Stercorariidae,Stercorarius,31.1,445.5,3.28767123287671,0.0712328767123288,,,
Stercorarius skua,Great skua,Charadriiformes,Stercorariidae,Stercorarius,34.5,1340.0,6.0,,,,
Anastomus lamelligerus,African openbill,Ciconiiformes,Ciconiidae,Anastomus,,1081.0,,,,,
Anastomus oscitans,Asian openbill,Ciconiiformes,Ciconiidae,Anastomus,18.0,,,,,,
Ciconia abdimii,Abdim's stork,Ciconiiformes,Ciconiidae,Ciconia,21.6,1398.0,,,,,
Ciconia boyciana,Oriental white stork,Ciconiiformes,Ciconiidae,Ciconia,48.1,4850.5,,,,,
Ciconia ciconia,European white stork,Ciconiiformes,Ciconiidae,Ciconia,39.0,3350.0,4.0,0.0904109589041096,,,
Ciconia episcopus,Woolly-necked stork,Ciconiiformes,Ciconiidae,Ciconia,30.2,2061.0,,,,,
Ciconia maguari,Maguari stork,Ciconiiformes,Ciconiidae,Ciconia,20.4,4000.0,,,,,
Ciconia nigra,Black stork,Ciconiiformes,Ciconiidae,Ciconia,31.3,2926.0,,,,,
Ephippiorhynchus asiaticus,Black-necked stork,Ciconiiformes,Ciconiidae,Ephippiorhynchus,34.0,4100.0,,,,,
Ephippiorhynchus senegalensis,Saddle-billed stork,Ciconiiformes,Ciconiidae,Ephippiorhynchus,30.2,6162.5,,,,,
Jabiru mycteria,Jabiru,Ciconiiformes,Ciconiidae,Jabiru,27.4,5470.0,,,,,
Leptoptilos crumeniferus,Marabou,Ciconiiformes,Ciconiidae,Leptoptilos,44.7,8000.0,4.0,0.0821917808219178,,,
Leptoptilos dubius,Greater adjutant,Ciconiiformes,Ciconiidae,Leptoptilos,43.0,,,,,,
Leptoptilos javanicus,Lesser adjutant,Ciconiiformes,Ciconiidae,Leptoptilos,31.1,5710.0,,,,,
Mycteria americana,Wood stork,Ciconiiformes,Ciconiidae,Mycteria,27.0,2500.0,4.0,0.0821917808219178,,,
Mycteria cinerea,Milky stork,Ciconiiformes,Ciconiidae,Mycteria,12.4,,,,,,
Mycteria ibis,Yellow-billed stork,Ciconiiformes,Ciconiidae,Mycteria,19.1,2166.5,,,,,
Mycteria leucocephala,Painted stork,Ciconiiformes,Ciconiidae,Mycteria,28.6,3180.0,,,,,
Colius striatus,Speckled mousebird,Coliiformes,Coliidae,Colius,11.5,51.0,,0.0383561643835616,,,
Caloenas nicobarica,Nicobar pigeon,Columbiformes,Columbidae,Caloenas,20.5,519.0,,0.0465753424657534,,,
Columba livia,Rock dove,Columbiformes,Columbidae,Columba,35.0,358.7,0.383561643835616,0.0493150684931507,,,
Columba oenas,Stock dove and stock pigeon,Columbiformes,Columbidae,Columba,12.6,291.0,1.0,,,,
Columba palumbus,Common wood-pigeon,Columbiformes,Columbidae,Columba,17.7,490.0,1.0,,,,
Columbina inca,Inca dove,Columbiformes,Columbidae,Columbina,13.3,50.0,,0.0383561643835616,,,
Columbina passerina,Common ground dove,Columbiformes,Columbidae,Columbina,7.2,35.0,0.205479452054795,0.0356164383561644,,,
Geopelia striata,Zebra dove,Columbiformes,Columbidae,Geopelia,14.0,56.6,,,,,
Leptotila verreauxi,White-tipped dove,Columbiformes,Columbidae,Leptotila,8.6,147.5,,0.0383561643835616,0.8884,131.0,
Leucosarcia melanoleuca,Wonga pigeon,Columbiformes,Columbidae,Leucosarcia,16.3,429.0,,,1.695,445.0,
Patagioenas fasciata,Band-tailed pigeon,Columbiformes,Columbidae,Patagioenas,18.5,315.0,1.0,0.0520547945205479,,,
Patagioenas leucocephala,White-crowned pigeon,Columbiformes,Columbidae,Patagioenas,14.4,247.0,1.0,,,,
Streptopelia chinensis,Spotted dove,Columbiformes,Columbidae,Streptopelia,9.8,159.0,,0.0410958904109589,,,
Streptopelia decaocto,Eurasian collared-dove,Columbiformes,Columbidae,Streptopelia,17.9,157.4,1.0,0.0410958904109589,,,
Streptopelia risoria,Ring dove,Columbiformes,Columbidae,Streptopelia,12.0,,,,,,
Streptopelia turtur,European turtle-dove,Columbiformes,Columbidae,Streptopelia,13.2,132.0,1.0,,1.138,154.0,
Zenaida asiatica,White-winged dove,Columbiformes,Columbidae,Zenaida,25.0,140.0,1.0,0.0356164383561644,,,
Zenaida aurita,Zenaida dove,Columbiformes,Columbidae,Zenaida,,156.0,,,,,
Zenaida macroura,Mourning dove,Columbiformes,Columbidae,Zenaida,31.3,119.0,0.232876712328767,0.0383561643835616,0.736,123.0,
Alcedo atthis,Common kingfisher,Coraciiformes,Alcedinidae,Alcedo,21.0,31.4,1.0,,0.378,34.3,
Ceryle rudis,Pied kingfisher,Coraciiformes,Alcedinidae,Ceryle,3.9,84.4,,,,,
Chloroceryle americana,Green kingfisher,Coraciiformes,Alcedinidae,Chloroceryle,5.0,34.0,,,,,
Dacelo novaeguineae,Laughing kookaburra,Coraciiformes,Alcedinidae,Dacelo,26.8,305.0,1.0,0.0684931506849315,,,
Halcyon smyrnensis,White-throated kingfisher,Coraciiformes,Alcedinidae,Halcyon,5.5,91.4,,,,,
Coracias benghalensis,Indian roller,Coraciiformes,Coraciidae,Coracias,8.9,158.0,,,,,
Coracias caudatus,Lilac-breasted roller,Coraciiformes,Coraciidae,Coracias,13.7,108.0,,0.0575342465753425,,,
Coracias garrulus,European roller,Coraciiformes,Coraciidae,Coracias,9.2,146.0,,,,,
Merops apiaster,European bee-eater,Coraciiformes,Meropidae,Merops,5.9,56.6,1.0,,,,
Merops bullockoides,White-fronted bee-eater,Coraciiformes,Meropidae,Merops,7.0,34.8,,,,,
Momotus mexicanus,Russet-crowned motmot,Coraciiformes,Momotidae,Momotus,10.4,75.7,,,,,
Momotus momota,Blue-crowned motmot,Coraciiformes,Momotidae,Momotus,20.3,133.0,,0.0575342465753425,,,
Todus mexicanus,Puerto Rican tody,Coraciiformes,Todidae,Todus,12.6,5.9,,,,,
Coccyzus americanus,Yellow-billed cuckoo,Cuculiformes,Cuculidae,Coccyzus,5.0,57.8,1.0,0.0383561643835616,,,
Coccyzus erythropthalmus,Black-billed cuckoo,Cuculiformes,Cuculidae,Coccyzus,5.0,37.5,1.0,0.0383561643835616,,,
Cuculus canorus,Common cuckoo and Eurasian cuckoo,Cuculiformes,Cuculidae,Cuculus,12.9,111.5,1.0,,0.838,111.6,
Geococcyx californianus,Greater roadrunner,Cuculiformes,Cuculidae,Geococcyx,9.0,376.0,1.0,0.0547945205479452,1.4661,284.7,
Saurothera vieilloti,Puerto Rican lizard cuckoo,Cuculiformes,Cuculidae,Saurothera,7.6,81.9,,,,,
Eurypyga helias,Sunbittern,Eurypygiformes,Eurypygidae,Eurypyga,15.0,210.0,,0.073972602739726,,,
Caracara cheriway,Crested caracara,Falconiformes,Falconidae,Caracara,25.8,1031.0,,0.0876712328767123,,,
Caracara plancus,Southern caracara,Falconiformes,Falconidae,Caracara,37.6,1348.0,,,,,
Falco berigora,Brown falcon,Falconiformes,Falconidae,Falco,24.0,593.5,,,,,
Falco cherrug,Saker falcon,Falconiformes,Falconidae,Falco,15.9,966.0,,,,,
Falco columbarius,Merlin,Falconiformes,Falconidae,Falco,12.7,195.0,1.0,0.0821917808219178,,,
Falco eleonorae,Eleonora's falcon,Falconiformes,Falconidae,Falco,11.2,390.0,,,,,
Falco femoralis,Aplomado falcon,Falconiformes,Falconidae,Falco,12.0,342.5,,0.0876712328767123,,,
Falco mexicanus,Prairie falcon,Falconiformes,Falconidae,Falco,17.2,858.0,1.0,0.0849315068493151,,,
Falco naumanni,Lesser kestrel,Falconiformes,Falconidae,Falco,10.9,152.5,1.0,,,,
Falco peregrinus,Peregrine falcon,Falconiformes,Falconidae,Falco,25.0,840.0,1.0,0.0821917808219178,,,
Falco punctatus,Mauritius kestrel,Falconiformes,Falconidae,Falco,10.0,169.5,,,,,
Falco rupicoloides,Greater kestrel,Falconiformes,Falconidae,Falco,,261.0,,,,,
Falco rusticolus,Gyrfalcon,Falconiformes,Falconidae,Falco,13.5,1406.5,2.0,0.0958904109589041,,,
Falco sparverius,American kestrel,Falconiformes,Falconidae,Falco,17.0,117.0,1.0,0.0794520547945206,,,
Falco subbuteo,Eurasian hobby,Falconiformes,Falconidae,Falco,14.9,209.5,1.0,,1.3014,208.0,
Falco tinnunculus,Common kestrel,Falconiformes,Falconidae,Falco,23.8,184.0,1.0,,,,
Falco vespertinus,Red-footed falcon,Falconiformes,Falconidae,Falco,13.2,152.5,,,,,
Crax globulosa,Wattled curassow,Galliformes,Cracidae,Crax,20.0,2500.0,,,,,
Crax rubra,Great curassow,Galliformes,Cracidae,Crax,24.0,4133.0,,,,,
Mitu tuberosum,Razor-billed curassow,Galliformes,Cracidae,Mitu,23.0,2813.0,,,,,
Ortalis vetula,Plain chachalaca,Galliformes,Cracidae,Ortalis,8.8,495.5,1.0,0.063013698630137,,,
Alectura lathami,Brush turkey,Galliformes,Megapodiidae,Alectura,12.5,2340.0,,,,,
Macrocephalon maleo,Maleo,Galliformes,Megapodiidae,Macrocephalon,23.0,1564.0,,,,,
Numida meleagris,Helmeted guineafowl,Galliformes,Numididae,Numida,,1299.0,,0.073972602739726,,,
Callipepla californica,California quail,Galliformes,Odontophoridae,Callipepla,9.6,138.0,0.750684931506849,0.0602739726027397,,,
Callipepla gambelii,Gambel's quail,Galliformes,Odontophoridae,Callipepla,7.4,166.0,1.0,0.0602739726027397,0.755,126.1,
Colinus virginianus,Northern bobwhite,Galliformes,Odontophoridae,Colinus,6.4,194.0,1.0,0.063013698630137,,,
Alectoris rufa,Red-legged partridge,Galliformes,Phasianidae,Alectoris,6.2,528.0,,,,,
Bonasa umbellus,Ruffed grouse,Galliformes,Phasianidae,Bonasa,11.0,532.0,0.328767123287671,0.0657534246575342,2.3894,644.0,
Centrocercus urophasianus,Sage grouse,Galliformes,Phasianidae,Centrocercus,7.0,1929.5,1.0,0.0712328767123288,,,
Chrysolophus amherstiae,Lady Amherst's pheasant,Galliformes,Phasianidae,Chrysolophus,19.6,738.0,,0.0657534246575342,,,
Chrysolophus pictus,Golden pheasant,Galliformes,Phasianidae,Chrysolophus,13.4,625.0,1.0,0.0602739726027397,,,
Coturnix chinensis,King quail,Galliformes,Phasianidae,Coturnix,5.0,45.0,,,,,
Coturnix coturnix,Common quail,Galliformes,Phasianidae,Coturnix,14.6,96.5,1.0,,0.891,97.0,
Coturnix japonica,Japanese quail,Galliformes,Phasianidae,Coturnix,6.0,115.0,0.157534246575342,0.0465753424657534,,,
Dendragapus obscurus,Blue grouse,Galliformes,Phasianidae,Dendragapus,14.0,1058.5,1.0,0.0712328767123288,4.957,1131.0,
Falcipennis canadensis,Spruce grouse,Galliformes,Phasianidae,Falcipennis,13.0,417.3,1.0,0.0547945205479452,,,
Francolinus francolinus,Black francolin,Galliformes,Phasianidae,Francolinus,7.0,453.0,,0.0520547945205479,,,
Francolinus pondicerianus,Grey francolin,Galliformes,Phasianidae,Francolinus,8.0,334.0,,0.0493150684931507,,,
Gallus gallus,Red junglefowl,Galliformes,Phasianidae,Gallus,30.0,779.8,,,6.005,2710.0,
Lagopus lagopus,Willow ptarmigan,Galliformes,Phasianidae,Lagopus,9.0,595.875,1.0,0.0575342465753425,2.872,567.0,
Lagopus leucura,White-tailed ptarmigan,Galliformes,Phasianidae,Lagopus,15.0,326.0,1.0,0.063013698630137,,,
Lagopus muta,Rock ptarmigan,Galliformes,Phasianidae,Lagopus,,535.5,,,,,
Lyrurus tetrix,Eurasian black grouse,Galliformes,Phasianidae,Lyrurus,12.2,1079.0,1.0,,,,
Meleagris gallopavo,Wild turkey,Galliformes,Phasianidae,Meleagris,13.0,6050.0,0.916438356164384,0.0767123287671233,,,
Pavo cristatus,Indian peafowl,Galliformes,Phasianidae,Pavo,23.2,4200.0,2.0,0.0794520547945206,,,
Perdix perdix,Grey partridge,Galliformes,Phasianidae,Perdix,5.2,492.0,1.0,0.0657534246575342,2.1783,501.0,
Phasianus colchicus,Common pheasant,Galliformes,Phasianidae,Phasianus,27.0,1094.8,0.657534246575342,0.0657534246575342,,,
Polyplectron napoleonis,Palawan peacock-pheasant,Galliformes,Phasianidae,Polyplectron,15.0,550.0,1.5,0.0520547945205479,,,
Syrmaticus reevesii,Reeves's pheasant,Galliformes,Phasianidae,Syrmaticus,9.2,1239.0,,,,,
Tetrao urogallus,Western capercaillie,Galliformes,Phasianidae,Tetrao,18.0,2950.0,3.0,,11.816,4010.0,
Tetrastes bonasia,Hazel grouse,Galliformes,Phasianidae,Tetrastes,7.2,429.0,,,,,
Tympanuchus cupido,Greater prairie chicken,Galliformes,Phasianidae,Tympanuchus,5.0,908.0,0.750684931506849,0.063013698630137,,,
Tympanuchus pallidicinctus,Lesser prairie chicken,Galliformes,Phasianidae,Tympanuchus,13.5,794.5,0.750684931506849,0.063013698630137,,,
Tympanuchus phasianellus,Sharp-tailed grouse,Galliformes,Phasianidae,Tympanuchus,7.5,908.0,0.493150684931507,0.063013698630137,,,
Gavia adamsii,Yellow-billed loon,Gaviiformes,Gaviidae,Gavia,,5050.0,3.0,,,,
Gavia arctica,Black-throated diver,Gaviiformes,Gaviidae,Gavia,28.0,2724.0,3.0,0.0794520547945206,,,
Gavia immer,Great northern diver,Gaviiformes,Gaviidae,Gavia,24.1,3405.0,4.0027397260274,0.0767123287671233,,,
Gavia stellata,Red-throated diver,Gaviiformes,Gaviidae,Gavia,24.0,1816.0,3.0,0.0767123287671233,,,
Anthropoides virgo,Demoiselle crane,Gruiformes,Gruidae,Anthropoides,27.0,2400.0,2.0,0.0767123287671233,,,
Balearica regulorum,Grey crowned crane,Gruiformes,Gruidae,Balearica,27.2,3372.0,3.0,0.0821917808219178,,,
Grus americana,Whooping crane,Gruiformes,Gruidae,Grus,40.0,7500.0,4.0,0.0849315068493151,,,
Grus antigone,Sarus crane,Gruiformes,Gruidae,Grus,41.8,8663.0,,0.0876712328767123,,,
Grus canadensis,Sandhill crane,Gruiformes,Gruidae,Grus,36.6,3890.0,3.0,0.0794520547945206,,,
Grus grus,Common crane,Gruiformes,Gruidae,Grus,43.0,5500.0,5.0,,,,
Grus japonensis,Red-crowned crane,Gruiformes,Gruidae,Grus,25.2,8500.0,3.0,0.0849315068493151,,,
Grus leucogeranus,Siberian crane,Gruiformes,Gruidae,Grus,36.2,5931.0,,,,,
Grus monacha,Hooded crane,Gruiformes,Gruidae,Grus,24.0,3700.0,2.84931506849315,,,,
Grus rubicunda,Brolga,Gruiformes,Gruidae,Grus,33.0,6250.5,,,,,
Grus vipio,White-naped crane,Gruiformes,Gruidae,Grus,45.0,5400.0,3.0,0.0849315068493151,,,
Fulica americana,American coot,Gruiformes,Rallidae,Fulica,22.3,450.8,1.0,0.063013698630137,,,
Fulica atra,Coot,Gruiformes,Rallidae,Fulica,20.6,734.3,1.0,,2.039,412.0,
Gallinula chloropus,Common moorhen,Gruiformes,Rallidae,Gallinula,18.6,392.0,1.0,0.0520547945205479,,,
Gallirallus australis,Weka,Gruiformes,Rallidae,Gallirallus,13.8,899.3,,,,,
Rallus aquaticus,Water rail,Gruiformes,Rallidae,Rallus,8.9,111.5,1.0,,,,
Rallus longirostris,Clapper rail,Gruiformes,Rallidae,Rallus,7.5,308.0,1.0,0.0602739726027397,,,
Tauraco leucotis,White-cheeked turaco,Musophagiformes,Musophagidae,Tauraco,12.4,265.0,,,,,
Chlamydotis undulata,Houbara bustard,Otidiformes,Otididae,Chlamydotis,,1555.0,,,,,
Otis tarda,Great bustard,Otidiformes,Otididae,Otis,28.3,7895.5,,,,,
Sericornis frontalis,White-browed scrubwren,Passeriformes,Acanthizidae,Sericornis,17.6,13.4,1.0,,,,
Acrocephalus arundinaceus,Great reed-warbler,Passeriformes,Acrocephalidae,Acrocephalus,10.1,30.0,1.0,,0.257,21.9,
Acrocephalus dumetorum,Blyth's reed-warbler,Passeriformes,Acrocephalidae,Acrocephalus,7.8,11.2,,,,,
Acrocephalus familiaris,Millerbird,Passeriformes,Acrocephalidae,Acrocephalus,,18.3,,,,,
Acrocephalus melanopogon,Moustached warbler,Passeriformes,Acrocephalidae,Acrocephalus,11.2,10.9,1.0,,,,
Acrocephalus palustris,Marsh warbler,Passeriformes,Acrocephalidae,Acrocephalus,9.8,11.5,1.0,,0.203,10.8,
Acrocephalus schoenobaenus,Sedge warbler,Passeriformes,Acrocephalidae,Acrocephalus,11.8,11.8,1.0,,0.218,11.5,
Acrocephalus scirpaceus,Eurasian reed-warbler,Passeriformes,Acrocephalidae,Acrocephalus,14.0,12.3,1.0,,,,
Acrocephalus sechellensis,Seychelles warbler,Passeriformes,Acrocephalidae,Acrocephalus,17.0,15.9,,,,,
Acrocephalus stentoreus,Indian great reed warbler,Passeriformes,Acrocephalidae,Acrocephalus,10.6,24.2,,,,,
Hippolais icterina,Icterine warbler,Passeriformes,Acrocephalidae,Hippolais,10.8,13.2,1.0,,0.252,12.5,
Hippolais polyglotta,Melodious warbler,Passeriformes,Acrocephalidae,Hippolais,8.9,11.0,1.0,,,,
Iduna pallida,Olivaceous warbler,Passeriformes,Acrocephalidae,Iduna,7.9,9.0,1.0,,,,
Aegithalos caudatus,Long-tailed tit,Passeriformes,Aegithalidae,Aegithalos,11.1,8.6,1.0,,0.199,8.9,
Psaltriparus minimus,Bushtit,Passeriformes,Aegithalidae,Psaltriparus,9.1,5.3,1.0,0.0328767123287671,0.122375,5.5,
Alauda arvensis,Eurasian skylark,Passeriformes,Alaudidae,Alauda,10.1,37.5,1.0,0.0301369863013699,0.722,31.7,
Eremophila alpestris,Horned lark,Passeriformes,Alaudidae,Eremophila,8.0,33.5,1.0,0.0301369863013699,0.3133,26.0,
Galerida cristata,Crested lark,Passeriformes,Alaudidae,Galerida,11.6,42.9,1.0,,,,
Lullula arborea,Wood lark,Passeriformes,Alaudidae,Lullula,6.0,26.9,1.0,,0.572,25.5,
Bombycilla cedrorum,Cedar waxwing,Passeriformes,Bombycillidae,Bombycilla,8.2,30.0,1.0,0.0383561643835616,,,
Bombycilla garrulus,Bohemian waxwing,Passeriformes,Bombycillidae,Bombycilla,13.5,54.5,1.0,0.0383561643835616,0.9566,72.5,
Calcarius lapponicus,Lapland longspur,Passeriformes,Calcariidae,Calcarius,6.0,28.35,,0.0328767123287671,,,
Calcarius pictus,Smith's longspur,Passeriformes,Calcariidae,Calcarius,5.0,26.65,1.0,0.0328767123287671,,,
Plectrophenax hyperboreus,Mckay's bunting,Passeriformes,Calcariidae,Plectrophenax,4.8,42.0,,,,,
Plectrophenax nivalis,Snow bunting,Passeriformes,Calcariidae,Plectrophenax,9.6,41.8,1.0,0.0328767123287671,,,
Cardinalis cardinalis,Northern cardinal,Passeriformes,Cardinalidae,Cardinalis,28.5,42.6,1.0,0.0328767123287671,0.5163,41.0,
Cardinalis sinuatus,Pyrrhuloxia,Passeriformes,Cardinalidae,Cardinalis,,35.2,1.0,0.0383561643835616,0.396495,32.0,
Cyanocompsa parellina,Blue bunting,Passeriformes,Cardinalidae,Cyanocompsa,10.8,15.7,,,,,
Passerina amoena,Lazuli bunting,Passeriformes,Cardinalidae,Passerina,9.9,15.15,1.0,0.0328767123287671,,,
Passerina caerulea,Blue grosbeak,Passeriformes,Cardinalidae,Passerina,10.2,28.4,1.0,0.0301369863013699,,,
Passerina ciris,Painted bunting,Passeriformes,Cardinalidae,Passerina,12.0,14.75,1.0,0.0301369863013699,,,
Passerina cyanea,Indigo bunting,Passeriformes,Cardinalidae,Passerina,11.0,15.0,1.0,0.0328767123287671,,,
Pheucticus ludovicianus,Rose-breasted grosbeak,Passeriformes,Cardinalidae,Pheucticus,24.0,47.325,1.0,0.0328767123287671,,,
Pheucticus melanocephalus,Black-headed grosbeak,Passeriformes,Cardinalidae,Pheucticus,25.0,42.0,1.0,0.0328767123287671,,,
Piranga ludoviciana,Western tanager,Passeriformes,Cardinalidae,Piranga,15.3,30.0,1.0,0.0356164383561644,,,
Piranga olivacea,Scarlet tanager,Passeriformes,Cardinalidae,Piranga,11.9,29.0,1.0,0.0356164383561644,,,
Piranga rubra,Summer tanager,Passeriformes,Cardinalidae,Piranga,7.9,40.0,1.0,0.0328767123287671,,,
Spiza americana,Dickcissel,Passeriformes,Cardinalidae,Spiza,4.8,33.0,1.0,0.0328767123287671,,,
Certhia americana,American treecreeper,Passeriformes,Certhiidae,Certhia,,8.4,1.0,,,,
Certhia brachydactyla,Short-toed tree-creeper,Passeriformes,Certhiidae,Certhia,,8.2,1.0,,,,
Certhia familiaris,Eurasian treecreeper,Passeriformes,Certhiidae,Certhia,8.2,9.1,1.0,,,,
Cettia cetti,Cetti's warbler,Passeriformes,Cettiidae,Cettia,9.3,13.3,1.0,,,,
Cinclus cinclus,White-throated dipper,Passeriformes,Cinclidae,Cinclus,10.6,61.7,1.0,,,,
Cinclus mexicanus,American dipper,Passeriformes,Cinclidae,Cinclus,8.1,50.2,1.0,,,,
Coereba flaveola,Bananaquit,Passeriformes,Coerebidae,Coereba,8.6,10.1,,,,,
Corcorax melanoramphos,White-winged chough,Passeriformes,Corcoracidae,Corcorax,16.3,364.0,,,,,
Struthidea cinerea,Apostlebird,Passeriformes,Corcoracidae,Struthidea,25.0,132.0,,,,,
Aphelocoma californica,Western scrub jay,Passeriformes,Corvidae,Aphelocoma,15.8,88.7,,0.0493150684931507,,,
Aphelocoma coerulescens,Scrub jay,Passeriformes,Corvidae,Aphelocoma,15.0,78.7,1.0,0.0465753424657534,,,
Aphelocoma insularis,Island scrub jay,Passeriformes,Corvidae,Aphelocoma,15.3,114.0,1.0,0.0493150684931507,,,
Aphelocoma ultramarina,Mexican jay,Passeriformes,Corvidae,Aphelocoma,25.0,130.0,,0.0493150684931507,,,
Coloeus monedula,Eurasian crow and Eurasian jackdaw,Passeriformes,Corvidae,Coloeus,20.3,246.0,2.0,,,,
Corvus brachyrhynchos,American crow,Passeriformes,Corvidae,Corvus,20.0,384.8,2.0,0.0493150684931507,,,
Corvus caurinus,Northwestern crow,Passeriformes,Corvidae,Corvus,16.7,294.0,2.0,0.0493150684931507,,,
Corvus corax,Common raven,Passeriformes,Corvidae,Corvus,69.0,1041.2,3.0,0.0520547945205479,5.5656,1203.0,
Corvus cornix,Hooded crow,Passeriformes,Corvidae,Corvus,16.8,,,,,,
Corvus corone,Carrion crow,Passeriformes,Corvidae,Corvus,19.2,472.7,3.0,,3.3531,518.0,
Corvus coronoides,Australian raven,Passeriformes,Corvidae,Corvus,21.8,645.0,,,,,
Corvus cryptoleucus,Chihuahuan raven,Passeriformes,Corvidae,Corvus,21.8,534.0,,0.0575342465753425,3.86705,640.0,
Corvus frugilegus,Rook,Passeriformes,Corvidae,Corvus,22.9,453.5,2.0,,2.6433,390.0,
Corvus hawaiiensis,Hawaiian crow,Passeriformes,Corvidae,Corvus,25.0,520.0,3.0,0.0547945205479452,,,
Corvus ossifragus,Fish crow,Passeriformes,Corvidae,Corvus,14.5,418.0,2.0,0.0465753424657534,,,
Cyanocitta cristata,Blue jay,Passeriformes,Corvidae,Cyanocitta,26.2,80.8,1.0,0.0465753424657534,,,
Cyanocitta stelleri,Steller's jay,Passeriformes,Corvidae,Cyanocitta,16.1,99.1,1.0,0.0438356164383562,,,
Cyanocorax caeruleus,Azure jay,Passeriformes,Corvidae,Cyanocorax,36.0,272.0,,,,,
Cyanocorax yncas,Green jay,Passeriformes,Corvidae,Cyanocorax,,78.5,1.0,0.0465753424657534,,,
Garrulus glandarius,Eurasian jay,Passeriformes,Corvidae,Garrulus,17.9,159.7,1.0,,1.39997,153.0,
Gymnorhinus cyanocephalus,Pinyon jay,Passeriformes,Corvidae,Gymnorhinus,14.6,105.0,1.0,0.0465753424657534,,,
Nucifraga caryocatactes,Spotted nutcracker,Passeriformes,Corvidae,Nucifraga,16.2,183.0,1.0,,1.346,147.0,
Nucifraga columbiana,Clark's nutcracker,Passeriformes,Corvidae,Nucifraga,17.4,130.0,1.0,0.0493150684931507,,,
Perisoreus canadensis,Gray jay,Passeriformes,Corvidae,Perisoreus,19.2,70.3,1.0,0.0465753424657534,,,
Perisoreus infaustus,Siberian jay,Passeriformes,Corvidae,Perisoreus,17.9,84.4,,,,,
Pica hudsonia,Black-billed magpie,Passeriformes,Corvidae,Pica,20.0,177.0,1.5,0.0493150684931507,1.196,158.9,
Pica nuttalli,Yellow-billed magpie,Passeriformes,Corvidae,Pica,10.0,159.0,1.0,0.0493150684931507,1.471,151.9,
Pica pica,Eurasian magpie,Passeriformes,Corvidae,Pica,21.7,178.0,2.0,0.0575342465753425,,,
Pyrrhocorax graculus,Alpine chough,Passeriformes,Corvidae,Pyrrhocorax,24.4,211.5,3.0,,,,
Pyrrhocorax pyrrhocorax,Red-billed chough,Passeriformes,Corvidae,Pyrrhocorax,20.3,277.8,2.0,,,,
Rupicola rupicola,Guianan cock-of-the-rock,Passeriformes,Cotingidae,Rupicola,7.0,195.0,,,,,
Aimophila ruficeps,Rufous-crowned sparrow,Passeriformes,Emberizidae,Aimophila,5.1,18.8,1.0,0.0328767123287671,,,
Ammodramus bairdii,Baird's sparrow,Passeriformes,Emberizidae,Ammodramus,,19.0,,,,,
Ammodramus caudacutus,Saltmarsh sharp-tailed sparrow,Passeriformes,Emberizidae,Ammodramus,10.0,16.5,1.0,0.0301369863013699,,,
Ammodramus henslowii,Henslow's sparrow,Passeriformes,Emberizidae,Ammodramus,6.5,12.5,,,,,
Ammodramus leconteii,Le Conte's sparrow,Passeriformes,Emberizidae,Ammodramus,4.1,,,,,,
Ammodramus maritimus,Seaside sparrow,Passeriformes,Emberizidae,Ammodramus,9.0,20.0,1.0,0.0328767123287671,,,
Ammodramus nelsoni,Nelson's sharp-tailed sparrow,Passeriformes,Emberizidae,Ammodramus,7.1,15.2,,,,,
Ammodramus savannarum,Grasshopper sparrow,Passeriformes,Emberizidae,Ammodramus,9.1,17.6,1.0,0.0301369863013699,0.1796,13.8,
Amphispiza bilineata,Black-throated sparrow,Passeriformes,Emberizidae,Amphispiza,6.0,13.5,,0.0328767123287671,0.1988,11.6,
Arremonops rufivirgatus,Olive sparrow,Passeriformes,Emberizidae,Arremonops,8.2,22.4,,,,,
Artemisiospiza belli,Sage sparrow,Passeriformes,Emberizidae,Artemisiospiza,9.1,17.1,,,,,
Calamospiza melanocorys,Lark bunting,Passeriformes,Emberizidae,Calamospiza,4.8,32.6,1.0,0.0328767123287671,,,
Chondestes grammacus,Lark sparrow,Passeriformes,Emberizidae,Chondestes,7.8,27.1,,0.0328767123287671,,,
Emberiza aureola,Yellow-breasted bunting,Passeriformes,Emberizidae,Emberiza,7.0,19.6,,,,,
Emberiza calandra,Corn bunting,Passeriformes,Emberizidae,Emberiza,10.6,48.8,1.0,,,,
Emberiza cirlus,Cirl bunting,Passeriformes,Emberizidae,Emberiza,6.1,25.6,1.0,,,,
Emberiza citrinella,Yellowhammer,Passeriformes,Emberizidae,Emberiza,13.2,29.7,1.0,,0.436,26.8,
Emberiza hortulana,Ortolan bunting,Passeriformes,Emberizidae,Emberiza,6.8,19.9,,,0.407,27.0,
Emberiza melanocephala,Black-headed bunting,Passeriformes,Emberizidae,Emberiza,11.0,28.4,,,,,
Emberiza schoeniclus,Reed bunting,Passeriformes,Emberizidae,Emberiza,12.2,18.4,1.0,,0.3,17.6,
Junco hyemalis,Dark-eyed junco,Passeriformes,Emberizidae,Junco,11.3,19.0,1.0,0.0301369863013699,0.2959,18.0,
Junco phaeonotus,Yellow-eyed junco,Passeriformes,Emberizidae,Junco,6.6,20.0,1.0,0.0356164383561644,,,
Melospiza georgiana,Swamp sparrow,Passeriformes,Emberizidae,Melospiza,7.8,16.1,1.0,0.0356164383561644,0.211,14.9,
Melospiza lincolnii,Lincoln's sparrow,Passeriformes,Emberizidae,Melospiza,7.6,17.35,1.0,0.0301369863013699,,,
Melospiza melodia,Song sparrow,Passeriformes,Emberizidae,Melospiza,11.3,22.7,1.0,0.0328767123287671,0.25,19.1,
Melozone aberti,Abert's towhee,Passeriformes,Emberizidae,Melozone,8.6,46.0,1.0,0.0383561643835616,0.73425,46.6,
Melozone crissalis,California towhee,Passeriformes,Emberizidae,Melozone,12.8,47.0,,0.0356164383561644,,,
Melozone fusca,Canyon towhee,Passeriformes,Emberizidae,Melozone,12.8,44.4,1.0,0.0301369863013699,0.670615,43.7,
Passerculus sandwichensis,Savannah sparrow,Passeriformes,Emberizidae,Passerculus,18.0,20.2,1.0,0.0328767123287671,0.221,15.9,
Passerella iliaca,Fox sparrow,Passeriformes,Emberizidae,Passerella,10.3,35.5,,0.0356164383561644,,,
Peucaea aestivalis,Bachman's sparrow,Passeriformes,Emberizidae,Peucaea,3.9,19.6,1.0,0.0356164383561644,,,
Pipilo chlorurus,Green-tailed towhee,Passeriformes,Emberizidae,Pipilo,7.7,28.88,1.0,0.0328767123287671,,,
Pipilo erythrophthalmus,Eastern towhee,Passeriformes,Emberizidae,Pipilo,12.3,39.4,1.0,0.0328767123287671,,,
Pipilo maculatus,Spotted towhee,Passeriformes,Emberizidae,Pipilo,11.0,40.4,2.0,,,,
Pooecetes gramineus,Vesper sparrow,Passeriformes,Emberizidae,Pooecetes,7.9,25.7,1.0,0.0328767123287671,0.27412,21.5,
Spizella breweri,Brewer's sparrow,Passeriformes,Emberizidae,Spizella,6.2,11.0,1.0,0.0301369863013699,,,
Spizella pallida,Clay-colored sparrow,Passeriformes,Emberizidae,Spizella,6.9,11.45,0.917808219178082,0.0328767123287671,,,
Spizella passerina,Chipping sparrow,Passeriformes,Emberizidae,Spizella,11.8,12.2,1.0,0.0328767123287671,0.1945,11.9,
Spizella pusilla,Field sparrow,Passeriformes,Emberizidae,Spizella,10.3,12.5,1.0,0.0328767123287671,,,
Spizelloides arborea,American tree sparrow,Passeriformes,Emberizidae,Spizelloides,10.8,16.6,1.0,0.0328767123287671,,,
Zonotrichia albicollis,White-throated sparrow,Passeriformes,Emberizidae,Zonotrichia,14.9,21.1,1.0,0.0356164383561644,0.278,20.2,
Zonotrichia atricapilla,Golden-crowned sparrow,Passeriformes,Emberizidae,Zonotrichia,10.5,31.55,1.0,0.0328767123287671,,,
Zonotrichia leucophrys,White-crowned sparrow,Passeriformes,Emberizidae,Zonotrichia,13.3,25.82,1.0,0.0328767123287671,0.336,26.1,
Zonotrichia querula,Harris's sparrow,Passeriformes,Emberizidae,Zonotrichia,11.7,33.1,1.0,0.0356164383561644,0.4552,33.3,
Erythrura gouldiae,Gouldian finch,Passeriformes,Estrildidae,Erythrura,6.0,12.0,,0.0356164383561644,,,
Lonchura oryzivora,Java sparrow,Passeriformes,Estrildidae,Lonchura,,24.8,,0.0383561643835616,,,
Lonchura striata,White-rumped munia,Passeriformes,Estrildidae,Lonchura,10.0,12.3,,,0.21538,10.3,
Taeniopygia guttata,Zebra finch,Passeriformes,Estrildidae,Taeniopygia,12.0,12.0,0.164383561643836,,,,314.15
Acanthis flammea,Common redpoll,Passeriformes,Fringillidae,Acanthis,12.2,14.2,1.0,0.0273972602739726,0.2888,14.0,
Acanthis hornemanni,Hoary redpoll,Passeriformes,Fringillidae,Acanthis,6.8,19.25,1.0,0.0328767123287671,,,
Carduelis carduelis,European goldfinch,Passeriformes,Fringillidae,Carduelis,27.0,16.0,1.0,,,,
Carduelis citrinella,Citril finch,Passeriformes,Fringillidae,Carduelis,,12.0,1.0,,,,
Carpodacus erythrinus,Common rosefinch,Passeriformes,Fringillidae,Carpodacus,9.0,24.0,1.0,,0.358,21.6,
Chloris chloris,European greenfinch,Passeriformes,Fringillidae,Chloris,13.6,26.0,1.0,,,,
Chlorodrepanis stejnegeri,Kauai amakihi,Passeriformes,Fringillidae,Chlorodrepanis,9.0,16.65,,0.0383561643835616,,,
Chlorodrepanis virens,Hawaii amakihi,Passeriformes,Fringillidae,Chlorodrepanis,12.0,13.35,,0.0383561643835616,,,
Coccothraustes coccothraustes,Hawfinch,Passeriformes,Fringillidae,Coccothraustes,12.6,56.6,1.0,,,,
Fringilla coelebs,Chaffinch,Passeriformes,Fringillidae,Fringilla,29.0,20.7,1.0,,0.373,21.0,
Fringilla montifringilla,Brambling,Passeriformes,Fringillidae,Fringilla,14.8,23.2,1.0,,0.383,21.0,
Haemorhous cassinii,Cassin's finch,Passeriformes,Fringillidae,Haemorhous,7.0,27.5,1.0,0.0356164383561644,0.339,27.4,
Haemorhous mexicanus,House finch,Passeriformes,Fringillidae,Haemorhous,11.6,21.4,,0.0383561643835616,0.3108,20.4,
Haemorhous purpureus,Purple finch,Passeriformes,Fringillidae,Haemorhous,14.0,25.42,1.0,0.0356164383561644,,,
Hemignathus wilsoni,Akiapolaau,Passeriformes,Fringillidae,Hemignathus,13.0,28.0,1.0,,,,
Hesperiphona vespertina,Evening grosbeak,Passeriformes,Fringillidae,Hesperiphona,17.0,54.9,,0.0356164383561644,0.7294,54.5,
Himatione sanguinea,Apapane,Passeriformes,Fringillidae,Himatione,11.0,13.4,,0.0356164383561644,0.3,13.5,
Leucosticte atrata,Black rosy-finch,Passeriformes,Fringillidae,Leucosticte,8.6,24.0,1.0,0.0356164383561644,,,
Leucosticte australis,Brown-capped rosy finch,Passeriformes,Fringillidae,Leucosticte,5.9,26.6,,,,,
Leucosticte tephrocotis,Gray-crowned rosy-finch,Passeriformes,Fringillidae,Leucosticte,6.6,35.7,1.0,0.0383561643835616,,,
Linaria cannabina,Eurasian linnet,Passeriformes,Fringillidae,Linaria,9.4,19.5,1.0,,,,
Linaria flavirostris,Twite,Passeriformes,Fringillidae,Linaria,6.1,15.4,1.0,,,,
Loxia curvirostra,Red crossbill,Passeriformes,Fringillidae,Loxia,16.1,39.5,1.0,0.0356164383561644,0.607,39.4,
Loxia leucoptera,White-winged crossbill,Passeriformes,Fringillidae,Loxia,4.0,28.9,,0.0356164383561644,0.46992,29.8,
Loxioides bailleui,Palila,Passeriformes,Fringillidae,Loxioides,13.0,37.85,1.5,0.0438356164383562,,,
Loxops coccineus,Akepa,Passeriformes,Fringillidae,Loxops,10.0,10.4,1.5,0.0410958904109589,,,
Magumma parva,Anianiau,Passeriformes,Fringillidae,Magumma,9.5,10.0,1.0,0.0383561643835616,,,
Melamprosops phaeosoma,Poo-uli,Passeriformes,Fringillidae,Melamprosops,9.2,25.5,,,,,
Palmeria dolei,Akohekohe or crested honeycreeper,Passeriformes,Fringillidae,Palmeria,9.2,26.2,2.0,0.0465753424657534,,,
Paroreomyza montana,Maui alauahio,Passeriformes,Fringillidae,Paroreomyza,,13.15,1.66575342465753,0.0438356164383562,,,
Pinicola enucleator,Pine grosbeak,Passeriformes,Fringillidae,Pinicola,9.8,65.3,1.0,0.0356164383561644,,,
Pyrrhula pyrrhula,Eurasian bullfinch,Passeriformes,Fringillidae,Pyrrhula,17.5,24.4,1.0,,,,
Serinus canaria,House canary,Passeriformes,Fringillidae,Serinus,24.0,24.3,,,0.230065,13.3,314.15
Serinus serinus,European serin,Passeriformes,Fringillidae,Serinus,,11.2,1.0,,,,
Spinus pinus,Pine siskin,Passeriformes,Fringillidae,Spinus,11.0,12.7,,0.0356164383561644,0.3003,14.0,
Spinus psaltria,Lesser goldfinch,Passeriformes,Fringillidae,Spinus,5.7,9.23,,0.0328767123287671,,,
Spinus spinus,Eurasian siskin,Passeriformes,Fringillidae,Spinus,13.5,13.2,1.0,,,,
Spinus tristis,American goldfinch,Passeriformes,Fringillidae,Spinus,13.0,12.8,,0.0356164383561644,0.4108,13.6,
Telespiza cantans,Laysan finch,Passeriformes,Fringillidae,Telespiza,12.0,33.3,,0.0438356164383562,,,
Telespiza ultima,Nihoa finch,Passeriformes,Fringillidae,Telespiza,12.0,24.5,,0.0410958904109589,,,
Vestiaria coccinea,Iiwi,Passeriformes,Fringillidae,Vestiaria,8.8,18.3,,,,,
Cecropis daurica,Red-rumped swallow,Passeriformes,Hirundinidae,Cecropis,9.0,22.2,,,,,
Delichon urbicum,Common house-martin and northern house-martin,Passeriformes,Hirundinidae,Delichon,15.0,14.5,1.0,,,,
Hirundo rustica,Barn swallow,Passeriformes,Hirundinidae,Hirundo,16.0,18.3,1.0,0.0410958904109589,0.3158,18.0,
Petrochelidon fulva,Cave swallow,Passeriformes,Hirundinidae,Petrochelidon,12.2,20.15,1.0,,,,
Petrochelidon pyrrhonota,Cliff swallow,Passeriformes,Hirundinidae,Petrochelidon,11.8,23.24,1.0,0.0383561643835616,,,
Progne subis,Purple martin,Passeriformes,Hirundinidae,Progne,13.8,45.0,1.0,0.0410958904109589,,,
Riparia riparia,Bank swallow,Passeriformes,Hirundinidae,Riparia,10.0,12.7,1.0,0.0410958904109589,0.2328,13.6,
Stelgidopteryx ruficollis,Southern rough-winged swallow,Passeriformes,Hirundinidae,Stelgidopteryx,5.9,16.0,,0.0383561643835616,,,
Stelgidopteryx serripennis,Northern rough-winged swallow,Passeriformes,Hirundinidae,Stelgidopteryx,5.9,15.7,1.0,,,,
Tachycineta bicolor,Tree swallow,Passeriformes,Hirundinidae,Tachycineta,12.1,19.0,1.0,0.0383561643835616,,,
Tachycineta thalassina,Violet-green swallow,Passeriformes,Hirundinidae,Tachycineta,9.1,14.2,,0.0383561643835616,,,
Agelaius phoeniceus,Red-winged blackbird,Passeriformes,Icteridae,Agelaius,20.0,56.7,1.0,0.0328767123287671,,,
Agelaius tricolor,Tricolored blackbird,Passeriformes,Icteridae,Agelaius,13.2,56.5,,0.0301369863013699,,,
Agelaius xanthomus,Yellow-shouldered blackbird,Passeriformes,Icteridae,Agelaius,12.6,38.4,,,,,
Dolichonyx oryzivorus,Bobolink,Passeriformes,Icteridae,Dolichonyx,9.0,35.0,1.0,0.0356164383561644,,,
Euphagus carolinus,Rusty blackbird,Passeriformes,Icteridae,Euphagus,8.8,60.8,1.0,0.0383561643835616,,,
Euphagus cyanocephalus,Brewer's blackbird,Passeriformes,Icteridae,Euphagus,12.5,64.55,1.0,0.0356164383561644,,,
Icterus bullockii,Bullock's oriole,Passeriformes,Icteridae,Icterus,8.9,36.62,1.0,0.0301369863013699,,,
Icterus cucullatus,Hooded oriole,Passeriformes,Icteridae,Icterus,6.0,24.3,,0.0356164383561644,,,
Icterus galbula,Baltimore oriole,Passeriformes,Icteridae,Icterus,14.0,32.9,,0.0356164383561644,0.5052,37.5,
Icterus leucopteryx,Jamaican oriole,Passeriformes,Icteridae,Icterus,12.2,36.9,,,,,
Icterus parisorum,Scott's oriole,Passeriformes,Icteridae,Icterus,6.4,36.2,,0.0383561643835616,,,
Icterus pectoralis,Spot-breasted oriole,Passeriformes,Icteridae,Icterus,11.6,46.5,,,,,
Icterus spurius,Orchard oriole,Passeriformes,Icteridae,Icterus,17.7,21.0,1.0,0.0356164383561644,,,
Molothrus aeneus,Bronzed cowbird,Passeriformes,Icteridae,Molothrus,,62.9,1.0,0.0328767123287671,,,
Molothrus ater,Brown-headed cowbird,Passeriformes,Icteridae,Molothrus,16.9,38.1,1.0,0.0301369863013699,0.6315,42.5,
Quiscalus major,Boat-tailed grackle,Passeriformes,Icteridae,Quiscalus,13.9,152.6,,0.0356164383561644,,,
Quiscalus mexicanus,Great-tailed grackle,Passeriformes,Icteridae,Quiscalus,12.5,168.7,1.5,0.0356164383561644,,,
Quiscalus quiscula,Common grackle,Passeriformes,Icteridae,Quiscalus,23.1,111.0,,0.0383561643835616,,,
Sturnella magna,Eastern meadowlark,Passeriformes,Icteridae,Sturnella,12.6,94.71,1.0,0.0356164383561644,,,
Sturnella neglecta,Western meadowlark,Passeriformes,Icteridae,Sturnella,10.0,85.0,1.0,0.0383561643835616,,,
Xanthocephalus xanthocephalus,Yellow-headed blackbird,Passeriformes,Icteridae,Xanthocephalus,18.0,75.75,0.791780821917808,0.0328767123287671,,,
Lanius collurio,Red-backed shrike,Passeriformes,Laniidae,Lanius,10.1,28.4,1.0,,0.383,27.0,
Lanius excubitor,Northern shrike,Passeriformes,Laniidae,Lanius,12.0,63.5,0.917808219178082,,0.8161,72.4,
Lanius ludovicianus,Loggerhead shrike,Passeriformes,Laniidae,Lanius,12.5,46.0,1.0,0.0301369863013699,,,
Lanius senator,Woodchat shrike,Passeriformes,Laniidae,Lanius,5.7,36.0,1.0,,,,
Leiothrix lutea,Red-billed leothrix,Passeriformes,Leiothrichidae,Leiothrix,15.0,21.5,,0.0328767123287671,,,
Turdoides squamiceps,Arabian babbler,Passeriformes,Leiothrichidae,Turdoides,13.5,73.5,,,,,
Turdoides striata,Bengal jungle babbler,Passeriformes,Leiothrichidae,Turdoides,16.5,66.0,,,,,
Locustella fluviatilis,River warbler,Passeriformes,Locustellidae,Locustella,6.9,16.1,,,,,
Locustella luscinioides,Savi's warbler,Passeriformes,Locustellidae,Locustella,9.8,13.9,1.0,,,,
Locustella naevia,Common grasshopper-warbler,Passeriformes,Locustellidae,Locustella,5.9,13.3,1.0,,,,
Malurus cyaneus,Superb fairywren,Passeriformes,Maluridae,Malurus,10.4,10.4,1.0,,,,
Dumetella carolinensis,Gray catbird,Passeriformes,Mimidae,Dumetella,17.9,34.5,1.0,0.0356164383561644,,,
Margarops fuscatus,Pearly-eyed thrasher,Passeriformes,Mimidae,Margarops,10.6,98.6,,,,,
Mimus polyglottos,Northern mockingbird,Passeriformes,Mimidae,Mimus,20.0,53.0,1.0,0.0328767123287671,,,
Toxostoma bendirei,Bendire's thrasher,Passeriformes,Mimidae,Toxostoma,9.5,62.2,,,,,
Toxostoma crissale,Crissal thrasher,Passeriformes,Mimidae,Toxostoma,4.8,62.7,0.750684931506849,0.0383561643835616,,,
Toxostoma curvirostre,Curve-billed thrasher,Passeriformes,Mimidae,Toxostoma,10.8,80.65,1.0,0.0356164383561644,,,
Toxostoma lecontei,Le conte's thrasher,Passeriformes,Mimidae,Toxostoma,5.7,61.82,0.854794520547945,0.0438356164383562,,,
Toxostoma longirostre,Long-billed thrasher,Passeriformes,Mimidae,Toxostoma,7.8,67.65,,0.0383561643835616,,,
Toxostoma redivivum,California thrasher,Passeriformes,Mimidae,Toxostoma,6.9,84.4,0.624657534246575,0.0383561643835616,,,
Toxostoma rufum,Brown thrasher,Passeriformes,Mimidae,Toxostoma,12.8,67.0,0.750684931506849,0.0356164383561644,,,
Chasiempis sandwichensis,Elepaio,Passeriformes,Monarchidae,Chasiempis,17.8,15.0,1.0,,,,
Anthus cervinus,Red-throated pipit,Passeriformes,Motacillidae,Anthus,4.5,20.9,,,,,
Anthus petrosus,Rock pipit,Passeriformes,Motacillidae,Anthus,10.9,22.4,1.0,,,,
Anthus pratensis,Meadow pipit,Passeriformes,Motacillidae,Anthus,8.8,18.4,1.0,,0.3,18.9,
Anthus rubescens,American pipit,Passeriformes,Motacillidae,Anthus,5.1,20.8,1.0,0.0383561643835616,,,
Anthus spinoletta,Water pipit,Passeriformes,Motacillidae,Anthus,8.8,21.2,,0.0383561643835616,,,
Anthus trivialis,Tree pipit,Passeriformes,Motacillidae,Anthus,8.8,23.4,1.0,,0.339,19.7,
Motacilla alba,White wagtail,Passeriformes,Motacillidae,Motacilla,13.7,24.1,1.0,0.0356164383561644,0.3,18.0,
Motacilla cinerea,Grey wagtail,Passeriformes,Motacillidae,Motacilla,8.0,17.2,1.0,,,,
Motacilla flava,Yellow wagtail,Passeriformes,Motacillidae,Motacilla,8.8,17.7,1.0,0.0301369863013699,0.257,14.7,
Copsychus malabaricus,White-rumped shama,Passeriformes,Muscicapidae,Copsychus,7.0,29.35,,0.0383561643835616,,,
Erithacus rubecula,European robin,Passeriformes,Muscicapidae,Erithacus,19.3,17.3,1.0,,0.281,17.6,
Erythropygia galactotes,Rufous-tailed scrub-robin,Passeriformes,Muscicapidae,Erythropygia,7.0,20.3,,,,,
Ficedula albicollis,Collared flycatcher,Passeriformes,Muscicapidae,Ficedula,9.8,12.7,1.0,,,,
Ficedula hypoleuca,European pied flycatcher,Passeriformes,Muscicapidae,Ficedula,15.0,13.9,1.0,,0.232,11.7,
Luscinia luscinia,Thrush nightingale,Passeriformes,Muscicapidae,Luscinia,8.9,23.8,1.0,,,,
Luscinia megarhynchos,Common nightingale,Passeriformes,Muscicapidae,Luscinia,10.9,19.7,1.0,,,,
Luscinia svecica,Bluethroat,Passeriformes,Muscicapidae,Luscinia,11.4,17.3,1.0,0.0356164383561644,,,
Muscicapa striata,Spotted flycatcher,Passeriformes,Muscicapidae,Muscicapa,11.8,15.9,1.0,,0.2476,14.4,
Oenanthe hispanica,Black-eared wheatear,Passeriformes,Muscicapidae,Oenanthe,4.9,15.1,,,,,
Oenanthe oenanthe,Northern wheatear,Passeriformes,Muscicapidae,Oenanthe,10.1,25.0,1.0,0.0383561643835616,,,
Phoenicurus ochruros,Black redstart,Passeriformes,Muscicapidae,Phoenicurus,10.2,16.5,1.0,,,,
Phoenicurus phoenicurus,Common redstart,Passeriformes,Muscicapidae,Phoenicurus,10.2,14.6,1.0,,,,
Saxicola rubetra,Whinchat,Passeriformes,Muscicapidae,Saxicola,6.9,16.6,1.0,,,,
Saxicola torquatus,Common stonechat and stonechat,Passeriformes,Muscicapidae,Saxicola,8.8,10.3,1.0,,,,
Cinnyris asiaticus,Purple sunbird,Passeriformes,Nectariniidae,Cinnyris,22.0,8.1,,,,,
Oriolus oriolus,Eurasian golden-oriole,Passeriformes,Oriolidae,Oriolus,14.8,79.0,1.0,,,,
Oriolus xanthornus,Black-hooded oriole,Passeriformes,Oriolidae,Oriolus,15.5,56.3,,,,,
Sphecotheres viridis,Green figbird (hang-nest),Passeriformes,Oriolidae,Sphecotheres,18.0,121.5,,,,,
Panurus biarmicus,Bearded parrotbill,Passeriformes,Panuridae,Panurus,7.1,13.8,1.0,,,,
Paradisaea apoda,Greater bird-of-paradise,Passeriformes,Paradisaeidae,Paradisaea,12.1,172.0,,,,,
Baeolophus bicolor,Tufted titmouse,Passeriformes,Paridae,Baeolophus,13.3,21.0,1.0,0.0356164383561644,,,
Baeolophus inornatus,Plain titmouse or oak titmouse,Passeriformes,Paridae,Baeolophus,9.0,15.9,1.0,0.0410958904109589,,,
Baeolophus wollweberi,Bridled titmouse,Passeriformes,Paridae,Baeolophus,6.6,10.4,1.0,0.0356164383561644,,,
Cyanistes caeruleus,Blue tit,Passeriformes,Paridae,Cyanistes,14.6,10.3,1.0,,,,
Lophophanes cristatus,Crested tit,Passeriformes,Paridae,Lophophanes,11.6,11.1,1.0,,,,
Parus major,Great tit,Passeriformes,Paridae,Parus,15.4,17.9,1.0,,,,
Periparus ater,Coal tit,Passeriformes,Paridae,Periparus,9.5,9.2,1.0,,,,
Poecile atricapillus,Black-capped chickadee,Passeriformes,Paridae,Poecile,12.4,10.4,0.493150684931507,0.0328767123287671,0.252,10.3,
Poecile carolinensis,Carolina chickadee,Passeriformes,Paridae,Poecile,10.9,10.25,1.0,0.0356164383561644,,,
Poecile cinctus,Siberian tit or gray-headed chickadee,Passeriformes,Paridae,Poecile,9.0,12.5,1.0,0.0410958904109589,,,
Poecile gambeli,Mountain chickadee,Passeriformes,Paridae,Poecile,10.1,11.5,1.0,0.0383561643835616,,,
Poecile hudsonicus,Boreal chickadee,Passeriformes,Paridae,Poecile,7.0,10.0,1.0,0.0410958904109589,,,
Poecile montanus,Willow tit,Passeriformes,Paridae,Poecile,11.3,11.1,,,,,
Poecile palustris,Marsh tit,Passeriformes,Paridae,Poecile,11.9,11.2,1.0,,,,
Poecile rufescens,Chestnut-backed chickadee,Passeriformes,Paridae,Poecile,9.5,9.8,1.0,0.0356164383561644,,,
Poecile sclateri,Mexican chickadee,Passeriformes,Paridae,Poecile,10.1,11.0,1.0,,,,
Cardellina canadensis,Canada warbler,Passeriformes,Parulidae,Cardellina,8.0,10.0,1.0,0.0328767123287671,,,
Cardellina pusilla,Wilson's warbler,Passeriformes,Parulidae,Cardellina,8.9,7.0,1.0,0.0273972602739726,,,
Cardellina rubrifrons,Red-faced warbler,Passeriformes,Parulidae,Cardellina,3.0,9.8,1.0,0.0356164383561644,,,
Geothlypis formosa,Kentucky warbler,Passeriformes,Parulidae,Geothlypis,6.9,14.0,,0.0328767123287671,,,
Geothlypis philadelphia,Mourning warbler,Passeriformes,Parulidae,Geothlypis,7.9,10.0,,0.0328767123287671,,,
Geothlypis tolmiei,Macgillivray's warbler,Passeriformes,Parulidae,Geothlypis,9.0,10.4,,,,,
Geothlypis trichas,Common yellowthroat,Passeriformes,Parulidae,Geothlypis,11.5,9.5,1.0,0.0328767123287671,0.17622,10.6,
Helmitheros vermivorum,Worm-eating warbler,Passeriformes,Parulidae,Helmitheros,8.1,12.5,1.0,0.0356164383561644,,,
Icteria virens,Yellow-breasted chat,Passeriformes,Parulidae,Icteria,8.9,26.0,1.0,0.0301369863013699,,,
Leiothlypis celata,Orange-crowned warbler,Passeriformes,Parulidae,Leiothlypis,8.6,9.2,1.0,0.0328767123287671,0.151745,9.3,
Leiothlypis luciae,Lucy's warbler,Passeriformes,Parulidae,Leiothlypis,5.8,6.6,,0.0301369863013699,,,
Leiothlypis peregrina,Tennessee warbler,Passeriformes,Parulidae,Leiothlypis,6.4,8.5,1.0,0.0301369863013699,,,
Leiothlypis ruficapilla,Nashville warbler,Passeriformes,Parulidae,Leiothlypis,10.2,7.5,1.0,0.0301369863013699,,,
Leiothlypis virginiae,Virginia's warbler,Passeriformes,Parulidae,Leiothlypis,6.2,8.2,,,,,
Limnothlypis swainsonii,Swainson's warbler,Passeriformes,Parulidae,Limnothlypis,9.9,13.5,1.0,0.0383561643835616,,,
Mniotilta varia,Black-and-white warbler,Passeriformes,Parulidae,Mniotilta,12.2,10.9,1.0,0.0301369863013699,0.12727,8.2,
Myioborus pictus,Painted redstart,Passeriformes,Parulidae,Myioborus,6.6,9.75,0.832876712328767,0.0356164383561644,,,
Parkesia motacilla,Louisiana waterthrush,Passeriformes,Parulidae,Parkesia,11.9,22.5,1.0,0.0356164383561644,,,
Parkesia noveboracensis,Northern waterthrush,Passeriformes,Parulidae,Parkesia,8.9,16.3,1.0,0.0328767123287671,0.28391,18.7,
Protonotaria citrea,Prothonotary warbler,Passeriformes,Parulidae,Protonotaria,8.1,14.3,1.0,0.0356164383561644,0.1994,12.8,
Seiurus aurocapilla,Ovenbird,Passeriformes,Parulidae,Seiurus,11.0,18.8,1.0,0.0328767123287671,0.24475,19.0,
Setophaga adelaidae,Adelaide's warbler,Passeriformes,Parulidae,Setophaga,10.6,7.0,,,,,
Setophaga americana,Northern parula,Passeriformes,Parulidae,Setophaga,7.0,7.9,1.0,0.0356164383561644,0.122375,7.0,
Setophaga caerulescens,Black-throated blue warbler,Passeriformes,Parulidae,Setophaga,10.0,10.2,1.0,0.0356164383561644,0.18601,9.4,
Setophaga castanea,Bay-breasted warbler,Passeriformes,Parulidae,Setophaga,4.9,11.5,,0.0328767123287671,,,
Setophaga cerulea,Cerulean warbler,Passeriformes,Parulidae,Setophaga,6.0,8.625,1.0,0.0328767123287671,,,
Setophaga chrysoparia,Golden-cheeked warbler,Passeriformes,Parulidae,Setophaga,11.0,10.2,1.0,,,,
Setophaga citrina,Hooded warbler,Passeriformes,Parulidae,Setophaga,8.2,10.6,0.873972602739726,0.0328767123287671,0.21538,12.0,
Setophaga coronata,Yellow-rumped (myrtle) warbler,Passeriformes,Parulidae,Setophaga,10.0,12.0,,0.0328767123287671,0.1895,11.5,
Setophaga discolor,Prairie warbler,Passeriformes,Parulidae,Setophaga,10.3,7.0,,0.0328767123287671,,,
Setophaga dominica,Yellow-throated warbler,Passeriformes,Parulidae,Setophaga,6.1,9.7,1.0,0.0328767123287671,0.1604,9.8,
Setophaga fusca,Blackburnian warbler,Passeriformes,Parulidae,Setophaga,8.2,9.0,,0.0301369863013699,,,
Setophaga kirtlandii,Kirtland's warbler,Passeriformes,Parulidae,Setophaga,9.0,15.5,1.0,0.0383561643835616,,,
Setophaga magnolia,Magnolia warbler,Passeriformes,Parulidae,Setophaga,8.0,7.5,1.0,0.0328767123287671,,,
Setophaga occidentalis,Hermit warbler,Passeriformes,Parulidae,Setophaga,9.1,10.0,1.0,,,,
Setophaga palmarum,Western palm warbler,Passeriformes,Parulidae,Setophaga,6.6,10.3,,0.0328767123287671,0.1554,9.8,
Setophaga pensylvanica,Chestnut-sided warbler,Passeriformes,Parulidae,Setophaga,6.9,9.0,1.0,0.0328767123287671,,,
Setophaga petechia,Yellow warbler,Passeriformes,Parulidae,Setophaga,11.0,9.8,1.0,0.0328767123287671,,,
Setophaga pinus,Pine warbler,Passeriformes,Parulidae,Setophaga,10.2,11.8,1.0,0.0356164383561644,0.1795,12.0,
Setophaga ruticilla,American redstart,Passeriformes,Parulidae,Setophaga,10.1,8.5,1.0,0.0328767123287671,,,
Setophaga striata,Blackpoll warbler,Passeriformes,Parulidae,Setophaga,8.1,15.0,1.0,0.0328767123287671,,,
Setophaga tigrina,Cape May warbler,Passeriformes,Parulidae,Setophaga,,12.0,1.0,,,,
Setophaga townsendi,Townsend's warbler,Passeriformes,Parulidae,Setophaga,10.7,8.85,,0.0328767123287671,,,
Setophaga virens,Black-throated green warbler,Passeriformes,Parulidae,Setophaga,6.0,9.0,1.0,0.0328767123287671,,,
Vermivora chrysoptera,Golden-winged warbler,Passeriformes,Parulidae,Vermivora,7.9,8.8,0.873972602739726,0.0273972602739726,,,
Vermivora cyanoptera,Blue-winged warbler,Passeriformes,Parulidae,Vermivora,9.0,8.9,1.0,0.0301369863013699,0.1505,7.8,
Passer domesticus,House sparrow,Passeriformes,Passeridae,Passer,23.0,25.3,0.708219178082192,0.0301369863013699,,,
Passer hispaniolensis,Spanish sparrow,Passeriformes,Passeridae,Passer,11.2,24.2,1.0,,,,
Passer moabiticus,Dead Sea sparrow,Passeriformes,Passeridae,Passer,,16.5,,,,,
Passer montanus,Eurasian tree sparrow,Passeriformes,Passeridae,Passer,13.1,20.5,0.873972602739726,0.0356164383561644,0.2007,17.5,
Petronia petronia,Rock sparrow,Passeriformes,Passeridae,Petronia,7.0,30.2,,,,,
Phylloscopus borealis,Arctic warbler,Passeriformes,Phylloscopidae,Phylloscopus,,9.5,1.0,0.0328767123287671,,,
Phylloscopus collybita,Common chiffchaff and Eurasian chiffchaff,Passeriformes,Phylloscopidae,Phylloscopus,8.0,8.3,1.0,,0.165,8.2,
Phylloscopus sibillatrix,Wood warbler,Passeriformes,Phylloscopidae,Phylloscopus,10.2,9.2,1.0,,,,
Phylloscopus trochilus,Willow warbler,Passeriformes,Phylloscopidae,Phylloscopus,11.8,8.7,1.0,,0.208,10.7,
Bubalornis albirostris,African ox birds,Passeriformes,Ploceidae,Bubalornis,20.0,61.9,,,,,
Ploceus cucullatus,Village weaver,Passeriformes,Ploceidae,Ploceus,24.0,36.2,,,,,
Quelea quelea,Red-billed quelea,Passeriformes,Ploceidae,Quelea,10.0,17.5,2.0,,,,
Polioptila caerulea,Blue-grey gnatcatcher,Passeriformes,Polioptilidae,Polioptila,4.2,6.5,0.873972602739726,0.0356164383561644,,,
Polioptila californica,California gnatcatcher,Passeriformes,Polioptilidae,Polioptila,8.0,6.0,1.0,0.0383561643835616,,,
Prunella modularis,Hedge sparrow,Passeriformes,Prunellidae,Prunella,20.8,20.2,1.0,,0.325,16.8,
Pycnonotus jocosus,Red-whiskered bulbul,Passeriformes,Pycnonotidae,Pycnonotus,11.1,27.7,,0.0328767123287671,,,
Pycnonotus xanthopygos,White-spectacled bulbul,Passeriformes,Pycnonotidae,Pycnonotus,8.8,38.1,,,,,
Regulus calendula,Ruby-crowned kinglet,Passeriformes,Regulidae,Regulus,5.6,6.75,1.0,0.0328767123287671,,,
Regulus regulus,Goldcrest,Passeriformes,Regulidae,Regulus,7.0,5.6,1.0,,0.184,5.5,
Regulus satrapa,Golden-crowned kinglet,Passeriformes,Regulidae,Regulus,6.3,5.5,1.0,0.0383561643835616,,,
Auriparus flaviceps,Verdin,Passeriformes,Remizidae,Auriparus,5.6,6.8,1.0,0.0383561643835616,,,
Remiz pendulinus,Eurasian penduline-tit,Passeriformes,Remizidae,Remiz,7.0,9.3,1.0,,,,
Sitta canadensis,Red-breasted nuthatch,Passeriformes,Sittidae,Sitta,7.5,11.2,1.0,0.0328767123287671,,,
Sitta carolinensis,White-breasted nuthatch,Passeriformes,Sittidae,Sitta,9.8,20.5,1.0,0.0328767123287671,,,
Sitta europaea,Wood nuthatch or Eurasian nuthatch,Passeriformes,Sittidae,Sitta,12.9,20.4,1.0,,,,
Sitta pusilla,Brown-headed nuthatch,Passeriformes,Sittidae,Sitta,5.8,10.8,1.0,0.0383561643835616,,,
Sitta pygmaea,Pygmy nuthatch,Passeriformes,Sittidae,Sitta,8.2,10.7,1.0,0.0410958904109589,,,
Acridotheres cristatellus,Crested myna,Passeriformes,Sturnidae,Acridotheres,13.0,116.5,,0.0410958904109589,1.2092,109.4,
Lamprotornis caudatus,Long-tailed glossy starling,Passeriformes,Sturnidae,Lamprotornis,17.8,121.0,,,,,
Lamprotornis hildebrandti,Hildebrandt's starling,Passeriformes,Sturnidae,Lamprotornis,16.9,55.8,,,,,
Leucopsar rothschildi,Bali mynah,Passeriformes,Sturnidae,Leucopsar,25.0,95.0,,0.0356164383561644,,,
Sturnus vulgaris,European starling,Passeriformes,Sturnidae,Sturnus,22.9,74.0,1.0,0.0328767123287671,0.877,75.0,
Chamaea fasciata,Wrentit,Passeriformes,Sylviidae,Chamaea,12.6,14.7,1.0,0.0410958904109589,,,
Sylvia atricapilla,Blackcap,Passeriformes,Sylviidae,Sylvia,13.8,16.7,1.0,,,,
Sylvia borin,Garden warbler,Passeriformes,Sylviidae,Sylvia,24.0,24.6,1.0,,0.416,24.8,
Sylvia communis,Whitethroat,Passeriformes,Sylviidae,Sylvia,8.9,17.7,1.0,,,,
Sylvia curruca,Lesser whitethroat,Passeriformes,Sylviidae,Sylvia,9.0,11.4,1.0,,0.199,10.6,
Sylvia melanocephala,Sardinian warbler,Passeriformes,Sylviidae,Sylvia,8.3,11.7,1.0,,,,
Sylvia nisoria,Barred warbler,Passeriformes,Sylviidae,Sylvia,11.9,22.5,1.0,,,,
Formicivora acutirostris,Marsh antwren,Passeriformes,Thamnophilidae,Formicivora,16.2,9.8,,,,,
Cyanerpes caeruleus,Purple honeycreeper,Passeriformes,Thraupidae,Cyanerpes,17.0,12.0,,,,,
Loxigilla portoricensis,Puerto rican bullfinch,Passeriformes,Thraupidae,Loxigilla,15.6,32.1,,,,,
Nesospingus speculiferus,Puerto Rican tanager,Passeriformes,Thraupidae,Nesospingus,4.0,35.2,,,,,
Sporophila torqueola,White-collared seedeater,Passeriformes,Thraupidae,Sporophila,11.7,8.7,,0.0356164383561644,,,
Thraupis episcopus,Blue-grey tanager,Passeriformes,Thraupidae,Thraupis,9.5,35.0,,0.0356164383561644,,,
Campylorhynchus brunneicapillus,Cactus wren,Passeriformes,Troglodytidae,Campylorhynchus,7.3,38.9,0.665753424657534,0.0438356164383562,,,
Thryomanes bewickii,Bewick's wren,Passeriformes,Troglodytidae,Thryomanes,8.0,9.8,1.0,0.0383561643835616,,,
Thryothorus ludovicianus,Carolina wren,Passeriformes,Troglodytidae,Thryothorus,9.2,17.5,1.0,0.0383561643835616,,,
Troglodytes aedon,House wren,Passeriformes,Troglodytidae,Troglodytes,9.0,9.7,1.0,0.0356164383561644,,,
Troglodytes troglodytes,Winter wren,Passeriformes,Troglodytidae,Troglodytes,7.0,9.1,1.0,0.0410958904109589,0.213,9.0,
Catharus bicknelli,Bicknell's thrush,Passeriformes,Turdidae,Catharus,11.9,27.5,1.0,0.0328767123287671,,,
Catharus fuscescens,Veery,Passeriformes,Turdidae,Catharus,10.1,28.8,1.0,0.0301369863013699,,,
Catharus guttatus,Hermit thrush,Passeriformes,Turdidae,Catharus,10.8,27.8,1.0,0.0328767123287671,,,
Catharus minimus,Grey-cheeked thrush,Passeriformes,Turdidae,Catharus,7.3,24.8,1.0,0.0356164383561644,,,
Catharus ustulatus,Swainson's thrush,Passeriformes,Turdidae,Catharus,11.0,27.9,1.0,0.0328767123287671,,,
Hylocichla mustelina,Wood thrush,Passeriformes,Turdidae,Hylocichla,10.2,43.3,1.0,0.0356164383561644,,,
Ixoreus naevius,Varied thrush,Passeriformes,Turdidae,Ixoreus,5.6,78.5,1.0,0.0383561643835616,,,
Sialia currucoides,Mountain bluebird,Passeriformes,Turdidae,Sialia,9.0,29.6,,0.0356164383561644,,,
Sialia mexicana,Western bluebird,Passeriformes,Turdidae,Sialia,8.7,26.5,1.0,0.0383561643835616,0.423,27.5,
Sialia sialis,Eastern bluebird,Passeriformes,Turdidae,Sialia,10.5,30.5,0.858904109589041,0.0383561643835616,,,
Turdus grayi,Clay-colored robin,Passeriformes,Turdidae,Turdus,9.6,74.0,,0.0328767123287671,,,
Turdus iliacus,Redwing,Passeriformes,Turdidae,Turdus,18.8,61.2,1.0,,0.722,58.0,
Turdus merula,Common blackbird and Eurasian blackbird,Passeriformes,Turdidae,Turdus,21.8,103.2,1.0,,,,
Turdus migratorius,American robin,Passeriformes,Turdidae,Turdus,17.0,75.5,1.0,0.0356164383561644,,,
Turdus philomelos,Song thrush,Passeriformes,Turdidae,Turdus,17.7,67.8,1.0,,0.726,62.8,
Turdus pilaris,Fieldfare,Passeriformes,Turdidae,Turdus,18.1,106.0,1.0,,,,
Turdus plumbeus,Red-legged thrush,Passeriformes,Turdidae,Turdus,14.6,75.3,,,,,
Turdus torquatus,Ring ouzel,Passeriformes,Turdidae,Turdus,9.1,109.0,1.0,,,,
Turdus viscivorus,Mistle thrush,Passeriformes,Turdidae,Turdus,21.2,117.5,1.0,,,,
Camptostoma imberbe,Northern beardless tyrannulet,Passeriformes,Tyrannidae,Camptostoma,5.8,7.4,,,,,
Contopus cooperi,Olive-sided flycatcher,Passeriformes,Tyrannidae,Contopus,11.1,32.8,1.0,0.0410958904109589,,,
Contopus sordidulus,Western wood pewee,Passeriformes,Tyrannidae,Contopus,8.1,12.8,,0.0383561643835616,,,
Contopus virens,Eastern wood pewee,Passeriformes,Tyrannidae,Contopus,8.2,13.9,1.0,0.0356164383561644,0.2576,13.9,
Elaenia martinica,Caribbean elaenia,Passeriformes,Tyrannidae,Elaenia,13.6,20.9,,,,,
Empidonax alnorum,Alder flycatcher,Passeriformes,Tyrannidae,Empidonax,9.1,13.5,1.0,0.0356164383561644,,,
Empidonax difficilis,Pacific-slope flycatcher,Passeriformes,Tyrannidae,Empidonax,6.9,11.0,1.0,0.0383561643835616,,,
Empidonax flaviventris,Yellow-bellied flycatcher,Passeriformes,Tyrannidae,Empidonax,,11.9,1.0,0.0410958904109589,,,
Empidonax hammondii,Hammond's flycatcher,Passeriformes,Tyrannidae,Empidonax,7.0,10.4,,,,,
Empidonax minimus,Least flycatcher,Passeriformes,Tyrannidae,Empidonax,8.0,10.0,1.0,0.0383561643835616,,,
Empidonax oberholseri,Dusky flycatcher,Passeriformes,Tyrannidae,Empidonax,9.0,10.95,1.0,0.0410958904109589,,,
Empidonax traillii,Willow flycatcher,Passeriformes,Tyrannidae,Empidonax,11.0,12.6,1.0,0.0356164383561644,,,
Empidonax virescens,Acadian flycatcher,Passeriformes,Tyrannidae,Empidonax,12.1,12.6,1.0,0.0356164383561644,0.1795,12.3,
Myiarchus antillarum,Puerto rican flycatcher,Passeriformes,Tyrannidae,Myiarchus,13.6,23.4,,,,,
Myiarchus cinerascens,Ash-throated flycatcher,Passeriformes,Tyrannidae,Myiarchus,11.9,28.5,,0.0410958904109589,,,
Myiarchus crinitus,Great crested flycatcher,Passeriformes,Tyrannidae,Myiarchus,14.9,32.1,1.0,0.0383561643835616,0.384,33.9,
Myiarchus tyrannulus,Brown-crested flycatcher,Passeriformes,Tyrannidae,Myiarchus,11.0,35.0,,,,,
Pyrocephalus rubinus,Vermilion flycatcher,Passeriformes,Tyrannidae,Pyrocephalus,5.5,12.87,1.0,0.0383561643835616,,,
Sayornis nigricans,Black phoebe,Passeriformes,Tyrannidae,Sayornis,8.0,18.25,,0.0438356164383562,,,
Sayornis phoebe,Eastern phoebe,Passeriformes,Tyrannidae,Sayornis,10.3,19.7,,0.0438356164383562,0.3449,21.6,
Sayornis saya,Say's phoebe,Passeriformes,Tyrannidae,Sayornis,,21.8,,0.0410958904109589,,,
Tyrannus tyrannus,Eastern kingbird,Passeriformes,Tyrannidae,Tyrannus,11.1,39.9,1.0,0.0328767123287671,0.4372,35.7,
Tyrannus verticalis,Western kingbird,Passeriformes,Tyrannidae,Tyrannus,6.9,40.7,1.0,0.0356164383561644,,,
Vireo atricapilla,Black-capped vireo,Passeriformes,Vireonidae,Vireo,12.0,8.65,,0.0410958904109589,,,
Vireo bellii,Bell's vireo,Passeriformes,Vireonidae,Vireo,9.1,10.0,1.0,0.0383561643835616,,,
Vireo flavifrons,Yellow-throated vireo,Passeriformes,Vireonidae,Vireo,6.1,18.0,1.0,0.0410958904109589,,,
Vireo gilvus,Warbling vireo,Passeriformes,Vireonidae,Vireo,13.1,15.0,0.832876712328767,0.0356164383561644,,,
Vireo griseus,White-eyed vireo,Passeriformes,Vireonidae,Vireo,10.9,12.0,1.0,0.0356164383561644,,,
Vireo huttoni,Hutton's vireo,Passeriformes,Vireonidae,Vireo,13.5,11.3,,0.0383561643835616,,,
Vireo latimeri,Puerto rican vireo,Passeriformes,Vireonidae,Vireo,16.8,12.0,,,,,
Vireo olivaceus,Red-eyed vireo,Passeriformes,Vireonidae,Vireo,10.2,17.0,1.0,0.0328767123287671,,,
Vireo philadelphicus,Philadelphia vireo,Passeriformes,Vireonidae,Vireo,9.8,12.0,,0.0383561643835616,,,
Vireo solitarius,Blue-headed vireo,Passeriformes,Vireonidae,Vireo,7.4,16.0,1.0,0.0328767123287671,,,
Vireo vicinior,Grey vireo,Passeriformes,Vireonidae,Vireo,,12.4,,0.0356164383561644,,,
Zosterops japonicus,Japanese white-eye,Passeriformes,Zosteropidae,Zosterops,5.1,11.25,1.0,0.0301369863013699,,,
Zosterops lateralis,Silvereye,Passeriformes,Zosteropidae,Zosterops,13.0,12.7,1.0,,,,
Ardea alba,Great egret,Pelecaniformes,Ardeidae,Ardea,22.8,873.5,2.0,0.063013698630137,,,
Ardea cinerea,Grey heron,Pelecaniformes,Ardeidae,Ardea,37.5,1443.0,2.0,,,,
Ardea cocoi,Cocoi heron,Pelecaniformes,Ardeidae,Ardea,24.4,1937.7,,,,,
Ardea goliath,Goliath heron,Pelecaniformes,Ardeidae,Ardea,22.9,4468.0,,,,,
Ardea herodias,Great blue heron,Pelecaniformes,Ardeidae,Ardea,24.5,1870.0,1.83287671232877,0.0767123287671233,,,
Ardea purpurea,Purple heron,Pelecaniformes,Ardeidae,Ardea,25.4,1065.5,2.0,,,,
Botaurus lentiginosus,American bittern,Pelecaniformes,Ardeidae,Botaurus,8.3,706.0,1.0,0.0931506849315069,2.7412,600.0,
Botaurus stellaris,Bittern,Pelecaniformes,Ardeidae,Botaurus,11.3,1324.5,2.0,,,,
Bubulcus ibis,Cattle egret,Pelecaniformes,Ardeidae,Bubulcus,23.0,390.0,2.0,0.0602739726027397,,,
Butorides virescens,Green heron,Pelecaniformes,Ardeidae,Butorides,11.6,175.0,2.0,0.0547945205479452,,,
Egretta caerulea,Little blue heron,Pelecaniformes,Ardeidae,Egretta,13.9,339.5,1.0,0.063013698630137,,,
Egretta garzetta,Little egret,Pelecaniformes,Ardeidae,Egretta,22.3,312.0,1.0,,,,
Egretta rufescens,Reddish egret,Pelecaniformes,Ardeidae,Egretta,22.0,614.0,4.0027397260274,,,,
Egretta thula,Snowy egret,Pelecaniformes,Ardeidae,Egretta,22.8,314.0,1.0,0.0493150684931507,,,
Egretta tricolor,Tricolored heron,Pelecaniformes,Ardeidae,Egretta,17.7,309.9,1.83287671232877,0.0575342465753425,,,
Ixobrychus minutus,Little bittern,Pelecaniformes,Ardeidae,Ixobrychus,6.9,101.0,2.0,,,,
Nycticorax nycticorax,Black-crowned night heron,Pelecaniformes,Ardeidae,Nycticorax,21.1,800.0,1.0,0.0684931506849315,,,
Balaeniceps rex,Shoebill,Pelecaniformes,Balaenicipitidae,Balaeniceps,35.7,5984.0,,,,,
Pelecanus crispus,Dalmatian pelican,Pelecaniformes,Pelecanidae,Pelecanus,35.3,9550.0,,,,,
Pelecanus erythrorhynchos,American white pelican,Pelecaniformes,Pelecanidae,Pelecanus,54.0,6129.0,3.0,0.0986301369863014,,,
Pelecanus occidentalis,Brown pelican,Pelecaniformes,Pelecanidae,Pelecanus,43.0,3115.8,1.5,0.0794520547945206,,,
Pelecanus onocrotalus,Great white pelican,Pelecaniformes,Pelecanidae,Pelecanus,51.0,9520.0,,,,,
Bostrychia carunculata,Wattled ibis,Pelecaniformes,Threskiornithidae,Bostrychia,12.0,,,,,,
Bostrychia hagedash,Hadada ibis,Pelecaniformes,Threskiornithidae,Bostrychia,16.0,1238.0,,,,,
Bostrychia rara,Spot-breasted ibis,Pelecaniformes,Threskiornithidae,Bostrychia,,,,,,,
Eudocimus albus,White ibis,Pelecaniformes,Threskiornithidae,Eudocimus,27.6,940.0,2.0,0.0602739726027397,,,
Eudocimus ruber,Scarlet ibis,Pelecaniformes,Threskiornithidae,Eudocimus,33.2,615.0,,0.063013698630137,,,
Geronticus calvus,Bald ibis,Pelecaniformes,Threskiornithidae,Geronticus,15.3,,,,,,
Geronticus eremita,Northern bald ibis,Pelecaniformes,Threskiornithidae,Geronticus,32.9,1202.0,,,,,
Nipponia nippon,Crested ibis,Pelecaniformes,Threskiornithidae,Nipponia,25.8,1900.0,,,,,
Phimosus infuscatus,Whispering ibis,Pelecaniformes,Threskiornithidae,Phimosus,20.0,559.0,,,,,
Platalea ajaja,Roseate spoonbill,Pelecaniformes,Threskiornithidae,Platalea,28.0,1036.97,3.0,0.063013698630137,,,
Platalea alba,African spoonbill,Pelecaniformes,Threskiornithidae,Platalea,17.9,1521.0,,,,,
Platalea flavipes,Yellow-billed spoonbill,Pelecaniformes,Threskiornithidae,Platalea,28.6,1747.5,,,,,
Platalea leucorodia,Eurasian spoonbill,Pelecaniformes,Threskiornithidae,Platalea,30.1,1868.0,3.0,,,,
Platalea minor,Black-faced spoonbill,Pelecaniformes,Threskiornithidae,Platalea,15.0,1228.0,,,,,
Plegadis chihi,White-faced ibis,Pelecaniformes,Threskiornithidae,Plegadis,20.4,487.5,2.0,0.0575342465753425,,,
Plegadis falcinellus,Glossy ibis,Pelecaniformes,Threskiornithidae,Plegadis,26.8,431.2,3.0,0.0575342465753425,,,
Plegadis ridgwayi,Puna ibis,Pelecaniformes,Threskiornithidae,Plegadis,18.0,584.0,,,,,
Pseudibis papillosa,Black ibis,Pelecaniformes,Threskiornithidae,Pseudibis,30.0,,,,,,
Theristicus caerulescens,Plumbeous ibis,Pelecaniformes,Threskiornithidae,Theristicus,,1500.0,,,,,
Theristicus caudatus,Buff-necked ibis,Pelecaniformes,Threskiornithidae,Theristicus,22.0,1726.0,,,,,
Theristicus melanopis,Black-faced ibis,Pelecaniformes,Threskiornithidae,Theristicus,34.5,,,,,,
Threskiornis aethiopicus,Sacred ibis,Pelecaniformes,Threskiornithidae,Threskiornis,37.0,1530.0,,,,,
Threskiornis melanocephalus,Black-headed ibis,Pelecaniformes,Threskiornithidae,Threskiornis,28.2,,,,,,
Threskiornis molucca,Australian ibis,Pelecaniformes,Threskiornithidae,Threskiornis,33.2,1806.0,,,,,
Threskiornis spinicollis,Straw-necked ibis,Pelecaniformes,Threskiornithidae,Threskiornis,39.4,1351.5,,,,,
Phaethon aethereus,Red-billed tropicbird,Phaethontiformes,Phaethontidae,Phaethon,17.6,750.0,,0.120547945205479,,,
Phaethon rubricauda,Red-tailed tropicbird,Phaethontiformes,Phaethontidae,Phaethon,32.7,593.2,0.750684931506849,0.123287671232877,,,
Phoeniconaias minor,Lesser flamingo,Phoenicopteriformes,Phoenicopteridae,Phoeniconaias,41.0,1500.0,,,,,
Phoenicopterus chilensis,Chilean flamingo,Phoenicopteriformes,Phoenicopteridae,Phoenicopterus,36.7,2277.0,,,,,
Phoenicopterus roseus,Greater flamingo,Phoenicopteriformes,Phoenicopteridae,Phoenicopterus,44.0,2500.0,5.0,0.0821917808219178,,,
Phoenicopterus ruber,American flamingo,Phoenicopteriformes,Phoenicopteridae,Phoenicopterus,,3065.8,,,,,
Colaptes auratus,Northern flicker,Piciformes,Picidae,Colaptes,12.5,120.0,1.0,0.0301369863013699,,,
Dendrocopos leucotos,White-backed woodpecker,Piciformes,Picidae,Dendrocopos,15.9,117.0,,,,,
Dendrocopos major,Great spotted woodpecker,Piciformes,Picidae,Dendrocopos,12.7,75.1,1.0,,,,
Dendrocopos medius,Middle spotted woodpecker,Piciformes,Picidae,Dendrocopos,8.0,59.0,1.0,,,,
Dendrocopos minor,Lesser spotted woodpecker,Piciformes,Picidae,Dendrocopos,9.8,19.8,1.0,,,,
Dendrocopos syriacus,Syrian woodpecker,Piciformes,Picidae,Dendrocopos,10.9,76.8,,,,,
Dryocopus martius,Black woodpecker,Piciformes,Picidae,Dryocopus,14.0,321.0,1.0,,,,
Dryocopus pileatus,Pileated woodpecker,Piciformes,Picidae,Dryocopus,13.0,364.0,0.984931506849315,0.0493150684931507,,,
Jynx torquilla,Eurasian wryneck,Piciformes,Picidae,Jynx,10.0,35.0,1.0,,,,
Melanerpes aurifrons,Golden-fronted woodpecker,Piciformes,Picidae,Melanerpes,,81.63,1.0,0.0356164383561644,,,
Melanerpes carolinus,Red-bellied woodpecker,Piciformes,Picidae,Melanerpes,20.7,72.5,1.0,0.0328767123287671,,,
Melanerpes erythrocephalus,Red-headed woodpecker,Piciformes,Picidae,Melanerpes,10.0,75.0,1.0,0.0383561643835616,,,
Melanerpes formicivorus,Acorn woodpecker,Piciformes,Picidae,Melanerpes,17.2,79.7,2.0,0.0383561643835616,0.737,73.0,
Melanerpes uropygialis,Gila woodpecker,Piciformes,Picidae,Melanerpes,11.0,65.0,,0.0383561643835616,,,
Picoides borealis,Red-cockaded woodpecker,Piciformes,Picidae,Picoides,16.1,56.0,0.657534246575342,0.0301369863013699,,,
Picoides nuttallii,Nuttall's woodpecker,Piciformes,Picidae,Picoides,7.8,37.4,,,,,
Picoides pubescens,Downy woodpecker,Piciformes,Picidae,Picoides,11.9,25.6,1.0,0.0328767123287671,0.383,21.7,
Picoides scalaris,Ladder-backed woodpecker,Piciformes,Picidae,Picoides,,30.3,1.0,0.0356164383561644,,,
Picoides tridactylus,Eurasian three-toed woodpecker and three-toed woodpecker,Piciformes,Picidae,Picoides,11.2,65.7,,,,,
Picoides villosus,Hairy woodpecker,Piciformes,Picidae,Picoides,15.9,62.0,1.0,0.0383561643835616,,,
Picus canus,Grey-faced woodpecker and grey-headed woodpecker,Piciformes,Picidae,Picus,,137.0,,,,,
Picus viridis,Eurasian green woodpecker,Piciformes,Picidae,Picus,15.2,176.0,1.0,,,,
Sphyrapicus nuchalis,Red-naped sapsucker,Piciformes,Picidae,Sphyrapicus,4.9,48.5,,,,,
Sphyrapicus ruber,Red-breasted sapsucker,Piciformes,Picidae,Sphyrapicus,4.8,55.0,,,,,
Sphyrapicus varius,Yellow-bellied sapsucker,Piciformes,Picidae,Sphyrapicus,7.8,45.0,1.0,0.0328767123287671,,,
Ramphastos toco,Toco toucan,Piciformes,Ramphastidae,Ramphastos,16.2,540.0,,0.0438356164383562,,,
Aechmophorus occidentalis,Western grebe,Podicipediformes,Podicipedidae,Aechmophorus,14.0,1475.5,1.0,0.063013698630137,,,
Podiceps auritus,Horned grebe,Podicipediformes,Podicipedidae,Podiceps,,485.0,1.0,0.0657534246575342,,,
Podiceps cristatus,Great crested grebe,Podicipediformes,Podicipedidae,Podiceps,19.2,738.7,2.0,,,,
Podiceps grisegena,Red-necked grebe,Podicipediformes,Podicipedidae,Podiceps,11.0,1100.0,1.0,0.0602739726027397,,,
Podiceps nigricollis,Eared grebe,Podicipediformes,Podicipedidae,Podiceps,13.1,392.0,2.0,0.0575342465753425,,,
Podilymbus podiceps,Pied-billed grebe,Podicipediformes,Podicipedidae,Podilymbus,,430.0,1.0,0.063013698630137,,,
Tachybaptus ruficollis,Little grebe,Podicipediformes,Podicipedidae,Tachybaptus,17.5,174.0,1.0,,,,
Diomedea epomophora,Royal albatross,Procellariiformes,Diomedeidae,Diomedea,58.0,9000.0,,,,,
Diomedea exulans,Wandering albatross,Procellariiformes,Diomedeidae,Diomedea,50.0,7046.7,,,20.3649,8130.0,
Phoebastria albatrus,Short-tailed albatross,Procellariiformes,Diomedeidae,Phoebastria,,4411.0,,,,,
Phoebastria immutabilis,Laysan albatross,Procellariiformes,Diomedeidae,Phoebastria,65.0,3150.0,8.50547945205479,0.175342465753425,7.462,2522.0,
Phoebastria irrorata,Waved albatross,Procellariiformes,Diomedeidae,Phoebastria,40.0,3395.0,,,,,
Phoebastria nigripes,Black-footed albatross,Procellariiformes,Diomedeidae,Phoebastria,42.1,2800.0,5.0,0.178082191780822,,,
Thalassarche chlororhynchos,Yellow-nosed albatross,Procellariiformes,Diomedeidae,Thalassarche,37.0,3890.0,,,,,
Thalassarche chrysostoma,Grey-headed albatross,Procellariiformes,Diomedeidae,Thalassarche,47.2,3753.0,,,8.5312,3753.0,
Thalassarche melanophris,Black-browed albatross,Procellariiformes,Diomedeidae,Thalassarche,43.7,3232.0,,,,,
Hydrobates pelagicus,European storm petrel,Procellariiformes,Hydrobatidae,Hydrobates,33.8,25.2,3.0,0.0958904109589041,,,
Oceanodroma castro,Harcourt's storm petrel,Procellariiformes,Hydrobatidae,Oceanodroma,36.0,42.0,5.0027397260274,0.115068493150685,,,
Oceanodroma furcata,Fork-tailed storm petrel,Procellariiformes,Hydrobatidae,Oceanodroma,18.0,45.2,3.0,0.142465753424658,,,
Oceanodroma homochroa,Ashy storm-petrel,Procellariiformes,Hydrobatidae,Oceanodroma,31.0,36.9,,,,,
Oceanodroma leucorhoa,Leach's storm petrel,Procellariiformes,Hydrobatidae,Oceanodroma,36.0,44.6,5.0027397260274,0.112328767123288,,,
Oceanodroma tristrami,Sooty storm petrel,Procellariiformes,Hydrobatidae,Oceanodroma,,87.0,5.0,0.123287671232877,,,
Bulweria bulwerii,Bulwer's petrel,Procellariiformes,Procellariidae,Bulweria,22.9,99.0,4.0027397260274,0.120547945205479,0.513975,87.0,
Calonectris diomedea,Cory's shearwater,Procellariiformes,Procellariidae,Calonectris,24.8,535.0,3.0,,,,
Daption capense,Cape petrel,Procellariiformes,Procellariidae,Daption,25.0,408.6,,,,,
Fulmarus glacialis,Northern fulmar,Procellariiformes,Procellariidae,Fulmarus,51.0,908.0,6.02739726027397,0.150684931506849,,,
Fulmarus glacialoides,Southern fulmar,Procellariiformes,Procellariidae,Fulmarus,45.0,795.0,,,,,
Macronectes giganteus,Southern giant petrel,Procellariiformes,Procellariidae,Macronectes,47.0,3697.5,,,,,
Pagodroma nivea,Snow petrel,Procellariiformes,Procellariidae,Pagodroma,46.0,268.0,,,,,
Procellaria parkinsoni,Black petrel,Procellariiformes,Procellariidae,Procellaria,17.0,702.5,,,,,
Pterodroma alba,Phoenix petrel,Procellariiformes,Procellariidae,Pterodroma,11.3,259.0,,,,,
Pterodroma hypoleuca,Bonin Island petrel,Procellariiformes,Procellariidae,Pterodroma,30.8,168.6,,0.134246575342466,,,
Pterodroma leucoptera,Gould's petrel,Procellariiformes,Procellariidae,Pterodroma,20.0,147.5,,,,,
Pterodroma phaeopygia,Darked-rump petrel,Procellariiformes,Procellariidae,Pterodroma,,425.0,,0.150684931506849,,,
Pterodroma sandwichensis,Hawaiian petrel,Procellariiformes,Procellariidae,Pterodroma,13.1,434.0,,,,,
Puffinus carneipes,Flesh-footed shearwater,Procellariiformes,Procellariidae,Puffinus,30.2,690.0,,,,,
Puffinus griseus,Sooty shearwater,Procellariiformes,Procellariidae,Puffinus,34.0,740.0,,,,,
Puffinus lherminieri,Audobon's shearwater,Procellariiformes,Procellariidae,Puffinus,,130.0,,0.13972602739726,,,
Puffinus mauretanicus,Balearic shearwater,Procellariiformes,Procellariidae,Puffinus,,497.0,,,,,
Puffinus nativitatis,Christmas Island shearwater,Procellariiformes,Procellariidae,Puffinus,,356.0,4.0027397260274,0.13972602739726,1.48808,307.6,
Puffinus pacificus,Wedge-tailed shearwater,Procellariiformes,Procellariidae,Puffinus,29.0,337.8,4.0027397260274,0.145205479452055,,,
Puffinus puffinus,Manx shearwater,Procellariiformes,Procellariidae,Puffinus,50.9,434.0,4.75068493150685,0.13972602739726,,,
Puffinus tenuirostris,Short-tailed shearwater,Procellariiformes,Procellariidae,Puffinus,39.9,499.4,,0.145205479452055,,,
Agapornis fischeri,Fischer's lovebird,Psittaciformes,Psittacidae,Agapornis,12.6,48.3,,,,,
Agapornis lilianae,Nyasa loverbird,Psittaciformes,Psittacidae,Agapornis,19.2,37.3,,,,,
Agapornis pullarius,Red-headed lovebird,Psittaciformes,Psittacidae,Agapornis,18.0,43.0,,,,,
Agapornis roseicollis,Rosy-faced lovebird,Psittaciformes,Psittacidae,Agapornis,,54.8,0.410958904109589,0.063013698630137,,,
Agapornis taranta,Black-winged lovebird,Psittaciformes,Psittacidae,Agapornis,14.6,57.5,,,,,
Alisterus scapularis,Australian king parrot,Psittaciformes,Psittacidae,Alisterus,26.6,232.5,,,,,
Amazona aestiva,Blue-fronted amazon,Psittaciformes,Psittacidae,Amazona,49.0,451.0,,,,,
Amazona albifrons,White-fronted parrot,Psittaciformes,Psittacidae,Amazona,25.3,215.0,,,,,
Amazona amazonica,Orange-winged amazon,Psittaciformes,Psittacidae,Amazona,30.0,370.0,,,,,
Amazona auropalliata,Yellow-naped parrot,Psittaciformes,Psittacidae,Amazona,49.0,,,,,,
Amazona autumnalis,Red-lored parrot,Psittaciformes,Psittacidae,Amazona,27.0,416.0,,,,,
Amazona barbadensis,Yellow-shouldered amazon,Psittaciformes,Psittacidae,Amazona,,270.0,,,,,
Amazona farinosa,Mealy parrot,Psittaciformes,Psittacidae,Amazona,,626.0,,,,,
Amazona festiva,Festive amazon,Psittaciformes,Psittacidae,Amazona,24.5,430.0,,,,,
Amazona finschi,Lilac-crowned parrot,Psittaciformes,Psittacidae,Amazona,25.8,302.0,,,,,
Amazona guildingii,St. Vincent parrot,Psittaciformes,Psittacidae,Amazona,28.0,646.0,,,,,
Amazona leucocephala,Cuban parrot,Psittaciformes,Psittacidae,Amazona,,235.5,,,,,
Amazona ochrocephala,Yellow-crowned parrot,Psittaciformes,Psittacidae,Amazona,56.0,430.0,,,,,
Amazona oratrix,Yellow-headed parrot,Psittaciformes,Psittacidae,Amazona,,517.0,,,,,
Amazona rhodocorytha,Red-browed parrot,Psittaciformes,Psittacidae,Amazona,44.0,,,,,,
Amazona versicolor,St. Lucia amazon,Psittaciformes,Psittacidae,Amazona,,676.0,,,,,
Amazona viridigenalis,Red-crowned parrot,Psittaciformes,Psittacidae,Amazona,,316.0,,,,,
Amazona vittata,Puerto Rican amazon,Psittaciformes,Psittacidae,Amazona,,,,,,,
Anodorhynchus glaucus,Glaucous macaw,Psittaciformes,Psittacidae,Anodorhynchus,,,,,,,
Anodorhynchus hyacinthinus,Hyacinth macaw,Psittaciformes,Psittacidae,Anodorhynchus,38.8,1330.0,,,,,
Anodorhynchus leari,Lear's macaw,Psittaciformes,Psittacidae,Anodorhynchus,38.3,940.0,,,,,
Aprosmictus erythropterus,Red-winged parrot,Psittaciformes,Psittacidae,Aprosmictus,24.4,136.0,,,,,
Ara ambiguus,Great green macaw,Psittaciformes,Psittacidae,Ara,29.0,1300.0,,,,,
Ara ararauna,Blue-and-yellow macaw,Psittaciformes,Psittacidae,Ara,43.0,1030.0,,,,,
Ara chloropterus,Red-and-green macaw,Psittaciformes,Psittacidae,Ara,50.1,1220.0,,0.0767123287671233,,,
Ara glaucogularis,Blue-throated macaw,Psittaciformes,Psittacidae,Ara,22.0,784.0,,,,,
Ara macao,Scarlet macaw,Psittaciformes,Psittacidae,Ara,33.0,1040.0,,,,,
Ara militaris,Military macaw,Psittaciformes,Psittacidae,Ara,46.0,1134.0,,,,,
Ara rubrogenys,Red-fronted macaw,Psittaciformes,Psittacidae,Ara,23.0,470.0,,,,,
Ara severus,Chestnut-fronted macaw,Psittaciformes,Psittacidae,Ara,28.5,343.0,,,,,
Aratinga acuticaudata,Blue-crowned parakeet,Psittaciformes,Psittacidae,Aratinga,31.0,171.0,,,,,
Aratinga auricapillus,Golden-capped parakeet,Psittaciformes,Psittacidae,Aratinga,20.9,130.0,,,,,
Aratinga canicularis,Orange-fronted parakeet,Psittaciformes,Psittacidae,Aratinga,16.2,85.0,,,,,
Aratinga chloroptera,Hispaniolan parakeet,Psittaciformes,Psittacidae,Aratinga,,146.0,,,,,
Aratinga erythrogenys,Red-masked parakeet,Psittaciformes,Psittacidae,Aratinga,26.2,151.0,,,,,
Aratinga holochlora,Green parakeet,Psittaciformes,Psittacidae,Aratinga,21.8,138.0,,,,,
Barnardius zonarius,Port Lincoln ringneck,Psittaciformes,Psittacidae,Barnardius,17.9,150.0,,,0.718,137.0,
Bolborhynchus orbygnesius,Andean parakeet,Psittaciformes,Psittacidae,Bolborhynchus,9.2,43.1,,,,,
Brotogeris chiriri,Yellow-chevroned parakeet,Psittaciformes,Psittacidae,Brotogeris,19.0,61.6,,0.0712328767123288,,,
Brotogeris pyrrhoptera,Grey-cheeked parakeet,Psittaciformes,Psittacidae,Brotogeris,11.3,64.0,,,,,
Brotogeris sanctithomae,Tui parakeet,Psittaciformes,Psittacidae,Brotogeris,13.2,59.0,,,,,
Brotogeris tirica,Plain parakeet,Psittaciformes,Psittacidae,Brotogeris,11.0,63.0,,,,,
Brotogeris versicolurus,Canary-winged parakeet,Psittaciformes,Psittacidae,Brotogeris,10.3,71.6,2.0,0.0684931506849315,,,
Cacatua alba,White cockatoo,Psittaciformes,Psittacidae,Cacatua,26.9,570.0,5.47945205479452,0.0821917808219178,,,
Cacatua ducorpsii,Ducorps's cockatoo,Psittaciformes,Psittacidae,Cacatua,30.5,394.0,,,,,
Cacatua galerita,Sulphur-crested cockatoo,Psittaciformes,Psittacidae,Cacatua,57.0,800.0,,0.073972602739726,3.419,776.1,
Cacatua goffiniana,Tanimbar cockatoo,Psittaciformes,Psittacidae,Cacatua,26.0,275.0,,,,,
Cacatua haematuropygia,Philippine cockatoo,Psittaciformes,Psittacidae,Cacatua,17.3,288.0,,,,,
Cacatua leadbeateri,Pink cockatoo,Psittaciformes,Psittacidae,Cacatua,83.0,390.0,,,,,
Cacatua moluccensis,Salmon-crested cockatoo,Psittaciformes,Psittacidae,Cacatua,65.8,830.0,,,,,
Cacatua ophthalmica,Blue-eyed cockatoo,Psittaciformes,Psittacidae,Cacatua,31.9,492.0,,,,,
Cacatua pastinator,Western corella,Psittaciformes,Psittacidae,Cacatua,26.3,637.0,,,,,
Cacatua sanguinea,Little corella,Psittaciformes,Psittacidae,Cacatua,46.9,350.0,,,,,
Cacatua sulphurea,Yellow-crested cockatoo,Psittaciformes,Psittacidae,Cacatua,49.7,340.0,,,,,
Cacatua tenuirostris,Long-billed corella,Psittaciformes,Psittacidae,Cacatua,43.0,567.0,,,,,
Callocephalon fimbriatum,Gang-gang cockatoo,Psittaciformes,Psittacidae,Callocephalon,27.5,256.0,,,,,
Calyptorhynchus banksii,Banksian cockatoo,Psittaciformes,Psittacidae,Calyptorhynchus,45.4,723.7,,,,,
Calyptorhynchus baudinii,Long-billed black cockatoo,Psittaciformes,Psittacidae,Calyptorhynchus,47.0,620.0,,,,,
Calyptorhynchus funereus,Yellow-tailed black cockatoo,Psittaciformes,Psittacidae,Calyptorhynchus,41.0,678.5,,,,,
Calyptorhynchus lathami,Glossy black cockatoo,Psittaciformes,Psittacidae,Calyptorhynchus,,437.0,,,,,
Chalcopsitta atra,Black lory,Psittaciformes,Psittacidae,Chalcopsitta,17.5,260.0,,,,,
Chalcopsitta sintillata,Yellow-streaked lory,Psittaciformes,Psittacidae,Chalcopsitta,19.7,190.0,,,,,
Charmosyna papou,Papuan lorikeet,Psittaciformes,Psittacidae,Charmosyna,11.3,83.0,,,,,
Conuropsis carolinensis,Carolina parakeet,Psittaciformes,Psittacidae,Conuropsis,30.0,100.0,,0.0602739726027397,,,
Coracopsis nigra,Black parrot,Psittaciformes,Psittacidae,Coracopsis,34.1,193.5,,,,,
Coracopsis vasa,Vasa parrot,Psittaciformes,Psittacidae,Coracopsis,53.9,525.0,,,,,
Cyanoliseus patagonus,Patagonian conure,Psittaciformes,Psittacidae,Cyanoliseus,19.5,278.0,,,,,
Cyanopsitta spixii,Spix's macaw,Psittaciformes,Psittacidae,Cyanopsitta,27.0,200.0,,,,,
Cyanoramphus auriceps,Yellow-fronted parakeet,Psittaciformes,Psittacidae,Cyanoramphus,9.3,46.0,,,,,
Cyanoramphus novaezelandiae,Red-fronted parakeet,Psittaciformes,Psittacidae,Cyanoramphus,12.4,92.6,,,,,
Deroptyus accipitrinus,Red-fan parrot,Psittaciformes,Psittacidae,Deroptyus,21.8,246.0,,,,,
Diopsittaca nobilis,Red-shouldered macaw,Psittaciformes,Psittacidae,Diopsittaca,22.9,151.0,,,,,
Eclectus roratus,Eclectus parrot,Psittaciformes,Psittacidae,Eclectus,28.5,440.0,,,,,
Enicognathus leptorhynchus,Slender-billed parakeet,Psittaciformes,Psittacidae,Enicognathus,15.3,193.0,,,,,
Eolophus roseicapilla,Galah,Psittaciformes,Psittacidae,Eolophus,40.0,300.0,,,1.248,268.7,
Eos bornea,Red lory,Psittaciformes,Psittacidae,Eos,24.7,156.0,,,,,
Eos cyanogenia,Black-winged lory,Psittaciformes,Psittacidae,Eos,18.1,167.0,,,,,
Eos histrio,Red-and-blue lory,Psittaciformes,Psittacidae,Eos,15.2,,,,,,
Eos reticulata,Blue-streaked lory,Psittaciformes,Psittacidae,Eos,16.6,,,,,,
Eos squamata,Violet-necked lory,Psittaciformes,Psittacidae,Eos,16.5,,,,,,
Eunymphicus cornutus,Horned parakeet,Psittaciformes,Psittacidae,Eunymphicus,19.7,130.0,,,,,
Forpus coelestis,Pacific parrotlet,Psittaciformes,Psittacidae,Forpus,10.4,26.2,,,,,
Forpus cyanopygius,Mexican parrotlet,Psittaciformes,Psittacidae,Forpus,10.5,33.5,,,,,
Forpus passerinus,Green-rumped parrotlet,Psittaciformes,Psittacidae,Forpus,11.6,24.0,,,,,
Forpus xanthops,Yellow-faced parrotlet,Psittaciformes,Psittacidae,Forpus,10.5,,,,,,
Glossopsitta concinna,Musk lorikeet,Psittaciformes,Psittacidae,Glossopsitta,11.5,70.8,,,,,
Glossopsitta porphyrocephala,Purple-crowned lorikeet,Psittaciformes,Psittacidae,Glossopsitta,12.0,44.0,,,,,
Graydidascalus brachyurus,Short-tailed parrot,Psittaciformes,Psittacidae,Graydidascalus,13.2,159.0,,,,,
Guaruba guarouba,Golden conure,Psittaciformes,Psittacidae,Guaruba,23.2,250.0,,,,,
Loriculus galgulus,Blue-crowned hanging parrot,Psittaciformes,Psittacidae,Loriculus,14.3,28.0,,,,,
Loriculus philippensis,Colasisi,Psittaciformes,Psittacidae,Loriculus,10.1,34.9,,,,,
Loriculus vernalis,Vernal hanging parrot,Psittaciformes,Psittacidae,Loriculus,10.1,35.7,,,,,
Lorius domicella,Purple-naped lory,Psittaciformes,Psittacidae,Lorius,26.0,182.0,,,,,
Lorius garrulus,Chattering lory,Psittaciformes,Psittacidae,Lorius,26.6,143.0,,,,,
Lorius lory,Black-capped lory,Psittaciformes,Psittacidae,Lorius,18.5,177.0,,,,,
Melopsittacus undulatus,Budgerigar,Psittaciformes,Psittacidae,Melopsittacus,21.0,30.0,0.493150684931507,0.0493150684931507,0.3035,25.2,314.15
Myiopsitta monachus,Monk parakeet,Psittaciformes,Psittacidae,Myiopsitta,22.1,81.7,2.0,0.0849315068493151,0.5189,80.4,
Nandayus nenday,Nanday parakeet,Psittaciformes,Psittacidae,Nandayus,18.7,128.0,,,,,
Neophema chrysostoma,Blue-winged parrot,Psittaciformes,Psittacidae,Neophema,21.0,46.1,,,,,
Neophema pulchella,Turquoise parrot,Psittaciformes,Psittacidae,Neophema,21.0,41.4,,,,,
Neophema splendida,Scarlet-chested parrot,Psittaciformes,Psittacidae,Neophema,14.0,38.6,,,,,
Neopsephotus bourkii,Bourke's parrot,Psittaciformes,Psittacidae,Neopsephotus,12.6,45.0,,,,,
Nestor meridionalis,Kaka,Psittaciformes,Psittacidae,Nestor,,429.0,,,,,
Nestor notabilis,Kea,Psittaciformes,Psittacidae,Nestor,47.0,867.5,,,,,
Northiella haematogaster,Bluebonnet,Psittaciformes,Psittacidae,Northiella,15.3,86.2,,,,,
Nymphicus hollandicus,Cockatiel,Psittaciformes,Psittacidae,Nymphicus,35.0,90.0,,,,,
Phigys solitarius,Collared lory,Psittaciformes,Psittacidae,Phigys,,83.6,,,,,
Pionites leucogaster,White-bellied parrot,Psittaciformes,Psittacidae,Pionites,26.0,155.0,,,,,
Pionites melanocephalus,Black-headed parrot,Psittaciformes,Psittacidae,Pionites,22.6,149.0,,,,,
Pionopsitta pileata,Pileated parrot,Psittaciformes,Psittacidae,Pionopsitta,16.8,119.0,,,,,
Pionus maximiliani,Scaly-headed parrot,Psittaciformes,Psittacidae,Pionus,16.2,293.0,,,,,
Pionus menstruus,Blue-headed parrot,Psittaciformes,Psittacidae,Pionus,20.6,251.0,,,,,
Platycercus elegans,Crimson rosella,Psittaciformes,Psittacidae,Platycercus,26.8,124.5,,,,,
Platycercus eximius,Eastern rosella,Psittaciformes,Psittacidae,Platycercus,27.4,104.0,,,,,
Platycercus icterotis,Western rosella,Psittaciformes,Psittacidae,Platycercus,13.2,63.3,,,,,
Platycercus venustus,Northern rosella,Psittaciformes,Psittacidae,Platycercus,19.1,89.5,,,,,
Poicephalus cryptoxanthus,Brown-headed parrot,Psittaciformes,Psittacidae,Poicephalus,32.1,140.0,,,,,
Poicephalus gulielmi,Red-fronted parrot,Psittaciformes,Psittacidae,Poicephalus,21.0,275.0,,,,,
Poicephalus meyeri,Brown parrot,Psittaciformes,Psittacidae,Poicephalus,34.2,117.5,,,,,
Poicephalus robustus,Brown-necked parrot,Psittaciformes,Psittacidae,Poicephalus,29.7,344.0,,,,,
Poicephalus rueppellii,Ruppel's parrot,Psittaciformes,Psittacidae,Poicephalus,34.3,116.0,,,,,
Poicephalus rufiventris,Red-bellied parrot,Psittaciformes,Psittacidae,Poicephalus,33.4,120.0,,,,,
Poicephalus senegalus,Senegal parrot,Psittaciformes,Psittacidae,Poicephalus,40.0,155.0,,,,,
Polytelis alexandrae,Alexandra's parrot,Psittaciformes,Psittacidae,Polytelis,23.9,104.0,,,,,
Polytelis anthopeplus,Regent parrot,Psittaciformes,Psittacidae,Polytelis,13.8,170.0,,,,,
Polytelis swainsonii,Superb parrot,Psittaciformes,Psittacidae,Polytelis,15.1,153.0,,,,,
Primolius maracana,Blue-winged macaw,Psittaciformes,Psittacidae,Primolius,31.0,256.0,,,,,
Probosciger aterrimus,Palm cockatoo,Psittaciformes,Psittacidae,Probosciger,56.3,841.0,,,,,
Prosopeia personata,Masked shining parrot,Psittaciformes,Psittacidae,Prosopeia,11.8,,,,,,
Prosopeia splendens,Crimson shining parrot,Psittaciformes,Psittacidae,Prosopeia,20.1,,,,,,
Prosopeia tabuensis,Red shining parrot,Psittaciformes,Psittacidae,Prosopeia,,232.0,,,,,
Psephotus dissimilis,Hooded parrot,Psittaciformes,Psittacidae,Psephotus,18.0,55.0,,,,,
Psephotus haematonotus,Red-rumped parrot,Psittaciformes,Psittacidae,Psephotus,12.2,61.4,,,,,
Psephotus varius,Mulga parrot,Psittaciformes,Psittacidae,Psephotus,11.8,61.5,,,,,
Pseudeos fuscata,Dusky lory,Psittaciformes,Psittacidae,Pseudeos,13.4,149.0,,,,,
Psilopsiagon aymara,Grey-hooded parakeet,Psittaciformes,Psittacidae,Psilopsiagon,8.5,30.0,,,,,
Psittacula alexandri,Red-breasted parakeet,Psittaciformes,Psittacidae,Psittacula,23.3,147.0,,,,,
Psittacula calthropae,Layard's parakeet,Psittaciformes,Psittacidae,Psittacula,14.0,,,,,,
Psittacula columboides,Malabar parakeet,Psittaciformes,Psittacidae,Psittacula,,,,,,,
Psittacula cyanocephala,Plum-headed parakeet,Psittaciformes,Psittacidae,Psittacula,18.8,66.0,,,,,
Psittacula eupatria,Alexandrine parakeet,Psittaciformes,Psittacidae,Psittacula,30.0,255.0,,,,,
Psittacula krameri,Rose-ringed parakeet,Psittaciformes,Psittacidae,Psittacula,34.0,128.0,,,,,
Psittaculirostris desmarestii,Large fig parrot,Psittaciformes,Psittacidae,Psittaculirostris,14.9,117.0,,,,,
Psittaculirostris edwardsii,Edward's fig parrot,Psittaciformes,Psittacidae,Psittaculirostris,12.0,,,,,,
Psittaculirostris salvadorii,Salvadori's fig parrot,Psittaciformes,Psittacidae,Psittaculirostris,12.0,118.0,,,,,
Psittacus erithacus,Grey parrot,Psittaciformes,Psittacidae,Psittacus,49.7,333.0,,,,,
Psitteuteles goldiei,Goldie's lorikeet,Psittaciformes,Psittacidae,Psitteuteles,,51.0,,,,,
Psitteuteles iris,Iris lorikeet,Psittaciformes,Psittacidae,Psitteuteles,24.1,,,,,,
Psittinus cyanurus,Blue-rumped parrot,Psittaciformes,Psittacidae,Psittinus,10.2,,,,,,
Psittrichas fulgidus,Pesquet's parrot,Psittaciformes,Psittacidae,Psittrichas,25.0,865.0,,,,,
Purpureicephalus spurius,Red-capped parrot,Psittaciformes,Psittacidae,Purpureicephalus,15.3,116.0,,,,,
Pyrrhura leucotis,White-eared conure,Psittaciformes,Psittacidae,Pyrrhura,18.5,,,,,,
Pyrrhura perlata,Crimson-bellied parakeet,Psittaciformes,Psittacidae,Pyrrhura,14.3,87.0,,,,,
Rhynchopsitta pachyrhyncha,Thick-billed parrot,Psittaciformes,Psittacidae,Rhynchopsitta,33.0,360.0,2.0,0.0712328767123288,,,
Strigops habroptila,Kakapo,Psittaciformes,Psittacidae,Strigops,60.0,1750.0,7.5,0.0821917808219178,,,
Tanygnathus megalorynchos,Great-billed parrot,Psittaciformes,Psittacidae,Tanygnathus,23.0,325.0,,,,,
Tanygnathus sumatranus,Blue-backed parrot,Psittaciformes,Psittacidae,Tanygnathus,14.4,270.5,,,,,
Trichoglossus euteles,Olive-headed lorikeet,Psittaciformes,Psittacidae,Trichoglossus,16.0,73.7,,,,,
Trichoglossus haematodus,Rainbow lorikeet,Psittaciformes,Psittacidae,Trichoglossus,16.1,115.1,,,,,
Trichoglossus johnstoniae,Mindanao lorikeet,Psittaciformes,Psittacidae,Trichoglossus,17.8,55.2,,,,,
Trichoglossus ornatus,Ornate lorikeet,Psittaciformes,Psittacidae,Trichoglossus,19.4,,,,,,
Triclaria malachitacea,Blue-bellied parrot,Psittaciformes,Psittacidae,Triclaria,11.9,90.0,,,,,
Vini australis,Blue-crowned lorikeet,Psittaciformes,Psittacidae,Vini,13.6,,,,,,
Vini peruviana,Blue lorikeet,Psittaciformes,Psittacidae,Vini,18.4,29.0,,,,,
Rhea americana,Greater rhea,Rheiformes,Rheidae,Rhea,,23000.0,1.16712328767123,0.0986301369863014,,,
Aptenodytes forsteri,Emperor penguin,Sphenisciformes,Spheniscidae,Aptenodytes,,29500.0,5.24931506849315,,,,
Aptenodytes patagonicus,King penguin,Sphenisciformes,Spheniscidae,Aptenodytes,26.0,13036.8,,,25.889,13270.0,
Eudyptula minor,Little penguin,Sphenisciformes,Spheniscidae,Eudyptula,25.6,1105.0,,0.106849315068493,,,
Pygoscelis papua,Gentoo penguin,Sphenisciformes,Spheniscidae,Pygoscelis,,5950.0,2.0,,,,
Spheniscus demersus,Jackass penguin,Sphenisciformes,Spheniscidae,Spheniscus,27.3,3135.0,,,,,
Spheniscus humboldti,Humboldt penguin,Sphenisciformes,Spheniscidae,Spheniscus,,4379.0,,,,,
Spheniscus magellanicus,Magellanic penguin,Sphenisciformes,Spheniscidae,Spheniscus,30.0,4000.0,2.84931506849315,0.10958904109589,,,
Aegolius acadicus,Northern saw-whet owl,Strigiformes,Strigidae,Aegolius,17.5,117.9,1.0,0.073972602739726,0.654,124.0,
Aegolius funereus,Boreal owl,Strigiformes,Strigidae,Aegolius,15.9,120.0,1.0,0.073972602739726,,,
Asio flammeus,Short-eared owl,Strigiformes,Strigidae,Asio,21.8,406.0,1.0,0.0684931506849315,,,
Asio otus,Long-eared owl,Strigiformes,Strigidae,Asio,27.8,249.7,1.0,0.073972602739726,0.954,252.0,
Athene cunicularia,Burrowing owl,Strigiformes,Strigidae,Athene,11.0,150.0,1.0,0.0767123287671233,,,
Athene noctua,Little owl,Strigiformes,Strigidae,Athene,11.1,169.0,1.0,,,,
Bubo bubo,Eurasian eagle-owl,Strigiformes,Strigidae,Bubo,68.0,2686.0,2.0,,,,
Bubo scandiacus,Snowy owl,Strigiformes,Strigidae,Bubo,28.0,2042.5,2.0,0.0876712328767123,4.2244,2026.0,
Bubo virginianus,Great horned owl,Strigiformes,Strigidae,Bubo,29.0,1191.2,2.0,0.073972602739726,5.2442,1450.0,
Glaucidium passerinum,Eurasian pygmy-owl,Strigiformes,Strigidae,Glaucidium,6.0,65.5,1.0,,,,
Megascops asio,Eastern screech-owl,Strigiformes,Strigidae,Megascops,20.7,164.1,1.0,0.0794520547945206,0.586,166.0,
Megascops kennicottii,Western screech-owl,Strigiformes,Strigidae,Megascops,19.0,205.0,1.0,0.0821917808219178,,,
Micrathene whitneyi,Elf owl,Strigiformes,Strigidae,Micrathene,14.0,41.0,1.0,0.0657534246575342,0.259435,45.9,
Otus flammeolus,Flammulated owl,Strigiformes,Strigidae,Otus,8.1,55.5,1.0,0.0602739726027397,,,
Otus scops,Common or Eurasian scops-owl,Strigiformes,Strigidae,Otus,6.8,92.0,1.0,,,,
Pulsatrix perspicillata,Spectacled owl,Strigiformes,Strigidae,Pulsatrix,25.0,770.0,,0.0986301369863014,,,
Strix aluco,Tawny owl,Strigiformes,Strigidae,Strix,22.4,520.0,1.0,,,,
Strix nebulosa,Great grey owl,Strigiformes,Strigidae,Strix,15.9,1120.0,1.0,0.0821917808219178,,,
Strix occidentalis,Spotted owl,Strigiformes,Strigidae,Strix,25.0,588.7,1.0,0.0821917808219178,2.675,571.0,
Strix uralensis,Ural owl,Strigiformes,Strigidae,Strix,23.8,784.5,1.0,,,,
Strix varia,Barred owl,Strigiformes,Strigidae,Strix,24.0,715.0,2.0,0.0767123287671233,,,
Surnia ulula,Northern hawk-owl,Strigiformes,Strigidae,Surnia,16.2,320.0,,0.073972602739726,,,
Tyto alba,Barn owl,Strigiformes,Tytonidae,Tyto,34.0,580.0,1.0,0.0904109589041096,,,
Struthio camelus,Ostrich,Struthioniformes,Struthionidae,Struthio,50.0,111000.0,,,69.6339,100000.0,
Anhinga anhinga,Anhinga,Suliformes,Anhingidae,Anhinga,16.4,1080.0,2.0,0.0767123287671233,3.2258,1040.0,
Anhinga melanogaster,Darter,Suliformes,Anhingidae,Anhinga,16.0,1486.6,,,,,
Fregata andrewsi,Christmas Island frigatebird,Suliformes,Fregatidae,Fregata,25.6,1550.0,,,,,
Fregata ariel,Lesser frigatebird,Suliformes,Fregatidae,Fregata,27.6,806.0,,,,,
Fregata magnificens,Magnificent frigatebird,Suliformes,Fregatidae,Fregata,34.0,1078.0,5.0027397260274,0.153424657534247,,,
Fregata minor,Great frigatebird,Suliformes,Fregatidae,Fregata,43.0,1400.0,5.0027397260274,0.153424657534247,,,
Phalacrocorax aristotelis,European shag,Suliformes,Phalacrocoracidae,Phalacrocorax,30.6,1773.0,3.0,,,,
Phalacrocorax auritus,Double-crested cormorant,Suliformes,Phalacrocoracidae,Phalacrocorax,22.5,1817.0,2.0,0.0657534246575342,5.6096,1330.0,
Phalacrocorax brasilianus,Neotropic cormorant,Suliformes,Phalacrocoracidae,Phalacrocorax,12.6,1550.0,1.0,0.0712328767123288,,,
Phalacrocorax carbo,Great cormorant,Suliformes,Phalacrocoracidae,Phalacrocorax,27.2,3628.8,4.0,0.0821917808219178,,,
Phalacrocorax pelagicus,Pelagic cormorant,Suliformes,Phalacrocoracidae,Phalacrocorax,17.8,2041.2,2.0,0.0602739726027397,,,
Phalacrocorax penicillatus,Brandt's cormorant,Suliformes,Phalacrocoracidae,Phalacrocorax,18.0,2426.0,2.0,0.0821917808219178,,,
Morus bassanus,Northern gannet,Suliformes,Sulidae,Morus,37.4,2950.0,2.5,0.117808219178082,,,
Morus serrator,Australasian gannet,Suliformes,Sulidae,Morus,33.0,2350.0,,,,,
Sula dactylatra,Masked booby,Suliformes,Sulidae,Sula,25.5,1739.2,4.0027397260274,0.117808219178082,5.5209,1289.0,
Sula granti,Nazca booby,Suliformes,Sulidae,Sula,21.0,1754.0,,,,,
Sula leucogaster,Brown booby,Suliformes,Sulidae,Sula,27.2,1134.0,3.5013698630137,0.112328767123288,,,
Sula nebouxii,Blue-footed booby,Suliformes,Sulidae,Sula,18.0,1530.0,,0.112328767123288,,,
Sula sula,Red-footed booby,Suliformes,Sulidae,Sula,23.0,1017.0,2.0,0.120547945205479,,,
Tinamus solitarius,Solitary tinamou,Tinamiformes,Tinamidae,Tinamus,15.0,1390.5,,,,,
Caspiomyzon wagneri,Volga lamprey,Petromyzontiformes,Petromyzontidae,Caspiomyzon,4.0,113.3,,,,,
Entosphenus tridentatus,Pacific lamprey,Petromyzontiformes,Petromyzontidae,Entosphenus,9.0,275.0,,,,,
Eudontomyzon danfordi,Carpathian lamprey,Petromyzontiformes,Petromyzontidae,Eudontomyzon,8.0,,,,,,
Eudontomyzon mariae,Ukrainian brook lamprey,Petromyzontiformes,Petromyzontidae,Eudontomyzon,8.0,,,,,,
Ichthyomyzon castaneus,Chestnut lamprey,Petromyzontiformes,Petromyzontidae,Ichthyomyzon,8.0,,,,,,
Ichthyomyzon greeleyi,Mountain brook lamprey,Petromyzontiformes,Petromyzontidae,Ichthyomyzon,6.0,,,,,,
Ichthyomyzon unicuspis,Silver lamprey,Petromyzontiformes,Petromyzontidae,Ichthyomyzon,8.0,,,,,,
Lampetra aepyptera,Least brook lamprey,Petromyzontiformes,Petromyzontidae,Lampetra,8.0,,,,,,
Lampetra fluviatilis,European river lamprey,Petromyzontiformes,Petromyzontidae,Lampetra,10.0,82.5,6.16438356164384,,,,
Lampetra planeri,European brook lamprey,Petromyzontiformes,Petromyzontidae,Lampetra,7.0,,5.24931506849315,,,,
Lethenteron appendix,American brook lamprey,Petromyzontiformes,Petromyzontidae,Lethenteron,5.0,,,,,,
Lethenteron camtschaticum,Arctic lamprey,Petromyzontiformes,Petromyzontidae,Lethenteron,7.0,,4.4986301369863,,,,
Lethenteron kessleri,Siberian brook lamprey,Petromyzontiformes,Petromyzontidae,Lethenteron,7.0,,,,,,
Lethenteron reissneri,Far eastern brook lamprey,Petromyzontiformes,Petromyzontidae,Lethenteron,4.0,,,,,,
Lethenteron zanandreai,Po brook lamprey,Petromyzontiformes,Petromyzontidae,Lethenteron,6.0,,5.24931506849315,,,,
Petromyzon marinus,Sea lamprey,Petromyzontiformes,Petromyzontidae,Petromyzon,9.0,1375.0,8.74794520547945,,,,
Carcharhinus acronotus,Blacknose shark,Carcharhiniformes,Carcharhinidae,Carcharhinus,19.0,10395.0,3.24931506849315,,,,
Carcharhinus amblyrhynchos,Grey reef shark,Carcharhiniformes,Carcharhinidae,Carcharhinus,25.0,18535.0,6.0,,,,
Carcharhinus brachyurus,Copper shark,Carcharhiniformes,Carcharhinidae,Carcharhinus,34.5,167530.0,18.4246575342466,,,,
Carcharhinus brevipinna,Spinner shark,Carcharhiniformes,Carcharhinidae,Carcharhinus,19.0,49335.0,9.0,,,,
Carcharhinus cautus,Nervous shark,Carcharhiniformes,Carcharhinidae,Carcharhinus,16.4,,6.0,,,,
Carcharhinus falciformis,Silky shark,Carcharhiniformes,Carcharhinidae,Carcharhinus,23.0,190300.0,7.62465753424657,,,,
Carcharhinus galapagensis,Galapagos shark,Carcharhiniformes,Carcharhinidae,Carcharhinus,24.0,47025.0,7.37534246575343,,,,
Carcharhinus isodon,Finetooth shark,Carcharhiniformes,Carcharhinidae,Carcharhinus,8.0,,4.1,,,,
Carcharhinus leucas,Bull shark,Carcharhiniformes,Carcharhinidae,Carcharhinus,32.0,174075.0,17.6246575342466,,,,
Carcharhinus limbatus,Blacktip shark,Carcharhiniformes,Carcharhinidae,Carcharhinus,12.0,67540.0,7.0,,,,
Carcharhinus longimanus,Oceanic whitetip shark,Carcharhiniformes,Carcharhinidae,Carcharhinus,22.0,92070.0,5.0,,,,
Carcharhinus obscurus,Dusky shark,Carcharhiniformes,Carcharhinidae,Carcharhinus,35.0,190575.0,20.3739726027397,,,,
Carcharhinus plumbeus,Sandbar shark,Carcharhiniformes,Carcharhinidae,Carcharhinus,32.0,65000.0,14.1657534246575,,,,
Carcharhinus porosus,Smalltail shark,Carcharhiniformes,Carcharhinidae,Carcharhinus,24.0,,6.0,,,,
Carcharhinus signatus,Night shark,Carcharhiniformes,Carcharhinidae,Carcharhinus,31.7,42185.0,10.0,,,,
Carcharhinus sorrah,Spot-tail shark,Carcharhiniformes,Carcharhinidae,Carcharhinus,8.0,15400.0,2.4986301369863,,,,
Carcharhinus tilstoni,Australian blacktip shark,Carcharhiniformes,Carcharhinidae,Carcharhinus,12.0,28600.0,3.4986301369863,,,,
Galeocerdo cuvier,Tiger shark,Carcharhiniformes,Carcharhinidae,Galeocerdo,50.0,444070.0,6.0,,,,
Negaprion brevirostris,Lemon shark,Carcharhiniformes,Carcharhinidae,Negaprion,20.0,101035.0,12.7013698630137,,,,
Prionace glauca,Blue shark,Carcharhiniformes,Carcharhinidae,Prionace,20.0,113245.0,6.0,,,,
Rhizoprionodon acutus,Milk shark,Carcharhiniformes,Carcharhinidae,Rhizoprionodon,8.0,2750.0,,,,,
Rhizoprionodon taylori,Australian sharpnose shark,Carcharhiniformes,Carcharhinidae,Rhizoprionodon,7.0,,1.0,,,,
Rhizoprionodon terraenovae,Atlantic sharpnose shark,Carcharhiniformes,Carcharhinidae,Rhizoprionodon,10.2,3987.5,2.3986301369863,,,,
Scoliodon laticaudus,Spadenose shark,Carcharhiniformes,Carcharhinidae,Scoliodon,6.0,,,,,,
Triaenodon obesus,Whitetip reef shark,Carcharhiniformes,Carcharhinidae,Triaenodon,25.0,10065.0,8.0,,,,
Scyliorhinus canicula,Small-spotted catshark,Carcharhiniformes,Scyliorhinidae,Scyliorhinus,12.0,726.0,6.07260273972603,,,,
Scyliorhinus stellaris,Nursehound,Carcharhiniformes,Scyliorhinidae,Scyliorhinus,19.0,,,,,,
Sphyrna lewini,Scalloped hammerhead,Carcharhiniformes,Sphyrnidae,Sphyrna,35.0,83820.0,3.9,,,,
Sphyrna tiburo,Bonnethead shark,Carcharhiniformes,Sphyrnidae,Sphyrna,6.5,5940.0,2.62328767123288,,,,
Furgaleus macki,Whiskery skark,Carcharhiniformes,Triakidae,Furgaleus,11.5,7095.0,5.4986301369863,,,,
Galeorhinus galeus,Tope shark,Carcharhiniformes,Triakidae,Galeorhinus,55.0,24585.0,12.6438356164384,,,,
Hemitriakis japanica,Japanese topeshark,Carcharhiniformes,Triakidae,Hemitriakis,15.0,,,,,,
Mustelus antarcticus,Gummy shark,Carcharhiniformes,Triakidae,Mustelus,16.0,16940.0,5.54931506849315,,,,
Mustelus californicus,Gray smoothhound,Carcharhiniformes,Triakidae,Mustelus,9.0,,1.84931506849315,,,,
Mustelus canis,Dusky smooth-hound,Carcharhiniformes,Triakidae,Mustelus,16.0,6710.0,3.22465753424658,,,,
Mustelus griseus,Spotless smooth-hound,Carcharhiniformes,Triakidae,Mustelus,9.0,,5.82465753424658,,,,
Mustelus henlei,Brown smoothhound,Carcharhiniformes,Triakidae,Mustelus,13.0,,4.37397260273973,,,,
Mustelus lenticulatus,Spotted estuary smooth-hound,Carcharhiniformes,Triakidae,Mustelus,19.5,,3.96575342465753,,,,
Mustelus manazo,Starspotted smooth-hound,Carcharhiniformes,Triakidae,Mustelus,10.0,3146.0,2.54383561643836,,,,
Mustelus mustelus,Smooth-hound,Carcharhiniformes,Triakidae,Mustelus,24.0,,10.4986301369863,,,,
Triakis semifasciata,Leopard shark,Carcharhiniformes,Triakidae,Triakis,30.0,10110.0,10.0,,,,
Callorhinchus capensis,Cape elephantfish,Chimaeriformes,Callorhinchidae,Callorhinchus,12.0,2887.5,3.74931506849315,,,,
Callorhinchus milii,Elephant fish,Chimaeriformes,Callorhinchidae,Callorhinchus,6.0,,3.74931506849315,,,,
Chimaera monstrosa,Rabbitfish,Chimaeriformes,Chimaeridae,Chimaera,29.4,1375.0,11.4547945205479,,,,
Heterodontus francisci,Horn shark,Heterodontiformes,Heterodontidae,Heterodontus,12.0,,,,,,
Heterodontus galeatus,Crested bullhead shark,Heterodontiformes,Heterodontidae,Heterodontus,12.0,,,,,,
Notorynchus cepedianus,Bluntnose sevengill shark,Hexanchiformes,Notorynchidae,Notorynchus,49.0,58850.0,16.0,,,,
Alopias pelagicus,Pelagic thresher shark,Lamniformes,Alopiidae,Alopias,29.0,,8.04931506849315,,,,
Alopias superciliosus,Bigeye thresher,Lamniformes,Alopiidae,Alopias,21.0,200090.0,11.4246575342466,,,,
Cetorhinus maximus,Basking shark,Lamniformes,Cetorhinidae,Cetorhinus,32.0,2200000.0,9.74931506849315,,,,
Carcharodon carcharias,Great white shark,Lamniformes,Lamnidae,Carcharodon,50.0,1870000.0,9.0,,,,
Isurus oxyrinchus,Shortfin mako,Lamniformes,Lamnidae,Isurus,25.0,278190.0,15.0,,,,
Lamna ditropis,Salmon shark,Lamniformes,Lamnidae,Lamna,20.0,96250.0,7.5013698630137,,,,
Lamna nasus,Porbeagle,Lamniformes,Lamnidae,Lamna,30.0,126500.0,13.0,,,,
Carcharias taurus,Sand tiger shark,Lamniformes,Odontaspididae,Carcharias,12.0,87340.0,5.67397260273973,,,,
Dasyatis americana,Southern stingray,Myliobatiformes,Dasyatidae,Dasyatis,18.0,74580.0,5.5013698630137,,,,
Dasyatis chrysonota,Blue stingray,Myliobatiformes,Dasyatidae,Dasyatis,10.0,,7.0,,,,
Dasyatis dipterura,Diamond stingray,Myliobatiformes,Dasyatidae,Dasyatis,28.0,,9.5013698630137,,,,
Dasyatis pastinaca,Common stingray,Myliobatiformes,Dasyatidae,Dasyatis,21.0,,3.6986301369863,,,,
Pteroplatytrygon violacea,Pelagic stingray,Myliobatiformes,Dasyatidae,Pteroplatytrygon,24.0,,3.0,,,,
Manta birostris,Giant manta,Myliobatiformes,Mobulidae,Manta,20.0,1650000.0,6.0,,,,
Aetobatus flagellum,Longheaded eagle ray,Myliobatiformes,Myliobatidae,Aetobatus,16.0,7645.0,6.0,,,,
Myliobatis californica,Bat ray,Myliobatiformes,Myliobatidae,Myliobatis,24.0,45155.0,4.0,,,,
Rhinoptera bonasus,Cownose ray,Myliobatiformes,Rhinopteridae,Rhinoptera,15.5,,6.0,,,,
Trygonoptera mucosa,Western shovelnose stingaree,Myliobatiformes,Urolophidae,Trygonoptera,16.0,,5.0,,,,
Trygonoptera personata,Masked stingaree,Myliobatiformes,Urolophidae,Trygonoptera,14.0,,4.0,,,,
Urolophus lobatus,Lobed stingaree,Myliobatiformes,Urolophidae,Urolophus,14.0,,3.0,,,,
Urolophus paucimaculatus,Sparsely-spotted stingaree,Myliobatiformes,Urolophidae,Urolophus,12.0,,4.0,,,,
Ginglymostoma cirratum,Nurse shark,Orectolobiformes,Ginglymostomatidae,Ginglymostoma,25.0,60280.0,,,,,
Chiloscyllium plagiosum,Whitespotted bambooshark,Orectolobiformes,Hemiscylliidae,Chiloscyllium,25.0,,,,,,
Rhincodon typus,Whale shark,Orectolobiformes,Rhincodontidae,Rhincodon,54.0,18700000.0,19.0,,,,
Pristis perotteti,Largetooth sawfish,Pristiformes,Pristidae,Pristis,30.0,325050.0,10.0,,,,
Bathyraja albomaculata,White-dotted skate,Rajiformes,Arhynchobatidae,Bathyraja,17.0,,10.0,,,,
Bathyraja parmifera,Alaska skate,Rajiformes,Arhynchobatidae,Bathyraja,17.0,10010.0,9.0,,,,
Bathyraja trachura,Roughtail skate,Rajiformes,Arhynchobatidae,Bathyraja,17.0,,14.5287671232877,,,,
Amblyraja radiata,Thorny skate,Rajiformes,Rajidae,Amblyraja,16.0,2337.5,7.5,,,,
Dipturus batis,Common skate,Rajiformes,Rajidae,Dipturus,50.0,53405.0,11.0,,,,
Dipturus chilensis,Beaked skate,Rajiformes,Rajidae,Dipturus,22.5,,14.0,,,,
Dipturus innominatus,New Zealand smooth skate,Rajiformes,Rajidae,Dipturus,24.0,,10.5,,,,
Dipturus nasutus,New Zealand rough skate,Rajiformes,Rajidae,Dipturus,9.0,,4.84931506849315,,,,
Dipturus pullopunctatus,Slime skate,Rajiformes,Rajidae,Dipturus,18.0,,12.4986301369863,,,,
Dipturus trachyderma,Roughskin skate,Rajiformes,Rajidae,Dipturus,26.0,,17.0,,,,
Leucoraja erinacea,Little skate,Rajiformes,Rajidae,Leucoraja,8.0,,4.12465753424657,,,,
Leucoraja naevus,Sandy ray,Rajiformes,Rajidae,Leucoraja,14.0,,8.74931506849315,,,,
Leucoraja ocellata,Winter skate,Rajiformes,Rajidae,Leucoraja,21.0,,11.5013698630137,,,,
Malacoraja senta,Smooth skate,Rajiformes,Rajidae,Malacoraja,14.0,,5.73150684931507,,,,
Raja asterias,Starry skate,Rajiformes,Rajidae,Raja,6.3,,3.6958904109589,,,,
Raja binoculata,Big skate,Rajiformes,Rajidae,Raja,26.0,50050.0,8.0,,,,
Raja brachyura,Blonde ray,Rajiformes,Rajidae,Raja,8.0,7865.0,5.5041095890411,,,,
Raja clavata,Thornback ray,Rajiformes,Rajidae,Raja,12.0,9900.0,10.0,,,,
Raja microocellata,Painted ray,Rajiformes,Rajidae,Raja,9.0,2475.0,5.0,,,,
Raja miraletus,Brown ray,Rajiformes,Rajidae,Raja,8.2,,2.32054794520548,,,,
Raja montagui,Homelyn ray,Rajiformes,Rajidae,Raja,,,6.28356164383562,,,,
Raja rhina,Longnose skate,Rajiformes,Rajidae,Raja,26.0,,10.0,,,,
Raja texana,Roundel skate,Rajiformes,Rajidae,Raja,9.0,,5.8,,,,
Raja undulata,Undulate ray,Rajiformes,Rajidae,Raja,13.0,,8.98082191780822,,,,
Rhinobatos horkelii,Brazilian guitarfish,Rhinobatiformes,Rhinobatidae,Rhinobatos,28.0,,6.4986301369863,,,,
Rhinobatos productus,Shovelnose guitarfish,Rhinobatiformes,Rhinobatidae,Rhinobatos,16.0,5362.5,7.5,,,,
Centrophorus acus,Needle dogfish,Squaliformes,Centrophoridae,Centrophorus,20.0,,20.0,,,,
Centrophorus granulosus,Gulper shark,Squaliformes,Centrophoridae,Centrophorus,25.0,,12.2,,,,
Centrophorus squamosus,Leafscale gulper shark,Squaliformes,Centrophoridae,Centrophorus,70.0,,44.0,,,,
Deania calcea,Birdbeak dogfish,Squaliformes,Centrophoridae,Deania,35.0,,25.0,,,,
Dalatias licha,Kitefin shark,Squaliformes,Dalatiidae,Dalatias,18.4,,6.83835616438356,,,,
Etmopterus baxteri,Giant lanternshark,Squaliformes,Etmopteridae,Etmopterus,57.0,,30.0,,,,
Etmopterus spinax,Velvet belly,Squaliformes,Etmopteridae,Etmopterus,7.0,467.5,5.0,,,,
Centroscymnus crepidater,Longnose velvet dogfish,Squaliformes,Somniosidae,Centroscymnus,57.0,,20.0,,,,
Somniosus microcephalus,Greenland shark,Squaliformes,Somniosidae,Somniosus,392.0,,156.0,,,,
Squalus acanthias,Spur dogfish,Squaliformes,Squalidae,Squalus,75.0,5005.0,14.8369863013699,,,,
Squalus blainville,Longnose spurdog,Squaliformes,Squalidae,Squalus,15.0,,5.0986301369863,,,,
Squalus megalops,Shortnose spurdog,Squaliformes,Squalidae,Squalus,75.0,,15.0,,,,
Squalus mitsukurii,Shortspine dogfish,Squaliformes,Squalidae,Squalus,27.0,,15.0,,,,
Squatina argentina,Argentine angelfish,Squatiniformes,Squatinidae,Squatina,12.0,,4.0,,,,
Squatina californica,Pacific angel shark,Squatiniformes,Squatinidae,Squatina,35.0,,10.0,,,,
Squatina occulta,Hidden angel shark,Squatiniformes,Squatinidae,Squatina,21.0,,10.0,,,,
Torpedo californica,Pacific electric ray,Torpediniformes,Torpedinidae,Torpedo,16.0,,9.0,,,,
Torpedo marmorata,Marbled electric ray,Torpediniformes,Torpedinidae,Torpedo,20.0,1650.0,12.4986301369863,,,,
Torpedo torpedo,Eyed electric ray,Torpediniformes,Torpedinidae,Torpedo,10.0,,4.0,,,,
Acipenser brevirostrum,Shortnose sturgeon,Acipenseriformes,Acipenseridae,Acipenser,67.0,9325.0,15.4986301369863,0.0356164383561644,,,
Acipenser dabryanus,Yangtze sturgeon,Acipenseriformes,Acipenseridae,Acipenser,100.0,,,,,,
Acipenser fulvescens,Lake sturgeon,Acipenseriformes,Acipenseridae,Acipenser,152.0,70000.0,17.0,0.0164383561643836,,,
Acipenser gueldenstaedtii,Russian sturgeon,Acipenseriformes,Acipenseridae,Acipenser,46.0,63250.0,13.0,,,,
Acipenser oxyrinchus,Atlantic sturgeon,Acipenseriformes,Acipenseridae,Acipenser,60.0,202400.0,,,,,
Acipenser ruthenus,Sterlet,Acipenseriformes,Acipenseridae,Acipenser,46.1,8800.0,4.91643835616438,,,,
Acipenser schrenckii,Amur sturgeon,Acipenseriformes,Acipenseridae,Acipenser,60.0,104500.0,10.7493150684931,,,,
Acipenser stellatus,Star sturgeon,Acipenseriformes,Acipenseridae,Acipenser,27.0,44000.0,7.5,,,,
Acipenser sturio,European sturgeon,Acipenseriformes,Acipenseridae,Acipenser,100.0,220000.0,11.0616438356164,,,,
Acipenser transmontanus,White sturgeon,Acipenseriformes,Acipenseridae,Acipenser,104.0,448800.0,19.4986301369863,,,,
Huso dauricus,Kaluga,Acipenseriformes,Acipenseridae,Huso,55.0,550000.0,17.1232876712329,,,,
Huso huso,Beluga sturgeon,Acipenseriformes,Acipenseridae,Huso,118.0,1139600.0,15.2493150684931,,,,
Pseudoscaphirhynchus hermanni,Little shovelnose sturgeon,Acipenseriformes,Acipenseridae,Pseudoscaphirhynchus,6.0,27.775,,,,,
Polyodon spathula,Mississippi paddlefish,Acipenseriformes,Polyodontidae,Polyodon,55.0,49885.0,7.5,,,,
Polypterus senegalus,Gray bichir,Polypteriformes,Polypteridae,Polypterus,34.0,,,,,,
Latimeria chalumnae,Coelacanth,Coelacanthiformes,Latimeriidae,Latimeria,48.0,52250.0,,,,,
Neoceratodus forsteri,Australian lungfish,Ceratodontiformes,Neoceratodontidae,Neoceratodus,80.0,,,,,,
Lepidosiren paradoxa,South American lungfish,Lepidosireniformes,Lepidosirenidae,Lepidosiren,8.3,,,,,,
Protopterus annectens,African lungfish,Lepidosireniformes,Protopteridae,Protopterus,18.0,,,,,,
Amia calva,Bowfin,Amiiformes,Amiidae,Amia,30.0,5362.5,4.12465753424657,,,,
Lepisosteus oculatus,Spotted gar,Lepisosteiformes,Lepisosteidae,Lepisosteus,18.0,2442.0,,,,,
Lepisosteus osseus,Longnose gar,Lepisosteiformes,Lepisosteidae,Lepisosteus,36.0,12540.0,4.74931506849315,,,,
Lepisosteus platostomus,Shortnose gar,Lepisosteiformes,Lepisosteidae,Lepisosteus,20.0,1430.0,,,,,
Echinops telfairi,Lesser hedgehog tenrec,Afrosoricida,Tenrecidae,Echinops,19.0,180.0,1.0,0.150684931506849,0.75,116.4,307.85
Geogale aurita,Large-eared tenrec,Afrosoricida,Tenrecidae,Geogale,,6.7,,0.172602739726027,0.043,6.9,303.95
Hemicentetes semispinosus,Streaked tenrec,Afrosoricida,Tenrecidae,Hemicentetes,2.7,180.0,0.095890411,0.161643835616438,0.38,116.4,308.15
Microgale dobsoni,Dobson's shrew tenrec,Afrosoricida,Tenrecidae,Microgale,5.6,37.8,1.83287671232877,0.167123287671233,0.315,44.6,304.05
Nesogale talazaci,Talazac's shrew tenrec,Afrosoricida,Tenrecidae,Nesogale,5.8,50.0,1.750684932,0.167123287671233,0.243,44.0,303.95
Setifer setosus,Greater hedgehog tenrec,Afrosoricida,Tenrecidae,Setifer,14.1,225.0,0.624657534,0.147945205479452,0.573,427.6,305.35
Tenrec ecaudatus,Tenrec,Afrosoricida,Tenrecidae,Tenrec,8.7,900.0,0.498630137,0.158904109589041,0.729,650.0,306.15
Antilocapra americana,Pronghorn,Artiodactyla,Antilocapridae,Antilocapra,15.5,46100.0,1.4986301369863,0.643835616438356,50.973,34779.3,311.15
Addax nasomaculatus,Addax,Artiodactyla,Bovidae,Addax,28.0,92500.0,2.91780821917808,0.772602739726027,,,
Aepyceros melampus,Impala,Artiodactyla,Bovidae,Aepyceros,25.6,52500.0,1.16575342465753,0.542465753424658,,,
Alcelaphus buselaphus,Hartebeest,Artiodactyla,Bovidae,Alcelaphus,22.5,159000.0,2.0,0.676712328767123,,,
Ammodorcas clarkei,Dibatag,Artiodactyla,Bovidae,Ammodorcas,3.0,30500.0,,0.558904109589041,,,
Ammotragus lervia,Aoudad,Artiodactyla,Bovidae,Ammotragus,21.7,92500.0,0.917808219178082,0.408219178082192,,,
Antidorcas marsupialis,Springbok,Artiodactyla,Bovidae,Antidorcas,19.8,39000.0,0.83972602739726,0.46027397260274,,,312.55
Antilope cervicapra,Blackbuck,Artiodactyla,Bovidae,Antilope,23.9,37500.0,1.27671232876712,0.46027397260274,,,
Beatragus hunteri,Hirola,Artiodactyla,Bovidae,Beatragus,15.2,159000.0,,0.775342465753425,,,
Bison bison,American bison,Artiodactyla,Bovidae,Bison,33.5,630000.0,2.4986301369863,0.750684931506849,,,311.85
Bison bonasus,European bison,Artiodactyla,Bovidae,Bison,26.4,610000.0,2.0,0.73972602739726,,,311.5
Bos frontalis,Gaur,Artiodactyla,Bovidae,Bos,26.2,825000.0,1.56164383561644,0.753424657534247,,,
Bos grunniens,Yak,Artiodactyla,Bovidae,Bos,26.3,667000.0,2.02191780821918,0.750684931506849,,,311.15
Bos javanicus,Banteng,Artiodactyla,Bovidae,Bos,27.1,700000.0,2.0,0.808219178082192,,,311.95
Bos sauveli,Kouprey,Artiodactyla,Bovidae,Bos,,800000.0,2.06890410958904,0.712328767123288,,,
Bos taurus,Domestic cattle,Artiodactyla,Bovidae,Bos,38.0,750000.0,1.5013698630137,0.758904109589041,306.77,347000.0,311.15
Boselaphus tragocamelus,Nilgai,Artiodactyla,Bovidae,Boselaphus,21.7,180000.0,2.23287671232877,0.698630136986301,,,
Bubalus bubalis,Water buffalo,Artiodactyla,Bovidae,Bubalus,34.9,725000.0,1.37534246575342,0.852054794520548,,,311.25
Bubalus depressicornis,Anoa,Artiodactyla,Bovidae,Bubalus,36.1,155000.0,2.0,0.821917808219178,,,
Bubalus mindorensis,Tamaraw,Artiodactyla,Bovidae,Bubalus,28.0,240000.0,2.06890410958904,0.821917808219178,,,
Bubalus quarlesi,Mountain anoa,Artiodactyla,Bovidae,Bubalus,29.2,150000.0,2.06890410958904,0.808219178082192,,,
Budorcas taxicolor,Takin,Artiodactyla,Bovidae,Budorcas,21.9,180000.0,2.0,0.575342465753425,,,
Capra caucasica,West Caucasian tur,Artiodactyla,Bovidae,Capra,19.3,70000.0,2.78082191780822,0.43013698630137,,,
Capra cylindricornis,East Caucasian tur,Artiodactyla,Bovidae,Capra,20.2,50000.0,2.64794520547945,0.441095890410959,,,
Capra falconeri,Markhor,Artiodactyla,Bovidae,Capra,19.1,41000.0,2.04109589041096,0.446575342465753,,,
Capra hircus,Domestic goat,Artiodactyla,Bovidae,Capra,20.8,61000.0,1.49452054794521,0.424657534246575,,,312.45
Capra ibex,Ibex,Artiodactyla,Bovidae,Capra,20.9,82500.0,2.81232876712329,0.463013698630137,,,
Capra nubiana,Nubian ibex,Artiodactyla,Bovidae,Capra,22.4,46250.0,,0.410958904109589,,,
Capra pyrenaica,Spanish ibex,Artiodactyla,Bovidae,Capra,16.0,57500.0,2.25205479452055,0.452054794520548,,,
Capra sibirica,Siberian ibex,Artiodactyla,Bovidae,Capra,22.3,130000.0,,0.479452054794521,,,
Capricornis crispus,Japanese serow,Artiodactyla,Bovidae,Capricornis,24.0,80000.0,3.0,0.589041095890411,,,
Capricornis sumatraensis,Serow,Artiodactyla,Bovidae,Capricornis,18.5,95000.0,2.62465753424658,0.583561643835616,,,
Cephalophus dorsalis,Bay duiker,Artiodactyla,Bovidae,Cephalophus,17.5,11600.0,1.58356164383562,0.646575342465753,,,
Cephalophus jentinki,Jentink's duiker,Artiodactyla,Bovidae,Cephalophus,21.0,70000.3,,,,,
Cephalophus natalensis,Natal duiker,Artiodactyla,Bovidae,Cephalophus,15.2,10000.0,,0.583561643835616,,,
Cephalophus niger,Black duiker,Artiodactyla,Bovidae,Cephalophus,14.8,18100.0,,0.350684931506849,,,
Cephalophus nigrifrons,Black-fronted duiker,Artiodactyla,Bovidae,Cephalophus,17.9,13900.0,,,,,
Cephalophus rufilatus,Red-flanked duiker,Artiodactyla,Bovidae,Cephalophus,15.2,13000.0,0.73972602739726,0.63013698630137,,,
Cephalophus silvicultor,Yellow-backed duiker,Artiodactyla,Bovidae,Cephalophus,22.5,62000.0,,0.452054794520548,,,
Cephalophus weynsi,Weyns's duiker,Artiodactyla,Bovidae,Cephalophus,15.2,,,,,,
Cephalophus zebra,Zebra duiker,Artiodactyla,Bovidae,Cephalophus,12.2,17500.1,,0.621917808219178,,,
Connochaetes gnou,Black wildebeest,Artiodactyla,Bovidae,Connochaetes,21.8,132250.0,2.09041095890411,0.70958904109589,,,
Connochaetes taurinus albojubatus,Blue wildebeest,Artiodactyla,Bovidae,Connochaetes,24.3,164500.0,1.81232876712329,0.693150684931507,230.073,196500.0,311.15
Damaliscus lunatus,Topi,Artiodactyla,Bovidae,Damaliscus,23.6,110000.0,1.75068493150685,0.652054794520548,,,
Damaliscus pygargus,Sassaby or blesbok,Artiodactyla,Bovidae,Damaliscus,23.0,84500.0,1.93698630136986,0.665753424657534,,,
Eudorcas rufifrons,Red-fronted gazelle,Artiodactyla,Bovidae,Eudorcas,14.5,15011.0,,0.479452054794521,,,
Eudorcas thomsonii,Thomson's gazelle,Artiodactyla,Bovidae,Eudorcas,20.0,25000.0,1.0,0.465753424657534,,,
Gazella bennettii,Indian gazelle,Artiodactyla,Bovidae,Gazella,,18916.7,,,,,
Gazella cuvieri,Cuvier's gazelle,Artiodactyla,Bovidae,Gazella,17.9,17500.0,0.724657534246575,0.468493150684932,,,
Gazella dorcas,Dorcas gazelle,Artiodactyla,Bovidae,Gazella,23.7,14500.0,1.80684931506849,0.498630136986301,,,312.05
Gazella gazella,Mountain gazelle,Artiodactyla,Bovidae,Gazella,18.3,23250.0,1.3041095890411,0.493150684931507,,,312.65
Gazella leptoceros,Rhim gazelle,Artiodactyla,Bovidae,Gazella,14.6,48500.0,0.43013698630137,0.482191780821918,,,
Gazella spekei,Speke's gazelle,Artiodactyla,Bovidae,Gazella,12.7,20000.0,1.4,0.53972602739726,,,
Gazella subgutturosa,Goitered gazelle,Artiodactyla,Bovidae,Gazella,16.3,48500.0,1.90684931506849,0.479452054794521,,,312.65
Hemitragus hylocrius,Nilgiri tahr,Artiodactyla,Bovidae,Hemitragus,17.3,75000.0,1.83287671232877,0.515068493150685,,,
Hemitragus jayakari,Arabian tahr,Artiodactyla,Bovidae,Hemitragus,14.0,23000.0,,0.449315068493151,,,
Hemitragus jemlahicus,Himalayan tahr,Artiodactyla,Bovidae,Hemitragus,21.8,35200.0,1.74931506849315,0.501369863013699,,,
Hippotragus equinus,Roan antelope,Artiodactyla,Bovidae,Hippotragus,25.9,225000.0,2.11506849315069,0.778082191780822,,,
Hippotragus niger,Sable antelope,Artiodactyla,Bovidae,Hippotragus,22.2,225000.0,2.67397260273973,0.742465753424657,,,
Kobus ellipsiprymnus,Waterbuck,Artiodactyla,Bovidae,Kobus,30.0,175333.0,2.11232876712329,0.723287671232877,148.949,100000.0,311.85
Kobus kob,Kob,Artiodactyla,Bovidae,Kobus,21.9,105000.0,1.05205479452055,0.687671232876712,,,
Kobus leche,Lechwe,Artiodactyla,Bovidae,Kobus,25.4,94800.0,2.66849315068493,0.627397260273973,,,
Kobus megaceros,Nile lechwe,Artiodactyla,Bovidae,Kobus,21.1,90000.0,2.0,0.643835616438356,,,
Litocranius walleri,Gerenuk,Artiodactyla,Bovidae,Litocranius,17.3,43500.0,0.983561643835616,0.558904109589041,,,
Madoqua guentheri,Gunther's dik-dik,Artiodactyla,Bovidae,Madoqua,17.5,4550.0,0.37972602739726,0.487671232876712,,,310.95
Madoqua kirkii,Kirk's dik-dik,Artiodactyla,Bovidae,Madoqua,17.3,5000.0,0.708219178082192,0.471232876712329,11.966,4290.0,312.15
Naemorhedus baileyi,Red goral,Artiodactyla,Bovidae,Naemorhedus,19.0,28863.0,,0.583561643835616,,,
Naemorhedus caudatus,Chinese goral,Artiodactyla,Bovidae,Naemorhedus,20.3,27000.0,,,,,
Naemorhedus goral,Goral,Artiodactyla,Bovidae,Naemorhedus,17.6,31750.0,1.36986301369863,0.589041095890411,,,
Nanger dama,Dama gazelle,Artiodactyla,Bovidae,Nanger,19.3,56900.0,1.5,0.56986301369863,,,312.35
Nanger granti,Grant's gazelle,Artiodactyla,Bovidae,Nanger,19.7,67000.0,0.687671232876712,0.536986301369863,,,
Nanger soemmerringii,Soemmering's gazelle,Artiodactyla,Bovidae,Nanger,15.5,48500.0,1.75342465753425,0.520547945205479,,,
Neotragus moschatus,Suni,Artiodactyla,Bovidae,Neotragus,13.5,6500.0,0.501369863013699,0.493150684931507,,,
Neotragus pygmaeus,Royal antelope,Artiodactyla,Bovidae,Neotragus,11.1,2250.0,,0.501369863013699,,,
Oreamnos americanus,Mountain goat,Artiodactyla,Bovidae,Oreamnos,20.8,90000.0,2.4986301369863,0.504109589041096,46.414,32000.0,
Oreotragus oreotragus,Klipspringer,Artiodactyla,Bovidae,Oreotragus,25.9,12000.0,1.0,0.536986301369863,,,
Oryx dammah,Scimitar-horned oryx,Artiodactyla,Bovidae,Oryx,27.5,177500.0,1.75068493150685,0.676712328767123,,,
Oryx gazella,Gemsbok,Artiodactyla,Bovidae,Oryx,23.8,170000.0,1.50684931506849,0.73972602739726,,,312.05
Oryx leucoryx,Arabian oryx,Artiodactyla,Bovidae,Oryx,20.8,121350.0,2.17534246575342,0.665753424657534,,,311.65
Ourebia ourebi,Oribi,Artiodactyla,Bovidae,Ourebia,15.9,17000.0,1.0,0.528767123287671,,,
Ovibos moschatus,Muskox,Artiodactyla,Bovidae,Ovibos,27.4,315000.0,3.25205479452055,0.706849315068493,,,310.85
Ovis ammon,Argali,Artiodactyla,Bovidae,Ovis,16.8,160000.0,1.67945205479452,0.465753424657534,,,
Ovis aries,Domestic sheep or mouflon,Artiodactyla,Bovidae,Ovis,22.8,80000.0,2.0027397260274,0.4,,,311.95
Ovis canadensis,Bighorn sheep,Artiodactyla,Bovidae,Ovis,20.6,70275.0,1.99452054794521,0.493150684931507,114.674,67030.8,311.15
Ovis dalli,Dall's sheep,Artiodactyla,Bovidae,Ovis,19.6,73100.0,1.81232876712329,0.473972602739726,,,
Pelea capreolus,Common rhebok,Artiodactyla,Bovidae,Pelea,12.3,25000.0,,0.715068493150685,,,
Philantomba maxwellii,Maxwell's duiker,Artiodactyla,Bovidae,Philantomba,18.3,7000.0,2.0,0.328767123287671,,,
Philantomba monticola,Blue duiker,Artiodactyla,Bovidae,Philantomba,15.9,6250.0,1.60547945205479,0.528767123287671,10.075,4200.0,312.55
Procapra gutturosa,Mongolian gazelle,Artiodactyla,Bovidae,Procapra,12.0,30000.0,1.45753424657534,0.506849315068493,,,
Pseudois nayaur,Bharal,Artiodactyla,Bovidae,Pseudois,20.9,55000.0,2.0,0.438356164383562,,,
Raphicerus campestris,Steenbok,Artiodactyla,Bovidae,Raphicerus,9.3,13000.0,0.658904109589041,0.53972602739726,20.619,9600.0,312.55
Raphicerus melanotis,Cape grysbok,Artiodactyla,Bovidae,Raphicerus,14.0,10249.9,,,,,
Redunca arundinum,Southern reedbuck,Artiodactyla,Bovidae,Redunca,16.8,58000.0,,0.613698630136986,,,
Redunca fulvorufula,Mountain reedbuck,Artiodactyla,Bovidae,Redunca,15.0,30000.0,0.99041095890411,0.591780821917808,,,
Redunca redunca,Bohar reedbuck,Artiodactyla,Bovidae,Redunca,18.0,45500.0,1.37534246575342,0.624657534246575,,,
Rupicapra pyrenaica,Pyrenean chamois,Artiodactyla,Bovidae,Rupicapra,,30000.0,,,,,
Rupicapra rupicapra,Chamois,Artiodactyla,Bovidae,Rupicapra,17.6,37500.0,1.83972602739726,0.334246575342466,,,
Saiga tatarica,Saiga,Artiodactyla,Bovidae,Saiga,12.0,37500.0,1.36986301369863,0.416438356164384,,,
Sylvicapra grimmia,Bush duiker,Artiodactyla,Bovidae,Sylvicapra,15.4,18500.0,0.698630136986301,0.452054794520548,,,
Syncerus caffer,African buffalo,Artiodactyla,Bovidae,Syncerus,32.8,700000.0,4.31369863013699,0.906849315068493,,,
Taurotragus derbianus,Giant eland,Artiodactyla,Bovidae,Taurotragus,20.3,680000.0,3.03287671232877,0.723287671232877,,,
Taurotragus oryx,Eland,Artiodactyla,Bovidae,Taurotragus,26.1,500000.0,1.58904109589041,0.750684931506849,190.209,141404.0,309.65
Tetracerus quadricornis,Four-horned antelope,Artiodactyla,Bovidae,Tetracerus,17.4,19000.0,1.0,0.580821917808219,,,
Tragelaphus angasii,Nyala,Artiodactyla,Bovidae,Tragelaphus,18.5,120000.0,1.23835616438356,0.613698630136986,,,
Tragelaphus eurycerus,Bongo,Artiodactyla,Bovidae,Tragelaphus,21.9,307500.0,2.35616438356164,0.789041095890411,,,
Tragelaphus imberbis,Lesser kudu,Artiodactyla,Bovidae,Tragelaphus,19.8,82500.0,1.38082191780822,0.643835616438356,,,
Tragelaphus scriptus,Bushbuck,Artiodactyla,Bovidae,Tragelaphus,15.3,60000.0,1.35890410958904,0.515068493150685,,,
Tragelaphus spekii,Sitatunga,Artiodactyla,Bovidae,Tragelaphus,22.6,87500.0,1.0986301369863,0.663013698630137,,,
Tragelaphus strepsiceros,Greater kudu,Artiodactyla,Bovidae,Tragelaphus,23.5,217500.0,1.41643835616438,0.624657534246575,,,312.05
Camelus bactrianus,Bactrian camel,Artiodactyla,Camelidae,Camelus,35.4,475000.0,3.5013698630137,1.08219178082192,,,
Camelus dromedarius,Dromedary,Artiodactyla,Camelidae,Camelus,28.4,434000.0,4.5013698630137,1.10958904109589,224.779,407000.0,310.65
Lama glama,Llama,Artiodactyla,Camelidae,Lama,28.9,140000.0,2.19178082191781,0.904109589041096,148.94,115000.0,311.45
Lama guanicoe,Guanaco,Artiodactyla,Camelidae,Lama,33.7,127500.0,1.5,0.917808219178082,,,311.15
Vicugna pacos,Alpaca,Artiodactyla,Camelidae,Vicugna,25.8,62000.0,1.27671232876712,0.945205479452055,,,312.25
Vicugna vicugna,Vicugna,Artiodactyla,Camelidae,Vicugna,31.6,50000.0,2.0,0.931506849315068,,,313.05
Alces alces,Moose,Artiodactyla,Cervidae,Alces,27.0,386000.0,1.86712328767123,0.665753424657534,286.847,325000.0,311.75
Axis axis,Chital,Artiodactyla,Cervidae,Axis,20.8,36000.0,2.3,0.619178082191781,,,312.35
Axis calamianensis,Calamian deer,Artiodactyla,Cervidae,Axis,17.2,40500.0,,0.613698630136986,,,
Axis kuhlii,Bawean deer,Artiodactyla,Cervidae,Axis,17.8,55000.0,,0.621917808219178,,,
Axis porcinus,Hog deer,Artiodactyla,Cervidae,Axis,22.9,43000.0,0.832876712328767,0.635616438356164,,,
Blastocerus dichotomus,Marsh deer,Artiodactyla,Cervidae,Blastocerus,,102500.0,,0.73972602739726,,,
Capreolus capreolus,Western roe deer,Artiodactyla,Cervidae,Capreolus,17.5,21666.7,1.46301369863014,0.419178082191781,46.347,21500.0,311.15
Capreolus pygargus,Eastern roe deer,Artiodactyla,Cervidae,Capreolus,,39450.0,2.48997260273973,0.805479452054795,,,
Cervus elaphus,Red deer,Artiodactyla,Cervidae,Cervus,31.5,200000.0,2.16712328767123,0.671232876712329,112.43,67000.0,308.35
Cervus nippon,Sika deer,Artiodactyla,Cervidae,Cervus,26.3,42000.0,1.36986301369863,0.575342465753425,,,312.95
Dama dama,Fallow deer,Artiodactyla,Cervidae,Dama,21.1,70000.0,1.36164383561644,0.638356164383562,,,
Elaphodus cephalophus,Tufted deer,Artiodactyla,Cervidae,Elaphodus,22.7,33500.0,1.87534246575342,0.493150684931507,,,
Elaphurus davidianus,Pere David's deer,Artiodactyla,Cervidae,Elaphurus,27.5,186500.0,2.74931506849315,0.789041095890411,,,
Hippocamelus antisensis,Guemals,Artiodactyla,Cervidae,Hippocamelus,10.6,45000.0,,0.698630136986301,,,
Hippocamelus bisulcus,Chilean guemal,Artiodactyla,Cervidae,Hippocamelus,,70000.0,,0.542465753424658,,,
Hydropotes inermis,Chinese water deer,Artiodactyla,Cervidae,Hydropotes,13.9,11500.0,0.501369863013699,0.520547945205479,,,311.45
Mazama americana,Red brocket,Artiodactyla,Cervidae,Mazama,17.1,33000.0,1.04109589041096,0.616438356164384,,,
Mazama gouazoubira,Gray brocket,Artiodactyla,Cervidae,Mazama,14.8,17000.0,1.04109589041096,0.580821917808219,,,
Muntiacus crinifrons,Black muntjac,Artiodactyla,Cervidae,Muntiacus,,18590.0,,0.536986301369863,,,
Muntiacus feae,Fea's muntjac,Artiodactyla,Cervidae,Muntiacus,,22000.0,,0.536986301369863,,,
Muntiacus muntjak vaginalis,Indian muntjac,Artiodactyla,Cervidae,Muntiacus,18.8,21000.0,0.827397260273973,0.575342465753425,,,
Muntiacus reevesi,Reeves's muntjac,Artiodactyla,Cervidae,Muntiacus,23.2,18000.0,0.750684931506849,0.545205479452055,,,
Odocoileus hemionus,Mule deer,Artiodactyla,Cervidae,Odocoileus,22.0,57000.0,1.34383561643836,0.567123287671233,,,313.15
Odocoileus virginianus,White-tailed deer,Artiodactyla,Cervidae,Odocoileus,23.0,87000.0,0.994520547945206,0.542465753424658,123.447,61862.5,312.15
Ozotoceros bezoarticus,Pampas deer,Artiodactyla,Cervidae,Ozotoceros,21.9,32500.0,1.0,0.583561643835616,,,310.65
Przewalskium albirostre,Thorold's deer,Artiodactyla,Cervidae,Przewalskium,21.3,135000.0,2.0,0.693150684931507,,,
Pudu puda,Southern pudu,Artiodactyla,Cervidae,Pudu,18.3,10000.0,0.813698630136986,0.547945205479452,,,
Rangifer tarandus,Caribou and reindeer,Artiodactyla,Cervidae,Rangifer,21.8,101250.0,1.83835616438356,0.624657534246575,119.66,85000.0,310.35
Rucervus duvaucelii,Barasingha,Artiodactyla,Cervidae,Rucervus,24.5,170000.0,3.0,0.684931506849315,,,
Rucervus eldii,Eld's deer,Artiodactyla,Cervidae,Rucervus,20.5,122500.0,1.39178082191781,0.66027397260274,,,
Rusa alfredi,Visayan spotted deer,Artiodactyla,Cervidae,Rusa,18.5,46475.0,,0.665753424657534,,,
Rusa marianna,Philippine deer,Artiodactyla,Cervidae,Rusa,,50000.0,,,,,
Rusa timorensis,Timor deer,Artiodactyla,Cervidae,Rusa,21.1,63000.0,1.27123287671233,0.687671232876712,,,
Rusa unicolor,Sambar,Artiodactyla,Cervidae,Rusa,26.4,185000.0,1.78082191780822,0.635616438356164,,,
Giraffa camelopardalis,Giraffe,Artiodactyla,Giraffidae,Giraffa,39.5,800000.0,4.0027397260274,1.25205479452055,,,310.25
Okapia johnstoni,Okapi,Artiodactyla,Giraffidae,Okapia,33.5,225000.0,1.87397260273973,1.25479452054795,,,311.22
Hexaprotodon liberiensis,Pygmy hippopotamus,Artiodactyla,Hippopotamidae,Hexaprotodon,42.3,215000.0,4.0027397260274,0.545205479452055,,,
Hippopotamus amphibius,Hippopotamus,Artiodactyla,Hippopotamidae,Hippopotamus,61.2,3750000.0,3.5041095890411,0.641095890410959,,,308.55
Moschus berezovskii,Chinese forest musk deer,Artiodactyla,Moschidae,Moschus,,12000.0,1.47945205479452,0.53972602739726,,,
Moschus chrysogaster,Alpine musk deer,Artiodactyla,Moschidae,Moschus,,11000.0,1.75068493150685,0.515068493150685,,,
Moschus moschiferus,Siberian musk deer,Artiodactyla,Moschidae,Moschus,,10000.0,1.2958904109589,0.443835616438356,,,
Babyrousa babyrussa,Babirusa,Artiodactyla,Suidae,Babyrousa,22.9,71500.0,1.5013698630137,0.419178082191781,,,
Hylochoerus meinertzhageni,Giant forest hog,Artiodactyla,Suidae,Hylochoerus,18.0,202500.0,1.20821917808219,0.361643835616438,,,
Phacochoerus africanus,Wart hog,Artiodactyla,Suidae,Phacochoerus,20.9,100000.0,1.58356164383562,0.449315068493151,,,
Potamochoerus larvatus,Bushpig,Artiodactyla,Suidae,Potamochoerus,,87500.0,,0.334246575342466,,,
Potamochoerus porcus,Red river hog,Artiodactyla,Suidae,Potamochoerus,22.0,88000.0,3.0027397260274,0.334246575342466,,,
Sus barbatus,Bearded pig,Artiodactyla,Suidae,Sus,16.2,102750.0,0.993150684931507,0.334246575342466,,,
Sus salvanius,Pygmy hog,Artiodactyla,Suidae,Sus,14.0,8000.0,1.91780821917808,0.295890410958904,,,
Sus scrofa domesticus,Wild boar,Artiodactyla,Suidae,Sus,23.0,350000.0,0.458334,0.315068493150685,104.15,135000.0,312.15
Sus scrofa minusculus,,Artiodactyla,Suidae,Sus,23.0,100000.0,0.458334,0.315068493150685,104.15,135000.0,312.15
Sus verrucosus,Javan pig,Artiodactyla,Suidae,Sus,17.0,76000.0,0.750684931506849,0.328767123287671,,,
Catagonus wagneri,Chacoan peccary,Artiodactyla,Tayassuidae,Catagonus,9.0,34750.0,3.0027397260274,0.416438356164384,,,
Pecari tajacu,Collared peccary,Artiodactyla,Tayassuidae,Pecari,31.5,20200.0,0.941095890410959,0.397260273972603,33.165,20500.0,310.65
Tayassu pecari,White-lipped peccary,Artiodactyla,Tayassuidae,Tayassu,28.5,22000.0,1.5013698630137,0.432876712328767,,,311.65
Hyemoschus aquaticus,Water chevrotain,Artiodactyla,Tragulidae,Hyemoschus,14.0,11000.0,1.1041095890411,0.479452054794521,,,
Moschiola meminna,Indian spotted chevrotain,Artiodactyla,Tragulidae,Moschiola,14.5,2450.0,,0.410958904109589,,,
Tragulus javanicus,Lesser mouse-deer,Artiodactyla,Tragulidae,Tragulus,14.0,2850.0,0.457534246575342,0.394520547945205,4.883,1615.5,311.55
Tragulus napu,Greater mouse-deer,Artiodactyla,Tragulidae,Tragulus,16.7,6500.0,0.372602739726027,0.419178082191781,,,
Ailurus fulgens,Red panda,Carnivora,Ailuridae,Ailurus,19.0,4325.0,1.50684931506849,0.317808219178082,4.898,5740.0,310.75
Atelocynus microtis,Short-eared dog,Carnivora,Canidae,Atelocynus,11.9,9500.0,,,,,
Canis adustus,Side-striped jackal,Carnivora,Canidae,Canis,13.7,10250.0,0.750684931506849,0.175342465753425,,,
Canis aureus,Golden jackal,Carnivora,Canidae,Canis,18.8,11000.0,0.915068493150685,0.172602739726027,,,311.95
Canis familiaris,Domestic dog,Carnivora,Canidae,Canis,24.0,40000.0,1.3972602739726,0.172602739726027,,,
Canis latrans,Coyote,Carnivora,Canidae,Canis,21.8,13250.0,0.750684931506849,0.172602739726027,19.423,10148.9,310.15
Canis lupus familiaris,Gray wolf,Carnivora,Canidae,Canis,24.0,26625.0,1.83287671232877,0.16986301369863,,,311.45
Canis mesomelas,Black-backed jackal,Carnivora,Canidae,Canis,16.7,10250.0,0.767123287671233,0.164383561643836,21.533,7720.0,311.15
Cerdocyon thous,Crab-eating fox,Carnivora,Canidae,Cerdocyon,12.7,6500.0,0.750684931506849,0.150684931506849,8.502,5444.0,311.35
Chrysocyon brachyurus,Maned wolf,Carnivora,Canidae,Chrysocyon,16.8,21500.0,2.0,0.175342465753425,,,
Cuon alpinus,Dhole,Carnivora,Canidae,Cuon,16.1,15750.0,1.0,0.167123287671233,,,
Lycalopex culpaeus,Culpeo,Carnivora,Canidae,Lycalopex,13.1,13000.0,1.0,0.167123287671233,,,
Lycalopex griseus,Argentinian gray fox,Carnivora,Canidae,Lycalopex,10.9,3990.0,,0.153424657534247,,,
Lycalopex gymnocercus,Pampas fox,Carnivora,Canidae,Lycalopex,13.7,8500.0,0.832876712328767,0.156164383561644,,,
Lycalopex sechurae,Sechuran fox,Carnivora,Canidae,Lycalopex,9.9,4000.0,,,,,
Lycalopex vetulus,Hoary fox,Carnivora,Canidae,Lycalopex,12.6,5350.0,,,,,
Lycaon pictus,African wild dog,Carnivora,Canidae,Lycaon,17.0,26500.0,1.75068493150685,0.197260273972603,33.01,8750.0,
Nyctereutes procyonoides,Raccoon dog,Carnivora,Canidae,Nyctereutes,16.6,6500.0,0.832876712328767,0.167123287671233,,,311.15
Otocyon megalotis,Bat-eared fox,Carnivora,Canidae,Otocyon,17.0,4150.0,1.0,0.186301369863014,,,
Speothos venaticus,Bush dog,Carnivora,Canidae,Speothos,14.1,6000.0,0.916438356164384,0.186301369863014,,,
Urocyon cinereoargenteus,Gray fox,Carnivora,Canidae,Urocyon,16.2,4750.0,0.972602739726027,0.156164383561644,,,
Urocyon littoralis,Island gray fox,Carnivora,Canidae,Urocyon,8.0,1890.7,1.0,0.142465753424658,,,
Vulpes bengalensis,Indian fox,Carnivora,Canidae,Vulpes,10.0,2375.0,,0.136986301369863,,,
Vulpes cana,Blanford's fox,Carnivora,Canidae,Vulpes,10.0,1000.0,0.832876712328767,0.150684931506849,,,311.65
Vulpes chama,Cape fox,Carnivora,Canidae,Vulpes,10.0,4000.0,0.750684931506849,0.13972602739726,,,
Vulpes corsac,Corsac fox,Carnivora,Canidae,Vulpes,13.0,2700.0,1.38082191780822,0.145205479452055,,,
Vulpes lagopus,Arctic fox,Carnivora,Canidae,Vulpes,16.3,5200.0,0.832876712328767,0.142465753424658,7.665,3600.0,311.75
Vulpes macrotis,Kit fox,Carnivora,Canidae,Vulpes,15.8,2500.0,,0.147945205479452,4.928,1769.0,311.15
Vulpes pallida,Pale fox,Carnivora,Canidae,Vulpes,16.0,2800.0,,0.142465753424658,,,
Vulpes rueppellii,Ruppell's sand fox,Carnivora,Canidae,Vulpes,14.3,3200.0,,,,,
Vulpes velox,Swift fox,Carnivora,Canidae,Vulpes,15.9,2400.0,1.0,0.150684931506849,4.948,1769.0,
Vulpes vulpes,Red fox,Carnivora,Canidae,Vulpes,21.3,4131.7,0.832876712328767,0.142465753424658,13.731,4580.3,311.85
Vulpes zerda,Fennec,Carnivora,Canidae,Vulpes,16.3,1250.0,0.750684931506849,0.13972602739726,2.693,1159.2,311.95
Cryptoprocta ferox,Fossa,Carnivora,Eupleridae,Cryptoprocta,23.1,9500.0,4.0986301369863,0.246575342465753,,,
Fossa fossana,Malagasy civet,Carnivora,Eupleridae,Fossa,21.4,1540.0,1.99452054794521,0.224657534246575,5.02262,2260.0,311.05
Galidia elegans,Ring-tailed mongoose,Carnivora,Eupleridae,Galidia,26.0,800.0,2.01917808219178,0.197260273972603,,,
Mungotictis decemlineata,Narrow-striped mongoose,Carnivora,Eupleridae,Mungotictis,,700.0,2.03287671232877,0.271232876712329,,,
Acinonyx jubatus,Cheetah,Carnivora,Felidae,Acinonyx,20.5,53500.0,1.24931506849315,0.241095890410959,61.77,38446.1,312.15
Caracal caracal,Caracal,Carnivora,Felidae,Caracal,20.3,16000.0,1.24931506849315,0.202739726027397,,,
Catopuma temminckii,Asiatic golden cat,Carnivora,Felidae,Catopuma,23.0,13500.0,1.75068493150685,0.26027397260274,,,
Felis catus,Domestic cat,Carnivora,Felidae,Felis,30.0,3900.0,0.791780821917808,0.178082191780822,,,311.25
Felis chaus,Jungle cat,Carnivora,Felidae,Felis,20.0,10000.0,0.917808219178082,0.164383561643836,,,
Felis manul,Pallas' cat,Carnivora,Felidae,Felis,15.9,3500.0,1.0,0.197260273972603,,,
Felis margarita,Sand cat,Carnivora,Felidae,Felis,13.9,2750.0,0.750684931506849,0.183561643835616,,,
Felis nigripes,Black-footed cat,Carnivora,Felidae,Felis,15.6,2125.0,1.2041095890411,0.180821917808219,,,
Felis silvestris,Wild cat,Carnivora,Felidae,Felis,19.0,5500.0,0.832876712328767,0.175342465753425,,,
Leopardus colocolo,Colocolo,Carnivora,Felidae,Leopardus,19.6,2950.0,,,,,
Leopardus geoffroyi,Geoffroy's cat,Carnivora,Felidae,Leopardus,23.0,4000.0,1.31232876712329,0.205479452054795,,,
Leopardus guigna,Kodkod,Carnivora,Felidae,Leopardus,,2230.0,,,,,
Leopardus pardalis,Ocelot,Carnivora,Felidae,Leopardus,28.2,8800.0,1.64383561643836,0.210958904109589,17.368,10500.0,311.15
Leopardus tigrinus,Little spotted cat,Carnivora,Felidae,Leopardus,21.9,2250.0,,0.205479452054795,,,
Leopardus wiedii,Margay,Carnivora,Felidae,Leopardus,24.0,3666.7,1.80547945205479,0.221917808219178,5.227,3600.0,311.55
Leptailurus serval,Serval,Carnivora,Felidae,Leptailurus,22.4,13350.0,2.24931506849315,0.191780821917808,1.44,1012.0,
Lynx canadensis,Canada lynx,Carnivora,Felidae,Lynx,26.8,10100.0,1.46712328767123,0.172602739726027,,,
Lynx lynx,Eurasian lynx,Carnivora,Felidae,Lynx,23.7,23000.0,2.25068493150685,0.180821917808219,,,
Lynx pardinus,Spanish lynx,Carnivora,Felidae,Lynx,,11000.0,,0.186301369863014,,,
Lynx rufus,Bobcat,Carnivora,Felidae,Lynx,32.3,8600.0,1.5,0.178082191780822,23.446,9400.0,
Neofelis nebulosa,Clouded leopard,Carnivora,Felidae,Neofelis,19.8,19500.0,2.5,0.243835616438356,,,
Panthera leo nubica,Lion,Carnivora,Felidae,Panthera,27.0,175000.0,3.0,0.298630136986301,94.58,98000.0,311.05
Panthera onca,Jaguar,Carnivora,Felidae,Panthera,28.0,81150.0,2.0,0.271232876712329,62.419,50400.0,310.15
Panthera pardus,Leopard,Carnivora,Felidae,Panthera,27.3,53750.0,2.33972602739726,0.265753424657534,,,
Panthera tigris,Tiger,Carnivora,Felidae,Panthera,26.3,161914.66,3.67534246575342,0.287671232876712,133.859,137900.0,310.65
Pardofelis marmorata,Marbled cat,Carnivora,Felidae,Pardofelis,,3500.0,,,,,
Prionailurus bengalensis,Leopard cat,Carnivora,Felidae,Prionailurus,17.0,5000.0,1.0,0.16986301369863,,,
Prionailurus planiceps,Flat-headed cat,Carnivora,Felidae,Prionailurus,14.0,6750.0,,0.153424657534247,,,
Prionailurus rubiginosus,Rusty-spotted cat,Carnivora,Felidae,Prionailurus,17.9,1350.0,,0.186301369863014,,,
Prionailurus viverrinus,Fishing cat,Carnivora,Felidae,Prionailurus,17.2,10650.0,,0.197260273972603,,,
Profelis aurata,African golden cat,Carnivora,Felidae,Profelis,21.0,10650.0,1.78249315068493,0.221917808219178,,,
Puma concolor,Cougar,Carnivora,Felidae,Puma,23.8,63000.0,2.4986301369863,0.252054794520548,49.326,37200.0,310.75
Puma yagouaroundi,Jaguarundi,Carnivora,Felidae,Puma,18.6,7000.0,2.2,0.2,9.69,8400.0,311.55
Uncia uncia,Snow leopard,Carnivora,Felidae,Uncia,21.2,50000.0,2.0,0.263013698630137,,,
Atilax paludinosus,Marsh mongoose,Carnivora,Herpestidae,Atilax,20.8,3300.0,0.698630136986301,0.208219178082192,,,
Bdeogale nigripes,Black-footed mongoose,Carnivora,Herpestidae,Bdeogale,15.8,2000.0,,,,,
Crossarchus obscurus,Long-nosed cusimanse,Carnivora,Herpestidae,Crossarchus,13.3,790.0,0.750684931506849,0.158904109589041,,,
Cynictis penicillata,Yellow mongoose,Carnivora,Herpestidae,Cynictis,15.2,598.5,2.0,0.153424657534247,,,
Galerella pulverulenta,Cape gray mongoose,Carnivora,Herpestidae,Galerella,11.7,650.0,,0.167123287671233,,,
Galerella sanguinea,Slender mongoose,Carnivora,Herpestidae,Galerella,12.6,500.0,1.0,0.178082191780822,2.202,519.6,311.85
Helogale parvula,Dwarf mongoose,Carnivora,Herpestidae,Helogale,18.0,274.8,1.24931506849315,0.150684931506849,,,
Herpestes brachyurus,Short-tailed mongoose,Carnivora,Herpestidae,Herpestes,,1414.1,,,,,
Herpestes edwardsi,Indian gray mongoose,Carnivora,Herpestidae,Herpestes,12.3,1000.0,0.853041095890411,0.161643835616438,,,
Herpestes ichneumon,Egyptian mongoose,Carnivora,Herpestidae,Herpestes,20.0,2200.0,2.0,0.202739726027397,,,
Herpestes javanicus,Javan mongoose,Carnivora,Herpestidae,Herpestes,16.6,800.0,0.579452054794521,0.134246575342466,2.248,611.0,312.95
Herpestes naso,Long-nosed mongoose,Carnivora,Herpestidae,Herpestes,,3000.0,,,,,
Herpestes smithii,Ruddy mongoose,Carnivora,Herpestidae,Herpestes,17.8,1702.5,,,,,
Herpestes urva,Crab-eating mongoose,Carnivora,Herpestidae,Herpestes,13.3,1863.2,,0.180821917808219,,,
Herpestes vitticollis,Striped-necked mongoose,Carnivora,Herpestidae,Herpestes,12.8,2250.0,,,,,
Ichneumia albicauda,White-tailed mongoose,Carnivora,Herpestidae,Ichneumia,14.8,3500.0,2.06778082191781,,,,
Mungos mungo,Banded mongoose,Carnivora,Herpestidae,Mungos,17.4,1331.5,0.791780821917808,0.164383561643836,,,
Suricata suricatta,Meerkat,Carnivora,Herpestidae,Suricata,20.6,776.0,1.0,0.210958904109589,1.729,850.0,309.45
Crocuta crocuta,Spotted hyena,Carnivora,Hyaenidae,Crocuta,41.1,63000.0,2.37534246575342,0.301369863013699,,,
Hyaena brunnea,Brown hyena,Carnivora,Hyaenidae,Hyaena,31.9,42250.0,2.73972602739726,0.252054794520548,,,
Hyaena hyaena,Striped hyena,Carnivora,Hyaenidae,Hyaena,25.0,40000.0,2.19178082191781,0.246575342465753,31.954,34300.0,310.15
Proteles cristata,Aardwolf,Carnivora,Hyaenidae,Proteles,20.0,10000.0,1.72978082191781,0.23013698630137,11.563,7902.6,309.55
Conepatus chinga,Molina's hog-nosed skunk,Carnivora,Mephitidae,Conepatus,10.0,3400.0,,,,,
Conepatus leuconotus,Hog-nosed skunk,Carnivora,Mephitidae,Conepatus,10.2,1900.0,0.873972602739726,0.153424657534247,,,
Mephitis macroura,Hooded skunk,Carnivora,Mephitidae,Mephitis,,965.0,,0.167123287671233,,,
Mephitis mephitis,Striped skunk,Carnivora,Mephitidae,Mephitis,13.9,3500.0,0.917808219178082,0.172602739726027,,,309.6
Spilogale putorius,Eastern spotted skunk,Carnivora,Mephitidae,Spilogale,10.5,600.0,0.416438356164384,0.0849315068493151,1.674,624.0,309.55
Aonyx capensis,African clawless otter,Carnivora,Mustelidae,Aonyx,14.2,23500.0,1.0,0.172602739726027,,,
Aonyx cinereus,Oriental small-clawed otter,Carnivora,Mustelidae,Aonyx,23.0,3000.0,2.0,0.172602739726027,,,
Arctonyx collaris,Hog badger,Carnivora,Mustelidae,Arctonyx,15.8,10500.0,,0.115068493150685,,,
Eira barbara,Tayra,Carnivora,Mustelidae,Eira,22.3,4500.0,1.20958904109589,0.180821917808219,6.811,2950.0,311.55
Enhydra lutris,Sea otter,Carnivora,Mustelidae,Enhydra,27.0,25850.0,3.20958904109589,0.383561643835616,98.479,26832.8,310.65
Galictis cuja,Lesser grison,Carnivora,Mustelidae,Galictis,10.2,1000.0,,,,,
Galictis vittata,Greater grison,Carnivora,Mustelidae,Galictis,12.5,2300.0,,0.10958904109589,,,
Gulo gulo,Wolverine,Carnivora,Mustelidae,Gulo,19.5,16333.3,2.03561643835616,0.0958904109589041,31.765,12700.0,310.15
Hydrictis maculicollis,Spotted-necked otter,Carnivora,Mustelidae,Hydrictis,22.9,4000.0,2.30635616438356,0.167123287671233,,,
Ictonyx libycus,Saharan striped polecat,Carnivora,Mustelidae,Ictonyx,,425.0,,0.104109589041096,,,
Ictonyx striatus,Striped polecat,Carnivora,Mustelidae,Ictonyx,14.0,910.0,0.954794520547945,0.0986301369863014,,,
Lontra canadensis,Northern river otter,Carnivora,Mustelidae,Lontra,27.0,9000.0,2.0,0.16986301369863,,,311.55
Lontra longicaudis,Neotropical river otter,Carnivora,Mustelidae,Lontra,,7500.0,,0.156164383561644,,,
Lutra lutra,European otter,Carnivora,Mustelidae,Lutra,18.2,6750.0,1.5013698630137,0.167123287671233,25.104,10000.0,311.25
Lutrogale perspicillata,Smooth-coated otter,Carnivora,Mustelidae,Lutrogale,15.0,9000.0,2.58613698630137,0.172602739726027,,,
Martes americana,American marten,Carnivora,Mustelidae,Martes,17.8,884.0,1.0,0.0767123287671233,3.579,966.5,311.15
Martes flavigula,Yellow-throated marten,Carnivora,Mustelidae,Martes,16.0,2500.0,3.45956164383562,0.410958904109589,,,
Martes foina,Beech marten,Carnivora,Mustelidae,Martes,18.2,1700.0,1.75068493150685,0.0821917808219178,,,
Martes martes,European pine marten,Carnivora,Mustelidae,Martes,18.2,1300.0,1.20821917808219,0.0767123287671233,4.0,920.0,310.15
Martes melampus,Japanese marten,Carnivora,Mustelidae,Martes,,1000.0,,,,,
Martes pennanti,Fisher,Carnivora,Mustelidae,Martes,14.3,3175.0,1.0,0.123287671232877,,,311.65
Martes zibellina,Sable,Carnivora,Mustelidae,Martes,18.4,1066.7,1.24931506849315,0.0821917808219178,,,
Meles meles,Old World badger,Carnivora,Mustelidae,Meles,18.6,13000.0,1.0,0.134246575342466,16.647,11050.0,310.15
Mellivora capensis,Honey badger,Carnivora,Mustelidae,Mellivora,31.3,10000.0,,0.493150684931507,,,
Melogale moschata,Chinese ferret-badger,Carnivora,Mustelidae,Melogale,19.0,672.0,,,,,
Melogale personata,Burmese ferret-badger,Carnivora,Mustelidae,Melogale,,2000.0,,,,,
Mustela erminea,Ermine,Carnivora,Mustelidae,Mustela,12.5,110.3,0.63013698630137,0.117808219178082,1.276,125.5,312.75
Mustela eversmanii,Steppe polecat,Carnivora,Mustelidae,Mustela,9.1,1350.0,0.873972602739726,0.0986301369863014,,,
Mustela frenata,Long-tailed weasel,Carnivora,Mustelidae,Mustela,8.8,150.6,0.721917808219178,0.0684931506849315,1.344,225.0,312.15
Mustela lutreola,European mink,Carnivora,Mustelidae,Mustela,8.4,590.0,0.884931506849315,0.147945205479452,,,
Mustela nigripes,Black-footed ferret,Carnivora,Mustelidae,Mustela,9.4,1021.0,1.0,0.117808219178082,,,
Mustela nivalis,Least weasel,Carnivora,Mustelidae,Mustela,9.1,46.9,0.328767123287671,0.0986301369863014,,,
Mustela putorius furo,European polecat,Carnivora,Mustelidae,Mustela,11.1,809.0,0.868493150684931,0.115068493150685,,,
Mustela sibirica,Siberian weasel,Carnivora,Mustelidae,Mustela,8.8,565.0,,0.0794520547945206,,,
Neovison vison,American mink,Carnivora,Mustelidae,Neovison,11.4,925.0,0.965753424657534,0.115068493150685,2.722,660.0,312.15
Poecilogale albinucha,African striped weasel,Carnivora,Mustelidae,Poecilogale,5.2,280.0,1.2027397260274,0.0876712328767123,,,
Pteronura brasiliensis,Giant otter,Carnivora,Mustelidae,Pteronura,17.3,24000.0,2.0,0.186301369863014,,,
Taxidea taxus,American badger,Carnivora,Mustelidae,Taxidea,25.0,8000.0,0.854794520547945,0.112328767123288,15.062,9000.0,311.15
Vormela peregusna,Marbled polecat,Carnivora,Mustelidae,Vormela,8.8,542.5,0.249315068493151,0.167123287671233,,,
Nandinia binotata,African palm civet,Carnivora,Nandiniidae,Nandinia,21.0,1900.0,3.0,0.175342465753425,5.565,4270.0,310.55
Odobenus rosmarus divergens,Walrus,Carnivora,Odobenidae,Odobenus,41.0,1012500.0,6.0,0.906849315068493,,,
Arctocephalus australis,South American fur seal,Carnivora,Otariidae,Arctocephalus,30.6,110000.0,5.0013698630137,0.646575342465753,,,
Arctocephalus forsteri,New Zealand fur seal,Carnivora,Otariidae,Arctocephalus,15.0,55000.0,5.0,0.646575342465753,,,
Arctocephalus galapagoensis,Galapagos fur seal,Carnivora,Otariidae,Arctocephalus,22.0,45500.0,4.0027397260274,0.583561643835616,,,
Arctocephalus gazella,Antarctic fur seal,Carnivora,Otariidae,Arctocephalus,23.0,84500.0,3.5013698630137,0.704109589041096,,,
Arctocephalus pusillus,South African fur seal,Carnivora,Otariidae,Arctocephalus,32.1,127551.0,3.9986301369863,1.00821917808219,,,
Arctocephalus tropicalis,Subantarctic fur seal,Carnivora,Otariidae,Arctocephalus,23.0,50000.0,4.21556164383562,0.978082191780822,,,
Callorhinus ursinus,Northern fur seal,Carnivora,Otariidae,Callorhinus,35.0,165500.0,4.24931506849315,0.657534246575342,,,
Eumetopias jubatus,Steller sea lion,Carnivora,Otariidae,Eumetopias,32.8,415000.0,5.75342465753425,0.750684931506849,,,
Neophoca cinerea,Australian sea lion,Carnivora,Otariidae,Neophoca,31.0,190000.0,4.5013698630137,0.706849315068493,,,
Otaria flavescens,Southern sea lion,Carnivora,Otariidae,Otaria,29.0,207500.0,5.0027397260274,0.978082191780822,,,
Phocarctos hookeri,New Zealand sea lion,Carnivora,Otariidae,Phocarctos,,187580.0,6.0027397260274,1.0,,,
Zalophus californianus,California sea lion,Carnivora,Otariidae,Zalophus,35.7,180000.0,4.0013698630137,0.70958904109589,,,311.25
Cystophora cristata,Hooded seal,Carnivora,Phocidae,Cystophora,35.0,405000.0,4.0013698630137,0.657534246575342,,,
Erignathus barbatus,Bearded seal,Carnivora,Phocidae,Erignathus,31.5,373000.0,5.39041095890411,0.70958904109589,,,
Halichoerus grypus,Gray seal,Carnivora,Phocidae,Halichoerus,42.9,268000.0,4.58493150684932,0.657534246575342,,,
Histriophoca fasciata,Ribbon seal,Carnivora,Phocidae,Histriophoca,31.0,90000.0,3.25205479452055,0.750684931506849,118.59,54000.0,
Hydrurga leptonyx,Leopard seal,Carnivora,Phocidae,Hydrurga,26.0,367750.0,3.5013698630137,0.750684931506849,,,
Leptonychotes weddellii,Weddell seal,Carnivora,Phocidae,Leptonychotes,25.0,425000.0,4.11917808219178,0.832876712328767,,,
Lobodon carcinophaga,Crabeater seal,Carnivora,Phocidae,Lobodon,39.0,250000.0,4.25205479452055,0.70958904109589,,,
Mirounga angustirostris,Northern elephant seal,Carnivora,Phocidae,Mirounga,20.3,1600000.0,4.0013698630137,0.69041095890411,,,
Mirounga leonina,Southern elephant seal,Carnivora,Phocidae,Mirounga,23.0,1400000.0,3.95068493150685,0.602739726027397,,,
Monachus monachus,Mediterranean monk seal,Carnivora,Phocidae,Monachus,23.7,275000.0,4.0027397260274,0.791780821917808,,,
Monachus schauinslandi,Hawaiian monk seal,Carnivora,Phocidae,Monachus,30.0,222500.0,5.0,0.917808219178082,,,
Ommatophoca rossii,Ross seal,Carnivora,Phocidae,Ommatophoca,21.0,177000.0,3.25068493150685,0.624657534246575,,,
Pagophilus groenlandicus,Harp seal,Carnivora,Phocidae,Pagophilus,42.0,180000.0,4.74383561643836,0.624657534246575,,,309.45
Phoca largha,Spotted seal,Carnivora,Phocidae,Phoca,35.5,85000.0,4.0027397260274,0.873972602739726,,,
Phoca vitulina,Harbor seal,Carnivora,Phocidae,Phoca,48.0,115000.0,3.5,0.693150684931507,73.29,27400.0,309.85
Pusa caspica,Caspian seal,Carnivora,Phocidae,Pusa,50.0,86000.0,5.75342465753425,0.904109589041096,,,
Pusa hispida,Ringed seal,Carnivora,Phocidae,Pusa,46.0,90000.0,5.5027397260274,0.687671232876712,,,
Pusa sibirica,Baikal seal,Carnivora,Phocidae,Pusa,56.0,90000.0,6.41917808219178,0.747945205479452,,,
Bassaricyon alleni,Allen's olingo,Carnivora,Procyonidae,Bassaricyon,25.2,1235.0,,,,,
Bassaricyon gabbii,Olingo,Carnivora,Procyonidae,Bassaricyon,21.8,1235.0,1.75205479452055,0.2,,,
Bassariscus astutus,Ringtail,Carnivora,Procyonidae,Bassariscus,19.0,1015.0,0.821917808219178,0.142465753424658,,,310.75
Bassariscus sumichrasti,Cacomistle,Carnivora,Procyonidae,Bassariscus,24.0,900.0,0.821917808219178,0.175342465753425,3.537,1280.0,311.95
Nasua narica,White-nosed coati,Carnivora,Procyonidae,Nasua,26.4,3750.0,1.95068493150685,0.213698630136986,6.733,3670.0,311.75
Nasua nasua,South american coati,Carnivora,Procyonidae,Nasua,23.7,4750.0,2.0,0.2,5.591,3924.3,309.55
Potos flavus,Kinkajou,Carnivora,Procyonidae,Potos,38.4,3000.0,1.87671232876712,0.315068493150685,4.294,2318.0,309.25
Procyon cancrivorus,Crab-eating raccoon,Carnivora,Procyonidae,Procyon,19.0,6270.0,1.0,0.172602739726027,2.588,1160.0,310.15
Procyon lotor,Common raccoon,Carnivora,Procyonidae,Procyon,21.0,6000.0,1.0,0.172602739726027,10.428,4842.2,311.15
Ailuropoda melanoleuca,Giant panda,Carnivora,Ursidae,Ailuropoda,36.8,117500.0,6.00547945205479,0.131506849315068,,,
Helarctos malayanus,Sun bear,Carnivora,Ursidae,Helarctos,35.9,46000.0,6.4986301369863,0.26027397260274,,,311.25
Melursus ursinus,Sloth bear,Carnivora,Ursidae,Melursus,33.3,100000.0,3.0,0.542465753424658,47.064,66957.0,
Tremarctos ornatus,Spectacled bear,Carnivora,Ursidae,Tremarctos,39.0,109250.0,,0.624657534246575,,,
Ursus americanus,American black bear,Carnivora,Ursidae,Ursus,34.0,154250.0,3.5013698630137,0.191780821917808,,,
Ursus arctos,Brown bear,Carnivora,Ursidae,Ursus,40.0,277500.0,3.5972602739726,0.282191780821918,,,310.45
Ursus maritimus,Polar bear,Carnivora,Ursidae,Ursus,43.8,475000.0,4.75068493150685,0.178082191780822,,,309.95
Ursus thibetanus,Asiatic black bear,Carnivora,Ursidae,Ursus,39.2,103750.0,3.0,0.624657534246575,,,310.65
Arctictis binturong,Binturong,Carnivora,Viverridae,Arctictis,27.0,12250.0,2.41780821917808,0.252054794520548,12.747,14280.0,309.85
Arctogalidia trivirgata,Small-toothed palm civet,Carnivora,Viverridae,Arctogalidia,16.1,2250.0,3.0,0.123287671232877,3.085,2010.0,309.35
Chrotogale owstoni,Owston's palm civet,Carnivora,Viverridae,Chrotogale,,3250.0,,0.167123287671233,,,
Civettictis civetta,African civet,Carnivora,Viverridae,Civettictis,28.0,13666.7,0.791780821917808,0.178082191780822,,,
Cynogale bennettii,Otter civet,Carnivora,Viverridae,Cynogale,5.0,4000.0,,,,,
Genetta abyssinica,Abyssinian genet,Carnivora,Viverridae,Genetta,,1650.0,,,,,
Genetta genetta,Small-spotted genet,Carnivora,Viverridae,Genetta,22.7,1866.7,4.05205479452055,0.213698630136986,,,
Genetta maculata,Panther genet,Carnivora,Viverridae,Genetta,20.0,2225.0,,,,,
Genetta pardina,Pardine genet,Carnivora,Viverridae,Genetta,,2000.0,4.0027397260274,,,,
Genetta servalina,Servaline genet,Carnivora,Viverridae,Genetta,,1055.0,,,,,
Genetta tigrina,Large-spotted genet,Carnivora,Viverridae,Genetta,21.3,1820.0,4.0027397260274,0.191780821917808,4.189,1699.0,310.15
Hemigalus derbyanus,Banded palm civet,Carnivora,Viverridae,Hemigalus,16.0,2400.0,,,,,
Paguma larvata,Masked palm civet,Carnivora,Viverridae,Paguma,27.4,4300.0,,,,,
Paradoxurus hermaphroditus,Asian palm civet,Carnivora,Viverridae,Paradoxurus,24.5,3100.0,0.934246575342466,0.164383561643836,5.534,3282.6,309.65
Prionodon linsang,Banded linsang,Carnivora,Viverridae,Prionodon,10.7,700.0,,,,,
Viverra civettina,Malabar civet,Carnivora,Viverridae,Viverra,15.4,12061.0,,,,,
Viverra tangalunga,Malayan civet,Carnivora,Viverridae,Viverra,15.0,7350.0,,,,,
Viverra zibetha,Large indian civet,Carnivora,Viverridae,Viverra,21.7,10000.0,,0.219178082191781,,,
Viverricula indica,Small Indian civet,Carnivora,Viverridae,Viverricula,10.5,3000.0,,,,,
Balaena mysticetus,Bowhead whale,Artiodactyla,Balaenidae,Balaena,211.0,100000000.0,22.4986301369863,1.16438356164384,,,
Eubalaena australis,Southern right whale,Artiodactyla,Balaenidae,Eubalaena,70.0,45000000.0,9.0,1.0,,,
Eubalaena glacialis,North atlantic right whale,Artiodactyla,Balaenidae,Eubalaena,67.0,23000000.0,8.0,0.958904109589041,,,
Balaenoptera acutorostrata,Common minke whale,Artiodactyla,Balaenopteridae,Balaenoptera,50.0,7500000.0,7.50684931506849,0.854794520547945,,,
Balaenoptera borealis,Sei whale,Artiodactyla,Balaenopteridae,Balaenoptera,74.0,20000000.0,10.0054794520548,0.945205479452055,,,
Balaenoptera edeni,Bryde's whale,Artiodactyla,Balaenopteridae,Balaenoptera,72.0,16000000.0,8.5041095890411,1.03013698630137,,,
Balaenoptera musculus,Blue whale,Artiodactyla,Balaenopteridae,Balaenoptera,110.0,136000000.0,5.00547945205479,0.958904109589041,,,
Balaenoptera physalus,Fin whale,Artiodactyla,Balaenopteridae,Balaenoptera,114.0,70000000.0,7.62328767123288,0.936986301369863,,,
Megaptera novaeangliae,Humpback whale,Artiodactyla,Balaenopteridae,Megaptera,95.0,30000000.0,7.96,0.936986301369863,,,309.15
Cephalorhynchus commersonii,Commerson's dolphin,Artiodactyla,Delphinidae,Cephalorhynchus,38.0,50000.0,5.5013698630137,0.958904109589041,,,
Cephalorhynchus hectori hectori,Hector's dolphin,Artiodactyla,Delphinidae,Cephalorhynchus,23.0,50000.0,7.75068493150685,0.916665753424658,,,
Cephalorhynchus hectori maui,Hector's dolphin,Artiodactyla,Delphinidae,Cephalorhynchus,23.0,50000.0,7.75068493150685,0.916665753424658,,,
Delphinus delphis,Short-beaked saddleback dolphin,Artiodactyla,Delphinidae,Delphinus,35.0,80000.0,4.57123287671233,0.958904109589041,,,
Globicephala macrorhynchus,Short-finned pilot whale,Artiodactyla,Delphinidae,Globicephala,63.0,2200000.0,12.0575342465753,1.23835616438356,,,
Globicephala melas,Long-finned pilot whale,Artiodactyla,Delphinidae,Globicephala,60.0,1060000.0,9.38356164383562,1.23287671232877,,,
Grampus griseus,Risso's dolphin,Artiodactyla,Delphinidae,Grampus,42.5,425000.0,,1.0,,,
Lagenodelphis hosei,Fraser's dolphin,Artiodactyla,Delphinidae,Lagenodelphis,,164000.0,7.24931506849315,0.917808219178082,,,
Lagenorhynchus acutus,Atlantic white-sided dolphin,Artiodactyla,Delphinidae,Lagenorhynchus,27.0,208000.0,6.11232876712329,0.975342465753425,,,
Lagenorhynchus obliquidens,Pacific white-sided dolphin,Artiodactyla,Delphinidae,Lagenorhynchus,41.0,103000.0,7.00479452054795,0.975342465753425,,,
Orcaella brevirostris,Irrawaddy dolphin,Artiodactyla,Delphinidae,Orcaella,30.0,190000.0,5.0027397260274,1.16712328767123,,,
Orcinus orca,Killer whale,Artiodactyla,Delphinidae,Orcinus,80.0,3987500.0,10.5071917808219,1.45753424657534,,,309.15
Peponocephala electra,Melon-headed whale,Artiodactyla,Delphinidae,Peponocephala,47.0,206000.0,9.25342465753425,1.0,,,
Pseudorca crassidens,False killer whale,Artiodactyla,Delphinidae,Pseudorca,62.5,748000.0,14.0054794520548,1.23561643835616,,,309.75
Sotalia fluviatilis,River dolphin,Artiodactyla,Delphinidae,Sotalia,43.0,46666.7,,0.917808219178082,,,
Sousa chinensis,Indo-Pacific humpbacked dolphin,Artiodactyla,Delphinidae,Sousa,38.0,280000.0,11.0075342465753,,,,
Stenella attenuata,Pantropical spotted dolphin,Artiodactyla,Delphinidae,Stenella,46.0,112500.0,9.50547945205479,0.945205479452055,,,
Stenella coeruleoalba,Striped dolphin,Artiodactyla,Delphinidae,Stenella,57.5,112500.0,8.02602739726027,0.958904109589041,,,
Steno bredanensis,Rough-toothed dolphin,Artiodactyla,Delphinidae,Steno,32.0,114000.0,10.0,1.03013698630137,,,
Tursiops truncatus,Bottlenosed dolphin,Artiodactyla,Delphinidae,Tursiops,67.0,200000.0,8.93150684931507,1.03013698630137,,,
Eschrichtius robustus,Gray whale,Artiodactyla,Eschrichtiidae,Eschrichtius,77.0,28500000.0,8.00547945205479,1.08219178082192,,,
Berardius bairdii,Baird's beaked whale,Artiodactyla,Hyperoodontidae,Berardius,84.0,11380000.0,10.0068493150685,1.41643835616438,,,
Hyperoodon ampullatus,Northern bottlenose whale,Artiodactyla,Hyperoodontidae,Hyperoodon,37.0,6500000.0,9.50547945205479,1.0,,,
Mesoplodon densirostris,Blainville's beaked whale,Artiodactyla,Hyperoodontidae,Mesoplodon,27.0,1088000.0,9.00547945205479,,,,
Mesoplodon europaeus,Gervais's beaked whale,Artiodactyla,Hyperoodontidae,Mesoplodon,48.0,5600000.0,,,,,
Ziphius cavirostris,Cuvier's beaked whale,Artiodactyla,Hyperoodontidae,Ziphius,62.0,2701000.0,,1.0,,,
Inia geoffrensis,Amazon dolphin,Artiodactyla,Iniidae,Inia,31.3,84000.0,9.35640410958904,1.04931506849315,,,
Lipotes vexillifer,Yangzte river dolphin or baiji,Artiodactyla,Iniidae,Lipotes,24.0,83500.0,8.0,0.873972602739726,,,
Pontoporia blainvillei,Franciscana,Artiodactyla,Iniidae,Pontoporia,16.0,40500.0,2.4986301369863,0.873972602739726,,,
Kogia breviceps,Pygmy sperm whale,Artiodactyla,Kogiidae,Kogia,17.0,424600.0,,0.917808219178082,,,
Delphinapterus leucas,Beluga,Artiodactyla,Monodontidae,Delphinapterus,50.0,1430000.0,11.0075342465753,1.27945205479452,,,308.95
Monodon monoceros,Narwhal,Artiodactyla,Monodontidae,Monodon,50.0,1250000.0,7.0041095890411,1.23287671232877,,,
Neophocaena phocaenoides,Finless porpoise,Artiodactyla,Phocoenidae,Neophocaena,33.0,32500.0,5.0,0.956164383561644,,,
Phocoena phocoena,Harbor porpoise,Artiodactyla,Phocoenidae,Phocoena,20.4,52500.0,3.44657534246575,0.876712328767123,107.675,28500.0,
Phocoenoides dalli,Dall's porpoise,Artiodactyla,Phocoenidae,Phocoenoides,22.0,120000.0,5.75479452054795,0.950684931506849,,,
Physeter macrocephalus,Sperm whale,Artiodactyla,Physeteridae,Physeter,77.0,28500000.0,9.0027397260274,1.37534246575342,,,
Platanista gangetica,Ganges dolphin,Artiodactyla,Platanistidae,Platanista,28.0,70000.0,10.0054794520548,0.945205479452055,,,
Saccopteryx bilineata,Greater sac-winged bat,Chiroptera,Emballonuridae,Saccopteryx,11.0,7.9,1.0,0.350684931506849,0.081,7.8,308.65
Hipposideros fulvus,Fulvus roundleaf bat,Chiroptera,Hipposideridae,Hipposideros,13.0,7.0,1.54246575342466,0.432876712328767,,,
Macroderma gigas,Australian false vampire bat,Chiroptera,Megadermatidae,Macroderma,22.6,150.0,,,0.639,126.0,310.15
Megaderma lyra,Greater false vampire bat,Chiroptera,Megadermatidae,Megaderma,14.0,38.6,1.35616438356164,0.410958904109589,,,
Miniopterus schreibersii,Schreibers's long-fingered bat,Chiroptera,Miniopteridae,Miniopterus,22.0,13.0,1.79041095890411,0.273972602739726,0.145,10.9,310.85
Molossus molossus,Pallas's mastiff bat,Chiroptera,Molossidae,Molossus,6.0,14.0,1.16666712328767,0.295890410958904,,,
Mormopterus planiceps,Southern free-tailed bat,Chiroptera,Molossidae,Mormopterus,,8.8,1.0338904109589,0.328767123287671,,,
Tadarida brasiliensis,Brazilian free-tailed bat,Chiroptera,Molossidae,Tadarida,12.0,12.5,1.12328767123288,0.213698630136986,0.117,13.3,309.15
Tadarida teniotis,European free-tailed bat,Chiroptera,Molossidae,Tadarida,13.0,35.0,,,,,308.25
Mystacina tuberculata,New Zealand lesser short-tailed bat,Chiroptera,Mystacinidae,Mystacina,7.6,23.5,,,,,
Noctilio leporinus,Greater bulldog bat,Chiroptera,Noctilionidae,Noctilio,11.8,50.0,,,0.4,61.0,306.95
Anoura geoffroyi,Geoffroy's tailless bat,Chiroptera,Phyllostomidae,Anoura,10.0,15.2,,0.328767123287671,,,
Artibeus jamaicensis,Jamaican fruit-eating bat,Chiroptera,Phyllostomidae,Artibeus,19.2,42.2,0.791780821917808,0.208219178082192,0.359,46.1,309.55
Artibeus lituratus,Great fruit-eating bat,Chiroptera,Phyllostomidae,Artibeus,,65.0,,0.29041095890411,0.602,70.1,310.45
Carollia perspicillata,Seba's short-tailed bat,Chiroptera,Phyllostomidae,Carollia,17.0,15.0,0.74,0.26027397260274,0.24,14.9,309.55
Desmodus rotundus,Vampire bat,Chiroptera,Phyllostomidae,Desmodus,29.9,33.2,0.780821917808219,0.517808219178082,0.194,29.4,308.15
Diphylla ecaudata,Hairy-legged vampire bat,Chiroptera,Phyllostomidae,Diphylla,8.0,28.0,,,,,
Glossophaga soricina,Pallas's long-tongued bat,Chiroptera,Phyllostomidae,Glossophaga,11.0,10.0,,0.29041095890411,0.164,9.6,308.65
Leptonycteris curasoae,Southern long-nosed bat,Chiroptera,Phyllostomidae,Leptonycteris,10.1,25.0,,0.334246575342466,,,
Macrotus californicus,California leaf-nosed bat,Chiroptera,Phyllostomidae,Macrotus,17.0,11.6,0.328767123287671,0.73972602739726,0.082,11.7,308.15
Macrotus waterhousii,Waterhouse's leaf-nosed bat,Chiroptera,Phyllostomidae,Macrotus,10.4,16.0,,,,,
Phyllostomus discolor,Pale spear-nosed bat,Chiroptera,Phyllostomidae,Phyllostomus,18.0,43.4,2.0,0.287671232876712,0.267,33.5,307.75
Phyllostomus hastatus,Greater spear-nosed bat,Chiroptera,Phyllostomidae,Phyllostomus,22.0,81.0,2.0,0.328767123287671,0.559,84.2,307.85
Platyrrhinus lineatus,White-lined broad-nosed bat,Chiroptera,Phyllostomidae,Platyrrhinus,13.0,22.0,,0.29041095890411,0.25,21.9,309.55
Sturnira lilium,Little yellow-shouldered bat,Chiroptera,Phyllostomidae,Sturnira,12.0,20.0,,0.287671232876712,0.237,21.4,309.55
Cynopterus brachyotis,Lesser short-nosed fruit bat,Chiroptera,Pteropodidae,Cynopterus,13.0,45.0,0.69,0.306849315068493,0.262,37.2,309.65
Cynopterus sphinx,Greater short-nosed fruit bat,Chiroptera,Pteropodidae,Cynopterus,10.0,75.0,0.924657534246575,0.328767123287671,,,
Dobsonia moluccensis,Moluccan naked-backed fruit bat,Chiroptera,Pteropodidae,Dobsonia,12.3,430.0,1.95843835616438,0.410958904109589,1.411,312.4,309.95
Eidolon helvum,Straw-colored fruit bat,Chiroptera,Pteropodidae,Eidolon,21.8,306.25,1.75000273972603,0.753424657534247,,,307.65
Epomophorus gambianus,Gambian epauletted fruit bat,Chiroptera,Pteropodidae,Epomophorus,7.8,80.0,,0.410958904109589,,,
Epomophorus wahlbergi,Wahlberg's epauletted fruit bat,Chiroptera,Pteropodidae,Epomophorus,10.1,80.0,,0.452054794520548,,,
Haplonycteris fischeri,Philippine pygmy fruit bat,Chiroptera,Pteropodidae,Haplonycteris,10.0,18.0,0.595890410958904,0.246575342465753,,,
Hypsignathus monstrosus,Hammer-headed fruit bat,Chiroptera,Pteropodidae,Hypsignathus,,330.0,0.821917808219178,0.328767123287671,,,
Pteropus alecto,Black flying fox,Chiroptera,Pteropodidae,Pteropus,19.7,672.1,,,,,
Pteropus conspicillatus,Spectacled flying fox,Chiroptera,Pteropodidae,Pteropus,,775.7,2.06890410958904,0.493150684931507,,,
Pteropus dasymallus,Ryukyu flying fox,Chiroptera,Pteropodidae,Pteropus,24.0,435.0,,,,,
Pteropus giganteus,Indian flying fox,Chiroptera,Pteropodidae,Pteropus,40.0,1175.0,1.0,0.397260273972603,1.622,562.2,309.85
Pteropus hypomelanus,Variable flying fox,Chiroptera,Pteropodidae,Pteropus,26.5,450.0,1.0,0.534246575342466,1.618,520.8,308.85
Pteropus livingstonii,Comoro black flying fox,Chiroptera,Pteropodidae,Pteropus,15.0,696.5,,0.416438356164384,,,
Pteropus lylei,Lyle's flying fox,Chiroptera,Pteropodidae,Pteropus,20.4,316.7,,,,,
Pteropus niger,Greater mascarene flying fox,Chiroptera,Pteropodidae,Pteropus,19.4,456.3,,,,,
Pteropus poliocephalus,Gray-headed flying fox,Chiroptera,Pteropodidae,Pteropus,23.6,675.0,1.47945205479452,0.520547945205479,1.768,598.0,309.65
Pteropus pselaphon,Bonin flying fox,Chiroptera,Pteropodidae,Pteropus,16.7,,,,,,
Pteropus pumilus,Little golden-mantled flying fox,Chiroptera,Pteropodidae,Pteropus,17.3,200.0,0.75,0.328767123287671,0.705,194.2,309.25
Pteropus rodricensis,Rodriguez flying fox,Chiroptera,Pteropodidae,Pteropus,28.0,350.0,1.50000273972603,0.542465753424658,0.753,254.5,309.65
Pteropus scapulatus,Little red flying fox,Chiroptera,Pteropodidae,Pteropus,15.8,300.0,1.47945205479452,,1.353,362.0,310.15
Pteropus vampyrus,Large flying fox,Chiroptera,Pteropodidae,Pteropus,24.0,872.0,2.0,0.454794520547945,4.486,1024.3,310.05
Pteropus voeltzkowi,Pemba flying fox,Chiroptera,Pteropodidae,Pteropus,,527.5,,0.416438356164384,,,
Rousettus aegyptiacus,Egyptian rousette,Chiroptera,Pteropodidae,Rousettus,22.9,125.0,1.0,0.317808219178082,0.684,146.0,307.95
Rousettus lanosus,Long-haired rousette,Chiroptera,Pteropodidae,Rousettus,18.7,103.0,,,,,
Rousettus leschenaultii,Leschenault's rousette,Chiroptera,Pteropodidae,Rousettus,14.0,108.25,0.828767123287671,0.315068493150685,,,
Rhinolophus euryale,Mediterranean horseshoe bat,Chiroptera,Rhinolophidae,Rhinolophus,13.0,8.2,2.24931506849315,0.246575342465753,,,
Rhinolophus ferrumequinum,Greater horseshoe bat,Chiroptera,Rhinolophidae,Rhinolophus,30.5,22.875,2.0,0.219178082191781,,,
Rhinolophus hipposideros,Lesser horseshoe bat,Chiroptera,Rhinolophidae,Rhinolophus,29.4,4.6,1.33013698630137,0.183561643835616,,,
Rhinolophus megaphyllus,Smaller horseshoe bat,Chiroptera,Rhinolophidae,Rhinolophus,,9.8,2.0,0.350684931506849,,,
Antrozous pallidus,Pallid bat,Chiroptera,Vespertilionidae,Antrozous,14.8,20.8,1.0,0.16986301369863,0.104,22.0,307.15
Barbastella barbastellus,Western barbastelle,Chiroptera,Vespertilionidae,Barbastella,23.0,10.25,,,,,
Corynorhinus rafinesquii,Rafinesque's big-eared bat,Chiroptera,Vespertilionidae,Corynorhinus,10.1,11.1,0.498630136986301,0.145205479452055,,,
Corynorhinus townsendii,Townsend's big-eared bat,Chiroptera,Vespertilionidae,Corynorhinus,20.5,14.25,,0.213698630136986,,,
Eptesicus fuscus,Big brown bat,Chiroptera,Vespertilionidae,Eptesicus,23.0,23.0,1.74931506849315,0.164383561643836,0.113,13.3,309.15
Eptesicus nilssonii,Northern bat,Chiroptera,Vespertilionidae,Eptesicus,20.0,13.0,,,,,
Eptesicus serotinus,Serotine,Chiroptera,Vespertilionidae,Eptesicus,21.0,18.2,,0.186301369863014,,,
Lasionycteris noctivagans,Silver-haired bat,Chiroptera,Vespertilionidae,Lasionycteris,12.0,10.0,0.416438356164384,0.150684931506849,,,
Lasiurus cinereus,Hoary bat,Chiroptera,Vespertilionidae,Lasiurus,14.0,24.0,,0.153424657534247,,,307.95
Myotis bechsteinii,Bechstein's bat,Chiroptera,Vespertilionidae,Myotis,21.0,10.5,,,,,
Myotis blythii,Lesser mouse-eared bat,Chiroptera,Vespertilionidae,Myotis,33.0,23.0,1.15317808219178,,,,
Myotis brandtii,Brandt's bat,Chiroptera,Vespertilionidae,Myotis,41.0,7.0,1.06575342465753,0.150684931506849,,,
Myotis dasycneme,Pond bat,Chiroptera,Vespertilionidae,Myotis,20.5,15.0,,,,,
Myotis daubentonii,Daubenton's bat,Chiroptera,Vespertilionidae,Myotis,28.0,8.5,2.0,0.147945205479452,,,
Myotis emarginatus,Geoffroy's bat,Chiroptera,Vespertilionidae,Myotis,22.7,11.0,1.24931506849315,,,,
Myotis evotis,Western long-eared myotis,Chiroptera,Vespertilionidae,Myotis,22.0,7.4,0.561643835616438,0.150684931506849,,,
Myotis grisescens,Gray myotis,Chiroptera,Vespertilionidae,Myotis,16.5,9.25,1.24931506849315,,,,
Myotis keenii,Keen's myotis,Chiroptera,Vespertilionidae,Myotis,19.0,7.4,,,,,
Myotis leibii,Eastern small-footed myotis,Chiroptera,Vespertilionidae,Myotis,12.0,5.6,,,,,
Myotis lucifugus,Little brown bat,Chiroptera,Vespertilionidae,Myotis,34.0,10.0,0.769,0.150684931506849,0.051,5.8,305.15
Myotis myotis,Mouse-eared bat,Chiroptera,Vespertilionidae,Myotis,37.1,28.55,1.37534246575342,0.178082191780822,,,308.15
Myotis mystacinus,Whiskered bat,Chiroptera,Vespertilionidae,Myotis,24.0,5.3,1.12465753424658,,,,
Myotis nattereri,Natterer's bat,Chiroptera,Vespertilionidae,Myotis,23.7,7.5,0.877833659491193,0.136986301369863,,,
Myotis nigricans,Black myotis,Chiroptera,Vespertilionidae,Myotis,7.0,4.2,0.268493150684932,0.150684931506849,0.027,3.7,307.15
Myotis sodalis,Indiana bat,Chiroptera,Vespertilionidae,Myotis,20.0,7.7,0.976876712328767,,,,
Myotis thysanodes,Fringed myotis,Chiroptera,Vespertilionidae,Myotis,18.3,6.0,0.561643835616438,0.150684931506849,,,306.15
Myotis velifer,Cave myotis,Chiroptera,Vespertilionidae,Myotis,11.3,10.1,1.0,0.178082191780822,0.04,11.9,
Myotis vivesi,Fish-eating bat,Chiroptera,Vespertilionidae,Myotis,10.0,25.0,1.06575342465753,0.164383561643836,0.199,25.0,309.15
Myotis volans,Long-legged myotis,Chiroptera,Vespertilionidae,Myotis,21.0,7.0,0.416438356164384,,,,
Myotis yumanensis,Yuma myotis,Chiroptera,Vespertilionidae,Myotis,14.0,6.25,0.561643835616438,0.150684931506849,0.047,5.0,
Nyctalus leisleri,Lesser noctule,Chiroptera,Vespertilionidae,Nyctalus,16.0,16.0,,,,,
Nyctalus noctula,Noctule,Chiroptera,Vespertilionidae,Nyctalus,12.0,27.75,0.75,0.164383561643836,,,
Nycticeius humeralis,Evening bat,Chiroptera,Vespertilionidae,Nycticeius,6.0,9.75,0.833334246575342,0.150684931506849,,,307.15
Perimyotis subflavus,Eastern pipistrelle,Chiroptera,Vespertilionidae,Perimyotis,14.8,7.5,0.580821917808219,0.120547945205479,,,
Pipistrellus kuhlii,Kuhl's pipistrelle,Chiroptera,Vespertilionidae,Pipistrellus,8.0,6.0,,,,,
Pipistrellus nathusii,Nathusius's pipistrelle,Chiroptera,Vespertilionidae,Pipistrellus,11.0,10.0,0.249315068493151,,,,
Pipistrellus pipistrellus,Common pipistrelle,Chiroptera,Vespertilionidae,Pipistrellus,16.6,5.0,1.24931506849315,0.115068493150685,,,
Plecotus auritus,Brown big-eared bat,Chiroptera,Vespertilionidae,Plecotus,30.0,7.8,1.0,0.178082191780822,0.082,10.2,307.15
Plecotus austriacus,Gray big-eared bat,Chiroptera,Vespertilionidae,Plecotus,25.5,12.0,,,,,
Scotorepens balstoni,Western broad-nosed bat,Chiroptera,Vespertilionidae,Scotorepens,9.7,11.7,,0.575342465753425,,,
Vespertilio murinus,Particolored bat,Chiroptera,Vespertilionidae,Vespertilio,14.5,18.7,2.0,0.136986301369863,,,
Cabassous centralis,Northern naked-tailed armadillo,Cingulata,Dasypodidae,Cabassous,,2750.0,,,4.812,4061.7,306.75
Cabassous unicinctus,Southern naked-tailed armadillo,Cingulata,Dasypodidae,Cabassous,7.483333333,3500.0,0.839921722113503,0.333333333424658,,,
Chaetophractus nationi,Andean hairy armadillo,Cingulata,Dasypodidae,Chaetophractus,,2150.0,,,3.118,2150.0,308.65
Chaetophractus vellerosus,Screaming hairy armadillo,Cingulata,Dasypodidae,Chaetophractus,16.2,840.0,,,1.707,1110.0,307.55
Chaetophractus villosus,Large hairy armadillo,Cingulata,Dasypodidae,Chaetophractus,25.2,3000.0,0.747945205479452,0.183561643835616,4.508,4540.0,308.25
Chlamyphorus truncatus,Pink fairy armadillo,Cingulata,Dasypodidae,Chlamyphorus,,44.3,,,,,
Dasypus novemcinctus,Nine-banded armadillo,Cingulata,Dasypodidae,Dasypus,22.3,5500.0,1.0,0.364383561643836,4.655,3413.7,307.65
Dasypus septemcinctus,Seven-banded armadillo,Cingulata,Dasypodidae,Dasypus,16.8,1475.0,0.750684931506849,0.361643835616438,,,
Euphractus sexcinctus,Six-banded armadillo,Cingulata,Dasypodidae,Euphractus,22.1,4850.0,0.750684931506849,0.186301369863014,6.901,8190.0,307.35
Priodontes maximus,Giant armadillo,Cingulata,Dasypodidae,Priodontes,15.0,33000.0,0.876712328767123,0.334246575342466,16.892,45190.0,306.75
Tolypeutes matacus,Southern three-banded armadillo,Cingulata,Dasypodidae,Tolypeutes,36.8,1500.0,0.876712328767123,0.328767123287671,1.172,1160.0,306.15
Tolypeutes tricinctus,Brazilian three-banded armadillo,Cingulata,Dasypodidae,Tolypeutes,,1200.0,,,,,
Zaedyus pichiy,Pichi,Cingulata,Dasypodidae,Zaedyus,12.5,1500.0,0.876712328767123,0.164383561643836,2.192,1740.0,308.35
Antechinomys laniger,Kultarr,Dasyuromorphia,Dasyuridae,Antechinomys,3.5,24.0,0.958904109589041,0.0328767123287671,0.141,25.8,308.95
Antechinus agilis,Agile antechinus,Dasyuromorphia,Dasyuridae,Antechinus,4.7,18.0,0.904109589041096,0.073972602739726,,,
Antechinus bellus,Fawn antechinus,Dasyuromorphia,Dasyuridae,Antechinus,3.4,34.0,0.958904109589041,0.0821917808219178,,,
Antechinus flavipes,Yellow-footed antechinus,Dasyuromorphia,Dasyuridae,Antechinus,3.9,45.0,0.945205479452055,0.0684931506849315,0.252,46.5,308.15
Antechinus leo,Cinnamon antechinus,Dasyuromorphia,Dasyuridae,Antechinus,2.0,54.0,0.958904109589041,0.0849315068493151,,,
Antechinus minimus,Swamp antechinus,Dasyuromorphia,Dasyuridae,Antechinus,2.0,42.0,0.945205479452055,0.0767123287671233,,,
Antechinus stuartii,Brown antechinus,Dasyuromorphia,Dasyuridae,Antechinus,5.4,27.5,0.780821917808219,0.0821917808219178,0.189,25.0,308.25
Antechinus swainsonii,Dusky antechinus,Dasyuromorphia,Dasyuridae,Antechinus,3.3,41.0,0.904109589041096,0.0767123287671233,0.351,66.9,309.15
Dasycercus cristicauda,Mulgara,Dasyuromorphia,Dasyuridae,Dasycercus,7.4,115.0,0.863013698630137,0.104109589041096,0.26,91.0,310.85
Dasykaluta rosamondae,Little red kaluta,Dasyuromorphia,Dasyuridae,Dasykaluta,3.0,30.0,0.821917808219178,0.136986301369863,,,
Dasyuroides byrnei,Kowari,Dasyuromorphia,Dasyuridae,Dasyuroides,8.0,105.0,0.621917808219178,0.0904109589041096,0.439,100.0,308.35
Dasyurus geoffroii,Western quoll,Dasyuromorphia,Dasyuridae,Dasyurus,6.2,890.0,1.0,0.0438356164383562,2.991,1326.7,309.35
Dasyurus hallucatus,Northern quoll,Dasyuromorphia,Dasyuridae,Dasyurus,5.9,525.0,0.863013698630137,,1.501,571.0,309.05
Dasyurus maculatus,Australian tiger cat,Dasyuromorphia,Dasyuridae,Dasyurus,6.8,5500.0,0.931506849315068,0.0575342465753425,3.142,1782.0,310.05
Dasyurus viverrinus,Eastern quoll,Dasyuromorphia,Dasyuridae,Dasyurus,6.8,1090.0,0.917808219178082,0.0547945205479452,2.26,945.3,309.05
Ningaui ridei,Wongai ningaui,Dasyuromorphia,Dasyuridae,Ningaui,2.0,8.5,0.794520547945205,0.0383561643835616,,,
Ningaui timealeyi,Pilbara ningaui,Dasyuromorphia,Dasyuridae,Ningaui,2.0,10.5,,0.0383561643835616,,,
Parantechinus apicalis,Southern dibbler,Dasyuromorphia,Dasyuridae,Parantechinus,5.5,70.0,0.863013698630137,0.131506849315068,,,
Phascogale calura,Red-tailed phascogale,Dasyuromorphia,Dasyuridae,Phascogale,4.7,43.0,0.904109589041096,0.0794520547945206,,,
Phascogale tapoatafa,Brush-tailed phascogale,Dasyuromorphia,Dasyuridae,Phascogale,5.9,193.5,1.0,0.0794520547945206,0.694,153.7,310.55
Planigale gilesi,Paucident planigale,Dasyuromorphia,Dasyuridae,Planigale,5.0,6.9,0.657534246575342,0.0438356164383562,0.058,9.1,308.25
Planigale ingrami,Long-tailed planigale,Dasyuromorphia,Dasyuridae,Planigale,1.3,4.3,,,0.065,8.8,307.65
Planigale maculata,Pygmy planigale,Dasyuromorphia,Dasyuridae,Planigale,5.8,10.0,0.794520547945205,0.0547945205479452,0.067,10.6,307.65
Planigale tenuirostris,Narrow-nosed planigale,Dasyuromorphia,Dasyuridae,Planigale,5.2,5.3,0.657534246575342,0.0520547945205479,0.063,7.1,307.65
Pseudantechinus bilarni,Sandstone dibbler,Dasyuromorphia,Dasyuridae,Pseudantechinus,3.0,28.0,0.493150684931507,0.106849315068493,,,
Pseudantechinus macdonnellensis,Fat-tailed marsupial mouse,Dasyuromorphia,Dasyuridae,Pseudantechinus,7.0,32.5,0.958904109589041,0.117808219178082,0.152,43.1,307.35
Pseudantechinus ningbing,Ningbing pseudantechinus,Dasyuromorphia,Dasyuridae,Pseudantechinus,2.0,17.5,0.904109589041096,0.123287671232877,,,
Pseudantechinus woolleyae,Woolley's pseudantechinus,Dasyuromorphia,Dasyuridae,Pseudantechinus,4.0,38.0,0.821917808219178,,,,
Sarcophilus harrisii,Tasmanian devil,Dasyuromorphia,Dasyuridae,Sarcophilus,13.0,8202.25,2.0,0.0712328767123288,8.664,6126.8,308.95
Sminthopsis crassicaudata,Fat-tailed dunnart,Dasyuromorphia,Dasyuridae,Sminthopsis,5.0,15.0,0.375342465753425,0.0383561643835616,0.121,16.0,308.35
Sminthopsis dolichura,Little long-tailed dunnart,Dasyuromorphia,Dasyuridae,Sminthopsis,3.2,12.4,0.698630136986301,,,,
Sminthopsis douglasi,Julia Creek dunnart,Dasyuromorphia,Dasyuridae,Sminthopsis,,55.0,,,,,
Sminthopsis griseoventer,Gray-bellied dunnart,Dasyuromorphia,Dasyuridae,Sminthopsis,3.6,17.5,,,,,
Sminthopsis macroura,Stripe-faced dunnart,Dasyuromorphia,Dasyuridae,Sminthopsis,4.9,20.0,0.380821917808219,0.0328767123287671,0.128,20.6,306.45
Sminthopsis ooldea,Ooldea dunnart,Dasyuromorphia,Dasyuridae,Sminthopsis,3.0,11.0,0.821917808219178,0.0575342465753425,,,
Sminthopsis virginiae,Red-cheeked dunnart,Dasyuromorphia,Dasyuridae,Sminthopsis,5.3,34.0,0.63013698630137,0.0410958904109589,,,
Sminthopsis youngsoni,Lesser hairy-footed dunnart,Dasyuromorphia,Dasyuridae,Sminthopsis,5.3,10.0,,,,,
Myrmecobius fasciatus,Numbat,Dasyuromorphia,Myrmecobiidae,Myrmecobius,11.0,471.5,,0.0383561643835616,0.907,438.2,305.65
Cynocephalus volans,Philippine flying lemur,Dermoptera,Cynocephalidae,Cynocephalus,,1300.0,,0.287671232876712,,,
Caluromys derbianus,Central American woolly opossum,Didelphimorphia,Didelphidae,Caluromys,8.7,330.0,0.657534246575342,,1.194,342.7,308.15
Caluromys philander,Bare-tailed woolly opossum,Didelphimorphia,Didelphidae,Caluromys,8.9,350.0,0.832876712328767,0.0657534246575342,,,
Caluromysiops irrupta,Black-shouldered opossum,Didelphimorphia,Didelphidae,Caluromysiops,7.8,250.0,,,,,
Chironectes minimus,Water opossum (yapok),Didelphimorphia,Didelphidae,Chironectes,3.1,700.0,0.832876712328767,,2.793,940.5,308.15
Didelphis albiventris,White-eared opossum,Didelphimorphia,Didelphidae,Didelphis,1.7,904.0,1.0,0.0328767123287671,,,
Didelphis aurita,Big-eared opossum,Didelphimorphia,Didelphidae,Didelphis,4.0,850.0,0.465753424657534,,,,
Didelphis marsupialis,Southern opossum,Didelphimorphia,Didelphidae,Didelphis,4.2,1530.0,0.572602739726027,0.0328767123287671,3.31,1244.3,308.15
Didelphis virginiana,Virginia opossum,Didelphimorphia,Didelphidae,Didelphis,6.6,3000.0,0.584931506849315,0.0328767123287671,5.299,2846.6,308.15
Gracilinanus agilis,Paraguayan slender mouse opossum,Didelphimorphia,Didelphidae,Gracilinanus,6.1,22.0,,,,,
Lutreolina crassicaudata,Lutrine opossum,Didelphimorphia,Didelphidae,Lutreolina,2.9,370.0,,0.0383561643835616,2.265,812.0,308.95
Marmosa mexicana,Mexican mouse opossum,Didelphimorphia,Didelphidae,Marmosa,7.0,49.5,,0.0383561643835616,,,
Marmosa murina,Murine mouse opossum,Didelphimorphia,Didelphidae,Marmosa,3.6,26.0,,0.0356164383561644,,,
Marmosa robinsoni,Robinson's mouse opossum,Didelphimorphia,Didelphidae,Marmosa,5.0,75.0,0.882191780821918,0.0383561643835616,0.547,122.0,307.15
Marmosops noctivagus,Rio Napo mouse opossum,Didelphimorphia,Didelphidae,Marmosops,4.5,21.0,,,,,
Metachirus nudicaudatus,Brown four-eyed opossum,Didelphimorphia,Didelphidae,Metachirus,3.0,440.0,,,1.144,336.0,308.15
Monodelphis adusta,Sepia short-tailed opossum,Didelphimorphia,Didelphidae,Monodelphis,4.1,35.0,,,,,
Monodelphis brevicaudata,Short bare-tailed opossum,Didelphimorphia,Didelphidae,Monodelphis,3.9,90.0,0.493150684931507,,0.366,91.5,306.85
Monodelphis domestica,Gray short-tailed opossum,Didelphimorphia,Didelphidae,Monodelphis,5.1,105.0,0.334246575342466,0.0410958904109589,0.335,104.0,305.75
Philander andersoni,Black four-eyed opossum,Didelphimorphia,Didelphidae,Philander,,320.0,,,,,
Philander opossum,Gray four-eyed opossum,Didelphimorphia,Didelphidae,Philander,4.4,450.0,1.23287671232877,,1.886,751.0,308.95
Acrobates pygmaeus,Pygmy gliding possum,Diprotodontia,Acrobatidae,Acrobates,8.8,13.0,0.828767123287671,,0.084,14.0,307.85
Distoechurus pennatus,Feather-tailed possum,Diprotodontia,Acrobatidae,Distoechurus,2.0,51.5,,,,,
Burramys parvus,Mountain pygmy possum,Diprotodontia,Burramyidae,Burramys,12.0,45.0,0.876712328767123,0.0410958904109589,0.205,44.3,309.25
Cercartetus caudatus,Long-tailed pygmy possum,Diprotodontia,Burramyidae,Cercartetus,3.2,30.0,1.26027397260274,,,,
Cercartetus nanus,Eastern pygmy possum,Diprotodontia,Burramyidae,Cercartetus,10.3,40.0,0.520547945205479,,0.311,64.8,308.75
Hypsiprymnodon moschatus,Musky rat kangaroo,Diprotodontia,Hypsiprymnodontidae,Hypsiprymnodon,6.0,500.0,1.0,,,,
Dendrolagus bennettianus,Bennett's tree kangaroo,Diprotodontia,Macropodidae,Dendrolagus,20.0,9300.0,,,,,
Dendrolagus dorianus,Doria's tree kangaroo,Diprotodontia,Macropodidae,Dendrolagus,19.0,9581.0,,,,,
Dendrolagus goodfellowi,Goodfellow's tree kangaroo,Diprotodontia,Macropodidae,Dendrolagus,23.6,7400.0,,0.123287671232877,,,
Dendrolagus inustus,Grizzled tree kangaroo,Diprotodontia,Macropodidae,Dendrolagus,23.8,11400.0,1.3972602739726,,,,
Dendrolagus matschiei,Matschie's tree kangaroo,Diprotodontia,Macropodidae,Dendrolagus,26.9,7200.0,2.31506849315068,0.0876712328767123,7.96,6960.0,309.45
Dendrolagus ursinus,Black tree kangaroo,Diprotodontia,Macropodidae,Dendrolagus,20.0,8000.0,,,,,
Dorcopsis luctuosa,Gray dorcopsis,Diprotodontia,Macropodidae,Dorcopsis,13.9,3570.0,1.23287671232877,,,,
Dorcopsis muelleri,Brown dorcopsis,Diprotodontia,Macropodidae,Dorcopsis,12.4,5000.0,,,,,
Dorcopsulus macleayi,Papuan mountain wallaby,Diprotodontia,Macropodidae,Dorcopsulus,7.9,2988.0,,,,,
Lagorchestes conspicillatus,Spectacled hare-wallaby,Diprotodontia,Macropodidae,Lagorchestes,8.8,3000.0,0.994520547945206,0.0821917808219178,4.749,2660.0,309.15
Lagorchestes hirsutus,Rufous hare-wallaby,Diprotodontia,Macropodidae,Lagorchestes,13.2,1310.0,0.904109589041096,,,,
Lagostrophus fasciatus,Banded hare-wallaby,Diprotodontia,Macropodidae,Lagostrophus,4.0,2100.0,1.0,,,,
Macropus agilis,Agile wallaby,Diprotodontia,Macropodidae,Macropus,16.9,16000.0,1.08219178082192,0.0794520547945206,,,
Macropus antilopinus,Antilopine wallaroo,Diprotodontia,Macropodidae,Macropus,19.8,49500.0,2.1972602739726,0.0931506849315069,,,
Macropus bernardus,Black wallaroo,Diprotodontia,Macropodidae,Macropus,11.8,17500.0,,,,,
Macropus dorsalis,Black-striped wallaby,Diprotodontia,Macropodidae,Macropus,15.0,11250.0,1.41643835616438,0.0931506849315069,,,
Macropus eugenii,Tammar wallaby,Diprotodontia,Macropodidae,Macropus,15.1,6500.0,1.37534246575342,0.0767123287671233,7.78,4796.0,309.65
Macropus fuliginosus,Western gray kangaroo,Diprotodontia,Macropodidae,Macropus,23.2,28250.0,2.12328767123288,0.0821917808219178,,,309.65
Macropus giganteus,Eastern gray kangaroo,Diprotodontia,Macropodidae,Macropus,25.0,49500.0,2.64246575342466,0.0986301369863014,,,309.45
Macropus parma,Parma wallaby,Diprotodontia,Macropodidae,Macropus,15.9,4250.0,1.43013698630137,0.0931506849315069,,,
Macropus parryi,Whiptail wallaby,Diprotodontia,Macropodidae,Macropus,14.0,16500.0,2.23013698630137,0.0986301369863014,,,
Macropus robustus,Wallaroo,Diprotodontia,Macropodidae,Macropus,22.0,30000.0,1.66712328767123,0.0876712328767123,33.056,29647.9,309.25
Macropus rufogriseus,Red-necked wallaby,Diprotodontia,Macropodidae,Macropus,15.2,16200.0,1.37397260273973,0.0794520547945206,,,
Macropus rufus,Red kangaroo,Diprotodontia,Macropodidae,Macropus,25.0,55000.0,1.81232876712329,0.0904109589041096,31.353,28500.0,309.05
Onychogalea fraenata,Ridled nail-tailed wallaby,Diprotodontia,Macropodidae,Onychogalea,7.4,5500.0,0.506849315068493,0.063013698630137,,,
Onychogalea unguifera,Northern nail-tailed wallaby,Diprotodontia,Macropodidae,Onychogalea,5.5,5800.0,,,,,
Petrogale assimilis,Allied rock wallaby,Diprotodontia,Macropodidae,Petrogale,13.0,4300.0,1.43835616438356,0.0849315068493151,,,
Petrogale brachyotis,Western rock wallaby,Diprotodontia,Macropodidae,Petrogale,10.1,3700.0,,,,,
Petrogale concinna,Nabarlek,Diprotodontia,Macropodidae,Petrogale,11.7,1250.0,1.17808219178082,0.0821917808219178,,,
Petrogale lateralis,Black-footed rock wallaby,Diprotodontia,Macropodidae,Petrogale,12.0,4200.0,,,,,
Petrogale penicillata,Brush-tailed rock wallaby,Diprotodontia,Macropodidae,Petrogale,14.3,6000.0,1.54794520547945,0.0821917808219178,,,
Petrogale xanthopus,Ringtailed rock wallaby,Diprotodontia,Macropodidae,Petrogale,14.4,6000.0,1.48219178082192,0.0849315068493151,,,
Setonix brachyurus,Quokka,Diprotodontia,Macropodidae,Setonix,13.8,3500.0,0.878082191780822,0.0712328767123288,4.695,2702.3,
Thylogale billardierii,Tasmanian pademelon,Diprotodontia,Macropodidae,Thylogale,8.8,5000.0,1.19178082191781,0.0794520547945206,,,
Thylogale brunii,Dusky pademelon,Diprotodontia,Macropodidae,Thylogale,9.4,,,,,,
Thylogale stigmatica,Red-legged pademelon,Diprotodontia,Macropodidae,Thylogale,9.7,4100.0,0.926027397260274,0.0794520547945206,,,
Thylogale thetis,Red-necked pademelon,Diprotodontia,Macropodidae,Thylogale,9.0,3800.0,1.52054794520548,,,,
Wallabia bicolor,Swamp wallaby,Diprotodontia,Macropodidae,Wallabia,16.8,14625.0,1.16712328767123,0.0986301369863014,,,
Dactylopsila trivirgata,Striped possum,Diprotodontia,Petauridae,Dactylopsila,9.6,318.0,,,,,
Gymnobelideus leadbeateri,Leadbeater's possum,Diprotodontia,Petauridae,Gymnobelideus,14.1,127.0,1.28630136986301,0.0438356164383562,0.574,166.0,308.15
Petaurus australis,Yellow-bellied glider,Diprotodontia,Petauridae,Petaurus,15.0,572.5,1.98630136986301,,,,
Petaurus breviceps,Sugar glider,Diprotodontia,Petauridae,Petaurus,17.8,110.0,0.947945205479452,0.0438356164383562,0.517,129.3,309.05
Petaurus norfolcensis,Squirrel glider,Diprotodontia,Petauridae,Petaurus,14.8,405.0,,0.0547945205479452,,,
Ailurops ursinus,Bear cuscus,Diprotodontia,Phalangeridae,Ailurops,,7000.0,,,,,
Phalanger gymnotis,Ground cuscus,Diprotodontia,Phalangeridae,Phalanger,18.9,2400.0,,0.0356164383561644,,,309.55
Phalanger orientalis,Gray cuscus,Diprotodontia,Phalangeridae,Phalanger,4.0,2500.0,,,,,
Spilocuscus maculatus,Spotted cuscus,Diprotodontia,Phalangeridae,Spilocuscus,17.0,3500.0,0.665753424657534,0.0356164383561644,6.27,4250.0,307.85
Trichosurus arnhemensis,Northern brush-tailed possum,Diprotodontia,Phalangeridae,Trichosurus,,1300.0,,,,,
Trichosurus caninus,Mountain brush-tailed possum,Diprotodontia,Phalangeridae,Trichosurus,17.0,3150.0,2.46575342465753,0.0438356164383562,,,
Trichosurus vulpecula,Brush-tailed possum,Diprotodontia,Phalangeridae,Trichosurus,15.9,2395.0,1.43150684931507,0.0465753424657534,3.8,1993.5,309.15
Wyulda squamicaudata,Scaly-tailed possum,Diprotodontia,Phalangeridae,Wyulda,6.0,1700.0,1.73972602739726,,,,
Phascolarctos cinereus,Koala,Diprotodontia,Phascolarctidae,Phascolarctos,22.1,9300.0,2.38493150684931,0.0849315068493151,5.744,4732.4,308.95
Aepyprymnus rufescens,Rufous 'rat'-kangaroo,Diprotodontia,Potoroidae,Aepyprymnus,12.8,3250.0,0.976712328767123,0.063013698630137,5.978,2820.0,
Bettongia gaimardi,Tasmanian bettong,Diprotodontia,Potoroidae,Bettongia,11.8,1725.0,0.717808219178082,0.0547945205479452,3.578,1385.0,308.75
Bettongia lesueur,Burrowing bettong,Diprotodontia,Potoroidae,Bettongia,10.0,1300.0,0.597260273972603,0.0575342465753425,,,
Bettongia penicillata,Woylie,Diprotodontia,Potoroidae,Bettongia,18.8,1500.0,0.493150684931507,0.0493150684931507,3.132,1018.0,310.35
Bettongia tropica,Northern bettong,Diprotodontia,Potoroidae,Bettongia,7.0,1200.0,0.824657534246575,0.0547945205479452,,,
Potorous longipes,Long-footed potoroo,Diprotodontia,Potoroidae,Potorous,15.3,1650.0,2.06849315068493,0.104109589041096,,,
Potorous tridactylus,Long-nosed potoroo,Diprotodontia,Potoroidae,Potorous,14.5,1430.0,1.0958904109589,0.0821917808219178,2.556,1045.5,309.05
Hemibelideus lemuroides,Lemuroid ringtail possum,Diprotodontia,Pseudocheiridae,Hemibelideus,5.4,1040.0,,,,,
Petauroides volans,Greater glider,Diprotodontia,Pseudocheiridae,Petauroides,15.0,1350.0,1.75068493150685,,3.191,1140.5,308.55
Pseudocheirus peregrinus,Ring-tailed possum,Diprotodontia,Pseudocheiridae,Pseudocheirus,10.1,850.0,1.0,,2.27,859.3,310.55
Tarsipes rostratus,Honey possum,Diprotodontia,Tarsipedidae,Tarsipes,2.0,9.0,0.457534246575342,0.115068493150685,0.162,10.0,309.75
Lasiorhinus krefftii,Northern hairy-nosed wombat,Diprotodontia,Vombatidae,Lasiorhinus,30.0,31000.0,,,,,
Lasiorhinus latifrons,Southern hairy-nosed wombat,Diprotodontia,Vombatidae,Lasiorhinus,29.9,25500.0,1.4986301369863,0.0575342465753425,16.001,27348.2,308.45
Vombatus ursinus,Coarse-haired wombat,Diprotodontia,Vombatidae,Vombatus,30.0,25500.0,2.0,0.073972602739726,,,
Atelerix albiventris,Four-toed hedgehog,Eulipotyphla,Erinaceidae,Atelerix,11.4,500.0,0.23013698630137,0.0958904109589041,0.828,450.0,308.35
Atelerix algirus,North african hedgehog,Eulipotyphla,Erinaceidae,Atelerix,7.0,745.0,,0.10958904109589,,,
Atelerix frontalis,Southern african hedgehog,Eulipotyphla,Erinaceidae,Atelerix,,309.0,1.0,0.101369863013699,,,
Echinosorex gymnura,Moonrat,Eulipotyphla,Erinaceidae,Echinosorex,7.0,1250.0,,0.101369863013699,2.816,721.2,309.45
Erinaceus amurensis,Amur hedgehog,Eulipotyphla,Erinaceidae,Erinaceus,8.0,,,,,,
Erinaceus concolor,Eastern European hedgehog,Eulipotyphla,Erinaceidae,Erinaceus,7.0,719.0,0.583561643835616,0.0958904109589041,1.937,822.7,308.35
Erinaceus europaeus,Western European hedgehog,Eulipotyphla,Erinaceidae,Erinaceus,11.7,750.0,0.693150685,0.0821917808219178,2.434,1213.5,307.15
Hemiechinus auritus,Long-eared hedgehog,Eulipotyphla,Erinaceidae,Hemiechinus,7.6,342.0,0.583561644,0.106849315068493,0.845,398.5,306.95
Paraechinus aethiopicus,Desert hedgehog,Eulipotyphla,Erinaceidae,Paraechinus,6.3,188.0,0.5,0.101369863013699,0.63,451.5,307.35
Paraechinus hypomelas,Brandt's hedgehog,Eulipotyphla,Erinaceidae,Paraechinus,7.0,292.0,0.5,0.134246575342466,,,
Dendrohyrax arboreus,Tree hyrax,Hyracoidea,Procaviidae,Dendrohyrax,13.6,3000.0,1.0,0.627397260273973,,,
Heterohyrax brucei,Bush hyrax,Hyracoidea,Procaviidae,Heterohyrax,14.0,2456.7,1.35342465753425,0.627397260273973,3.872,1604.4,309.85
Procavia capensis,Rock hyrax,Hyracoidea,Procaviidae,Procavia,14.8,3600.0,1.369863014,0.589041095890411,4.954,2458.0,310.15
Brachylagus idahoensis,Pygmy rabbit,Lagomorpha,Leporidae,Brachylagus,,421.3,0.701369863013699,0.073972602739726,2.145,432.0,
Bunolagus monticularis,Riverine rabbit,Lagomorpha,Leporidae,Bunolagus,,1250.0,,,,,
Lepus americanus,Snowshoe hare,Lagomorpha,Leporidae,Lepus,8.0,1600.0,0.984931507,0.0986301369863014,6.708,1603.4,312.95
Lepus brachyurus,Japanese hare,Lagomorpha,Leporidae,Lepus,13.0,2519.0,,0.104109589041096,,,
Lepus californicus,Black-tailed jackrabbit,Lagomorpha,Leporidae,Lepus,11.8,4175.0,0.665753425,0.120547945205479,7.314,2300.0,312.35
Lepus capensis,Cape hare,Lagomorpha,Leporidae,Lepus,,2358.0,0.552054794520548,0.117808219178082,,,
Lepus europaeus,European hare,Lagomorpha,Leporidae,Lepus,10.7,4175.0,0.646575342465753,0.115068493150685,,,311.45
Lepus timidus,Mountain hare,Lagomorpha,Leporidae,Lepus,18.0,4175.0,0.728767123287671,0.136986301369863,8.443,3014.5,312.85
Lepus townsendii,White-tailed jackrabbit,Lagomorpha,Leporidae,Lepus,8.0,3035.5,0.912328767123288,0.106849315068493,7.698,2523.2,311.35
Oryctolagus cuniculus,European rabbit,Lagomorpha,Leporidae,Oryctolagus,9.0,1800.0,2.0,0.0821917808219178,7.395,2167.9,312.15
Sylvilagus audubonii,Audubon's cottontail rabbit,Lagomorpha,Leporidae,Sylvilagus,7.8,900.0,0.371232877,0.0794520547945206,2.506,686.9,311.45
Sylvilagus bachmani,Brush rabbit,Lagomorpha,Leporidae,Sylvilagus,6.0,700.0,0.421917808,0.073972602739726,,,
Sylvilagus floridanus,Eastern cottontail,Lagomorpha,Leporidae,Sylvilagus,9.8,1150.0,0.336986301,0.0821917808219178,,,
Sylvilagus nuttallii,Mountain cottontail,Lagomorpha,Leporidae,Sylvilagus,7.4,760.0,0.331506849,0.0821917808219178,,,
Sylvilagus palustris,Marsh rabbit,Lagomorpha,Leporidae,Sylvilagus,7.6,1233.0,0.6,0.0931506849315069,,,
Sylvilagus transitionalis,New England cottontail,Lagomorpha,Leporidae,Sylvilagus,9.3,902.6,0.328767123287671,0.0767123287671233,,,
Ochotona collaris,Collared pika,Lagomorpha,Ochotonidae,Ochotona,6.0,129.0,1.0,0.0821917808219178,,,
Ochotona hyperborea,Northern pika,Lagomorpha,Ochotonidae,Ochotona,9.4,120.0,1.0,0.0767123287671233,,,
Ochotona princeps,American pika,Lagomorpha,Ochotonidae,Ochotona,7.0,100.0,0.950684932,0.0821917808219178,0.932,109.0,313.25
Ochotona pusilla,Steppe pika,Lagomorpha,Ochotonidae,Ochotona,4.0,262.5,0.0849315068493151,0.0821917808219178,,,
Elephantulus brachyrhynchus,Short-nosed elephant shrew,Macroscelidea,Macroscelididae,Elephantulus,,44.3,,,0.244,45.3,310.65
Elephantulus edwardii,Cape elephant shrew,Macroscelidea,Macroscelididae,Elephantulus,5.666666667,50.0,0.173972603,0.164383561643836,0.303,49.9,310.75
Elephantulus intufi,Long-eared elephant shrew,Macroscelidea,Macroscelididae,Elephantulus,9.3,52.0,0.70958904109589,0.142465753424658,0.29,46.5,310.35
Elephantulus rozeti,North African elephant shrew,Macroscelidea,Macroscelididae,Elephantulus,7.2,48.0,,0.208219178082192,0.288,49.0,310.25
Elephantulus rufescens,Rufous elephant shrew,Macroscelidea,Macroscelididae,Elephantulus,7.9,58.0,0.136986301369863,0.167123287671233,0.317,53.0,310.45
Macroscelides proboscideus,Short-eared elephant shrew,Macroscelidea,Macroscelididae,Macroscelides,8.7,40.0,0.120547945,0.178082191780822,0.292,39.0,309.35
Petrodromus tetradactylus,Four-toed elephant shrew,Macroscelidea,Macroscelididae,Petrodromus,,210.0,,,0.852,208.0,310.65
Rhynchocyon chrysopygus,Golden-rumped elephant shrew,Macroscelidea,Macroscelididae,Rhynchocyon,11.0,540.0,0.104109589041096,0.115068493150685,,,
Rhynchocyon cirnei,Checkered elephant shrew,Macroscelidea,Macroscelididae,Rhynchocyon,,370.0,,,,,
Dromiciops gliroides,Monito del monte,Microbiotheria,Microbiotheriidae,Dromiciops,3.49,24.05,1.5,0.0671232876712329,,,308.3
Ornithorhynchus anatinus,Duck-billed platypus,Monotremata,Ornithorhynchidae,Ornithorhynchus,26.0,1250.0,1.5013698630137,0.104109589041096,1.931,1030.3,307.15
Tachyglossus aculeatus,Short-beaked echidna,Monotremata,Tachyglossidae,Tachyglossus,49.5,3500.0,1.5013698630137,0.0917808219178082,2.327,2909.0,303.85
Zaglossus bruijni,Long-nosed echidna,Monotremata,Tachyglossidae,Zaglossus,41.2,7500.0,,0.0273972602739726,6.493,11848.6,303.95
Notoryctes typhlops,Southern marsupial mole,Notoryctemorphia,Notoryctidae,Notoryctes,1.5,53.25,,,,,
Echymipera kalubu,New Guinea spiny bandicoot,Peramelemorphia,Peramelidae,Echymipera,,650.0,,0.0356164383561644,,,308.15
Echymipera rufescens,Long-nosed echymipera,Peramelemorphia,Peramelidae,Echymipera,3.1,1250.0,,,2.255,886.6,308.05
Isoodon auratus,Golden bandicoot,Peramelemorphia,Peramelidae,Isoodon,6.7,485.0,,0.0328767123287671,0.837,428.0,306.95
Isoodon macrourus,Northern brown bandicoot,Peramelemorphia,Peramelidae,Isoodon,6.8,1600.0,0.441095890410959,0.0328767123287671,3.202,1551.0,309.05
Isoodon obesulus,Southern brown bandicoot,Peramelemorphia,Peramelidae,Isoodon,6.5,700.0,0.575342465753425,0.0410958904109589,1.238,717.0,307.05
Perameles bougainville,Western barred bandicoot,Peramelemorphia,Peramelidae,Perameles,5.8,226.0,0.328767123287671,0.0328767123287671,,,
Perameles gunnii,Eastern barred bandicoot,Peramelemorphia,Peramelidae,Perameles,6.1,766.0,0.332876712328767,0.0328767123287671,1.902,695.0,308.35
Perameles nasuta,Long-nosed bandicoot,Peramelemorphia,Peramelidae,Perameles,5.6,859.0,0.36986301369863,0.0328767123287671,1.763,645.0,309.25
Peroryctes raffrayana,Raffray's bandicoot,Peramelemorphia,Peramelidae,Peroryctes,3.2,675.0,0.328767123287671,,,,
Macrotis lagotis,Rabbit-bandicoot or bilby,Peramelemorphia,Thylacomyidae,Macrotis,9.6,1300.0,0.410958904109589,0.0465753424657534,2.4,1245.5,308.15
Equus asinus,African wild ass,Perissodactyla,Equidae,Equus,47.0,164998.0,2.34657534246575,0.983561643835616,164.92,177500.0,
Equus caballus,Horse,Perissodactyla,Equidae,Equus,57.0,300000.0,2.58493150684932,0.923287671232877,,,311.45
Equus grevyi,Grevy's zebra,Perissodactyla,Equidae,Equus,31.0,384000.0,3.75205479452055,1.11232876712329,,,
Equus hemionus,Kulan,Perissodactyla,Equidae,Equus,31.6,230000.0,3.21095890410959,0.928767123287671,,,
Equus kiang,Kiang,Perissodactyla,Equidae,Equus,30.1,275000.0,,0.819178082191781,,,
Equus quagga,Quagga,Perissodactyla,Equidae,Equus,38.0,280000.0,2.46575342465753,1.0,,,
Equus zebra,Mountain zebra,Perissodactyla,Equidae,Equus,33.2,296000.0,3.13424657534247,0.991780821917808,,,
Ceratotherium simum simum,White rhinoceros,Perissodactyla,Rhinocerotidae,Ceratotherium,45.0,2175000.0,4.5013698630137,1.41095890410959,,,
Dicerorhinus sumatrensis,Sumatran rhinoceros,Perissodactyla,Rhinocerotidae,Dicerorhinus,32.8,1260000.0,7.5013698630137,0.646575342465753,,,
Diceros bicornis,Black rhinoceros,Perissodactyla,Rhinocerotidae,Diceros,49.0,1100000.0,5.58904109589041,1.2986301369863,,,312.15
Rhinoceros sondaicus,Javan rhinoceros,Perissodactyla,Rhinocerotidae,Rhinoceros,40.0,1750000.0,3.5013698630137,1.37534246575342,,,
Rhinoceros unicornis,Indian rhinoceros,Perissodactyla,Rhinocerotidae,Rhinoceros,43.5,1602330.0,5.8013698630137,1.31232876712329,,,310.55
Acrocodia indica,Malayan tapir,Perissodactyla,Tapiridae,Acrocodia,36.5,250000.0,3.0,1.07397260273973,,,309.95
Tapirella bairdii,Baird's tapir,Perissodactyla,Tapiridae,Tapirella,29.6,300000.0,,1.0986301369863,,,
Tapirus pinchaque,Mountain tapir,Perissodactyla,Tapiridae,Tapirus,28.5,148950.0,3.05123287671233,1.09041095890411,,,
Tapirus terrestris,Brazilian tapir,Perissodactyla,Tapiridae,Tapirus,39.6,250000.0,3.0,1.09041095890411,,,309.65
Manis crassicaudata,Indian pangolin,Pholidota,Manidae,Manis,13.5,13014.7,2.06890410958904,0.183561643835616,6.923,15910.0,306.55
Manis pentadactyla,Chinese pangolin,Pholidota,Manidae,Manis,,2350.0,2.06890410958904,,3.727,3637.5,306.55
Bradypus torquatus,Maned three-toed sloth,Pilosa,Bradypodidae,Bradypus,12.0,3875.0,,0.410958904109589,,,
Bradypus tridactylus,Pale-throated three-toed sloth,Pilosa,Bradypodidae,Bradypus,,4250.0,3.74931506849315,0.386301369863014,,,
Cyclopes didactylus,Silky anteater,Pilosa,Cyclopedidae,Cyclopes,2.3,266.0,0.33,0.36986301369863,0.636,240.0,306.15
Choloepus didactylus,Southern two-toed sloth,Pilosa,Megalonychidae,Choloepus,36.8,6250.0,4.0041095890411,0.764383561643836,,,
Choloepus hoffmanni,Hoffmann's two-toed sloth,Pilosa,Megalonychidae,Choloepus,45.0,6250.0,2.5,0.958904109589041,3.891,4005.2,307.55
Myrmecophaga tridactyla,Giant anteater,Pilosa,Myrmecophagidae,Myrmecophaga,31.0,28500.0,3.24931506849315,0.504109589041096,14.543,30600.0,305.65
Tamandua mexicana,Northern tamandua,Pilosa,Myrmecophagidae,Tamandua,16.0,4500.0,1.000317808,0.446575342465753,5.124,3884.2,305.15
Tamandua tetradactyla,Southern tamandua,Pilosa,Myrmecophagidae,Tamandua,19.0,4500.0,1.0,0.438356164383562,5.015,3500.0,306.65
Aotus azarae,Azara's night monkey,Primates,Aotidae,Aotus,30.0,1230.0,,,,,
Aotus lemurinus,Lemurine night monkey,Primates,Aotidae,Aotus,33.8,874.0,2.06890410958904,0.36986301369863,,,
Aotus trivirgatus,Northern night monkey,Primates,Aotidae,Aotus,30.1,800.0,2.12465753424658,0.389041095890411,2.499,914.5,311.15
Aotus vociferans,Noisy night monkey,Primates,Aotidae,Aotus,22.1,873.0,,,,,
Alouatta caraya,Black howler monkey,Primates,Atelidae,Alouatta,32.4,5462.5,2.86986301369863,0.512328767123288,,,
Alouatta guariba,Brown howler monkey,Primates,Atelidae,Alouatta,,5540.0,,,,,
Alouatta palliata,Mantled howler monkey,Primates,Atelidae,Alouatta,24.0,7000.0,3.25068493150685,0.50958904109589,11.464,4670.0,309.15
Alouatta pigra,Mexican black howler monkey,Primates,Atelidae,Alouatta,20.0,7000.0,,0.512328767123288,,,
Alouatta sara,Bolivian red howler monkey,Primates,Atelidae,Alouatta,,6611.0,,,,,
Alouatta seniculus,Red howler monkey,Primates,Atelidae,Alouatta,25.0,6543.2,4.04109589041096,0.520547945205479,,,
Ateles belzebuth,White-bellied spider monkey,Primates,Atelidae,Ateles,37.0,7535.0,4.5027397260274,0.504109589041096,,,
Ateles chamek,Chamek spider monkey,Primates,Atelidae,Ateles,42.8,6000.0,,,,,
Ateles fusciceps,Brown-headed spider monkey,Primates,Atelidae,Ateles,46.0,7000.0,4.57671232876712,0.621917808219178,,,
Ateles geoffroyi,Central American spider monkey,Primates,Atelidae,Ateles,47.1,7267.5,5.0013698630137,0.635616438356164,,,
Ateles marginatus,White-whiskered spider monkey,Primates,Atelidae,Ateles,44.0,6000.0,,,,,
Ateles paniscus,Black spider monkey,Primates,Atelidae,Ateles,46.0,7887.5,3.83013698630137,0.627397260273973,,,
Brachyteles arachnoides,Woolly spider monkey or muriqui,Primates,Atelidae,Brachyteles,40.0,11170.0,7.5013698630137,0.635616438356164,,,
Lagothrix lagothricha,Humboldt's woolly monkey,Primates,Atelidae,Lagothrix,32.0,7650.0,5.58219178082192,0.610958904109589,,,
Callimico goeldii,Goeldi's monkey,Primates,Callitrichidae,Callimico,22.2,555.0,1.04109589041096,0.419178082191781,,,309.15
Callithrix geoffroyi,Geoffroy's marmoset,Primates,Callitrichidae,Callithrix,19.0,342.0,1.37500136986301,0.406986301369863,,,
Callithrix jacchus,White-tufted-ear marmoset,Primates,Callitrichidae,Callithrix,22.8,255.2,1.17671232876712,0.394520547945205,0.848,190.0,309.15
Callithrix kuhlii,Weid's black-tufted-ear marmoset,Primates,Callitrichidae,Callithrix,20.0,342.0,,,,,
Callithrix penicillata,Black-pencilled marmoset,Primates,Callitrichidae,Callithrix,15.4,307.0,,,,,
Cebuella pygmaea,Pygmy marmoset,Primates,Callitrichidae,Cebuella,18.6,124.0,1.81095890410959,0.342465753424658,0.599,110.7,308.35
Leontocebus fuscicollis,Saddlebacked tamarin,Primates,Callitrichidae,Leontocebus,24.9,456.5,1.74794520547945,0.402739726027397,,,
Leontocebus nigricollis,Black-mantled tamarin,Primates,Callitrichidae,Leontocebus,20.2,519.2,2.32876712328767,0.383561643835616,,,
Leontopithecus chrysomelas,Golden-headed lion tamarin,Primates,Callitrichidae,Leontopithecus,21.3,535.0,,,,,
Leontopithecus chrysopygus,Golden-rumped lion tamarin,Primates,Callitrichidae,Leontopithecus,17.9,570.0,,,,,
Leontopithecus rosalia,Golden lion tamarin,Primates,Callitrichidae,Leontopithecus,31.6,654.5,1.74931506849315,0.350684931506849,,,
Mico argentatus,Silvery marmoset,Primates,Callitrichidae,Mico,16.5,343.2,0.873972602739726,0.394520547945205,,,
Mico humeralifer,Tassel-eared marmoset,Primates,Callitrichidae,Mico,15.0,355.8,0.873972602739726,0.394520547945205,,,
Saguinus bicolor,Brazilian bare-faced tamarin,Primates,Callitrichidae,Saguinus,19.0,495.8,,0.438356164383562,,,
Saguinus geoffroyi,Geoffroy's tamarin,Primates,Callitrichidae,Saguinus,20.5,499.3,1.5013698630137,0.389041095890411,1.305,225.0,
Saguinus imperator,Emperor tamarin,Primates,Callitrichidae,Saguinus,23.7,518.5,1.74794520547945,0.397260273972603,,,
Saguinus labiatus,Red-chested mustached tamarin,Primates,Callitrichidae,Saguinus,20.5,501.3,,0.402739726027397,,,
Saguinus leucopus,Silvery-brown bare-face tamarin,Primates,Callitrichidae,Saguinus,15.2,490.0,,0.389041095890411,,,
Saguinus midas,Midas tamarin,Primates,Callitrichidae,Saguinus,21.0,553.8,1.66575342465753,0.347945205479452,,,
Saguinus mystax,Black-chested mustached tamarin,Primates,Callitrichidae,Saguinus,20.0,543.5,1.40547945205479,0.397260273972603,,,
Saguinus oedipus,Cotton-top tamarin,Primates,Callitrichidae,Saguinus,26.2,445.5,1.5041095890411,0.487671232876712,,,
Cebus albifrons,White-fronted capuchin,Primates,Cebidae,Cebus,40.4,2467.5,3.58904109589041,0.432876712328767,,,
Cebus capucinus,White-faced capuchin,Primates,Cebidae,Cebus,54.0,2655.0,6.06301369863014,0.443835616438356,,,
Cebus olivaceus,Weeping capuchin,Primates,Cebidae,Cebus,47.0,2552.5,6.0,0.443835616438356,,,
Saimiri boliviensis,Bolivian squirrel monkey,Primates,Cebidae,Saimiri,30.3,615.0,,0.432876712328767,,,
Saimiri oerstedii,Central American squirrel monkey,Primates,Cebidae,Saimiri,,788.5,,0.441095890410959,,,
Saimiri sciureus,South American squirrel monkey,Primates,Cebidae,Saimiri,30.2,925.0,3.87534246575342,0.441095890410959,4.429,836.7,311.15
Sapajus apella,Brown capuchin,Primates,Cebidae,Sapajus,46.0,2642.5,4.66575342465753,0.432876712328767,,,
Allenopithecus nigroviridis,Allen's swamp monkey,Primates,Cercopithecidae,Allenopithecus,27.0,4702.5,,,,,
Allochrocebus lhoesti,L'hoest's monkey,Primates,Cercopithecidae,Allochrocebus,24.1,4700.0,,,,,
Allochrocebus preussi,Preuss's monkey,Primates,Cercopithecidae,Allochrocebus,26.0,5250.0,,,,,
Allochrocebus solatus,Sun-tailed monkey,Primates,Cercopithecidae,Allochrocebus,,5405.0,4.75068493150685,,,,
Cercocebus agilis,Agile mangabey,Primates,Cercopithecidae,Cercocebus,31.0,8000.0,,,,,
Cercocebus galeritus,Tana River mangabey,Primates,Cercopithecidae,Cercocebus,21.0,9467.5,6.21095890410959,0.479452054794521,,,
Cercocebus torquatus,Red-capped mangabey,Primates,Cercopithecidae,Cercocebus,46.0,9492.5,2.66575342465753,0.457534246575342,,,
Cercopithecus ascanius,Black-cheeked white-nosed monkey,Primates,Cercopithecidae,Cercopithecus,31.2,3705.0,4.4986301369863,0.402739726027397,,,
Cercopithecus campbelli,Campbell's monkey,Primates,Cercopithecidae,Cercopithecus,30.0,3600.0,3.0,0.493150684931507,,,
Cercopithecus cephus,Moustached monkey,Primates,Cercopithecidae,Cercopithecus,36.0,3585.0,4.0,0.471232876712329,,,
Cercopithecus diana,Diana monkey,Primates,Cercopithecidae,Cercopithecus,35.1,4550.0,5.37534246575343,,,,
Cercopithecus erythrogaster,Red-bellied monkey,Primates,Cercopithecidae,Cercopithecus,24.0,3250.0,,,,,
Cercopithecus hamlyni,Owl-faced monkey,Primates,Cercopithecidae,Cercopithecus,28.6,4425.0,,,,,
Cercopithecus mitis,Blue monkey,Primates,Cercopithecidae,Cercopithecus,37.8,9000.0,4.58356164383562,0.361643835616438,19.276,8648.7,310.65
Cercopithecus mona,Mona monkey,Primates,Cercopithecidae,Cercopithecus,30.0,4500.0,,,,,
Cercopithecus neglectus,De Brazza's monkey,Primates,Cercopithecidae,Cercopithecus,30.8,5945.0,5.70684931506849,0.484931506849315,,,
Cercopithecus nictitans,White-nosed guenon,Primates,Cercopithecidae,Cercopithecus,31.0,5465.0,4.0,0.471232876712329,,,
Cercopithecus petaurista,Lesser white-nosed monkey,Primates,Cercopithecidae,Cercopithecus,29.0,3650.0,,,,,
Cercopithecus pogonias,Crowned guenon,Primates,Cercopithecidae,Cercopithecus,27.0,3580.0,4.0,0.452054794520548,,,
Cercopithecus wolfi,Wolf's monkey,Primates,Cercopithecidae,Cercopithecus,24.0,3390.0,,,,,
Chlorocebus aethiops sabaeus,Vervet,Primates,Cercopithecidae,Chlorocebus,30.8,5620.0,3.91643835616438,0.443835616438356,,,309.95
Colobus angolensis,Angolan colobus,Primates,Cercopithecidae,Colobus,35.3,8625.0,,,,,
Colobus guereza,Guereza,Primates,Cercopithecidae,Colobus,35.0,9950.0,5.0041095890411,0.479452054794521,17.037,10623.6,310.15
Colobus polykomos,King colobus,Primates,Cercopithecidae,Colobus,33.9,9525.0,3.24931506849315,0.506849315068493,,,
Erythrocebus patas,Patas monkey,Primates,Cercopithecidae,Erythrocebus,28.3,7750.0,3.22739726027397,0.457534246575342,5.958,3000.0,312.45
Lophocebus albigena,Gray-cheeked mangabey,Primates,Cercopithecidae,Lophocebus,36.0,9317.5,4.0,0.495890410958904,,,
Macaca arctoides,Stump-tailed macaque,Primates,Cercopithecidae,Macaca,29.2,9275.0,4.5,0.484931506849315,,,
Macaca assamensis,Assam macaque,Primates,Cercopithecidae,Macaca,31.4,9100.0,,,,,
Macaca fascicularis,Long-tailed macaque,Primates,Cercopithecidae,Macaca,39.0,6362.5,3.81095890410959,0.452054794520548,,,310.75
Macaca fuscata,Japanese macaque,Primates,Cercopithecidae,Macaca,38.5,8882.5,3.90684931506849,0.476712328767123,,,
Macaca maura,Moor macaque,Primates,Cercopithecidae,Macaca,33.0,5575.0,5.0,0.452054794520548,,,
Macaca mulatta,Rhesus monkey,Primates,Cercopithecidae,Macaca,42.0,8235.0,4.43561643835616,0.452054794520548,,,310.45
Macaca nemestrina,Pigtail macaque,Primates,Cercopithecidae,Macaca,37.6,7912.5,3.04109589041096,0.471232876712329,,,
Macaca nigra,Celebes crested macaque,Primates,Cercopithecidae,Macaca,34.0,7965.0,4.08219178082192,0.482191780821918,,,
Macaca ochreata,Booted macaque,Primates,Cercopithecidae,Macaca,29.0,3950.0,,,,,
Macaca radiata,Bonnet macaque,Primates,Cercopithecidae,Macaca,30.0,6755.0,4.23287671232877,0.441095890410959,,,
Macaca silenus,Liontail macaque,Primates,Cercopithecidae,Macaca,40.0,7875.0,5.3972602739726,0.482191780821918,,,
Macaca sinica,Toque macaque,Primates,Cercopithecidae,Macaca,29.3,4370.0,4.0,0.416438356164384,,,
Macaca sylvanus,Barbary macaque,Primates,Cercopithecidae,Macaca,29.1,10875.0,4.66575342465753,0.449315068493151,,,
Macaca thibetana,Tibetan macaque,Primates,Cercopithecidae,Macaca,27.0,10300.0,,0.465753424657534,,,
Macaca tonkeana,Tonkean macaque,Primates,Cercopithecidae,Macaca,28.4,11950.0,,0.473972602739726,,,
Mandrillus leucophaeus,Drill,Primates,Cercopithecidae,Mandrillus,39.0,18250.0,3.4986301369863,0.49041095890411,,,
Mandrillus sphinx,Mandrill,Primates,Cercopithecidae,Mandrillus,40.0,23000.0,3.24931506849315,0.473972602739726,,,
Miopithecus talapoin,Talapoin,Primates,Cercopithecidae,Miopithecus,27.7,1384.5,4.66164383561644,0.463013698630137,,,
Nasalis larvatus,Proboscis monkey,Primates,Cercopithecidae,Nasalis,25.1,14617.5,4.0,0.454794520547945,,,
Papio hamadryas,Hamadryas baboon,Primates,Cercopithecidae,Papio,37.5,18000.0,4.48767123287671,0.468493150684932,21.095,12670.8,311.15
Presbytis comata,Grizzled leaf monkey,Primates,Cercopithecidae,Presbytis,,6695.0,,,,,
Presbytis melalophos,Mitred leaf monkey,Primates,Cercopithecidae,Presbytis,20.0,6540.0,,,,,
Presbytis thomasi,North Sumatran leaf monkey,Primates,Cercopithecidae,Presbytis,,6690.0,,,,,
Pygathrix nemaeus,Douc langur,Primates,Cercopithecidae,Pygathrix,26.0,9720.0,4.0,0.468493150684932,,,
Rhinopithecus bieti,Black snub-nosed monkey,Primates,Cercopithecidae,Rhinopithecus,,9960.0,2.06890410958904,0.465753424657534,,,
Rhinopithecus roxellana,Golden snub-nosed monkey,Primates,Cercopithecidae,Rhinopithecus,29.5,14750.0,,0.545205479452055,,,
Semnopithecus entellus,Hanuman langur,Primates,Cercopithecidae,Semnopithecus,29.0,13516.5,4.17534246575342,0.526027397260274,,,
Semnopithecus johnii,Hooded leaf monkey,Primates,Cercopithecidae,Semnopithecus,34.0,12000.0,,,,,
Semnopithecus vetulus,Purple-faced leaf monkey,Primates,Cercopithecidae,Semnopithecus,26.1,7081.8,3.5013698630137,0.578082191780822,,,
Theropithecus gelada,Gelada baboon,Primates,Cercopithecidae,Theropithecus,36.0,16200.0,4.90547945205479,0.46027397260274,,,
Trachypithecus auratus,Javan langur,Primates,Cercopithecidae,Trachypithecus,31.1,9720.0,,,,,
Trachypithecus cristatus,Silvered leaf monkey,Primates,Cercopithecidae,Trachypithecus,28.3,6185.0,4.0027397260274,,,,
Trachypithecus francoisi,Fran?ois's leaf monkey,Primates,Cercopithecidae,Trachypithecus,26.3,7325.0,4.0,0.541665753424658,,,
Trachypithecus geei,Golden leaf monkey,Primates,Cercopithecidae,Trachypithecus,,8100.0,,,,,
Trachypithecus obscurus,Dusky leaf monkey,Primates,Cercopithecidae,Trachypithecus,33.9,7080.0,4.0027397260274,0.397260273972603,,,
Trachypithecus phayrei,Phayre's leaf monkey,Primates,Cercopithecidae,Trachypithecus,28.3,8400.0,,0.457534246575342,,,
Trachypithecus pileatus,Capped leaf monkey,Primates,Cercopithecidae,Trachypithecus,25.2,11450.0,,,,,
Cheirogaleus major,Greater dwarf lemur,Primates,Cheirogaleidae,Cheirogaleus,13.4,395.0,1.0,0.178082191780822,,,
Cheirogaleus medius,Fat-tailed dwarf lemur,Primates,Cheirogaleidae,Cheirogaleus,30.0,380.0,1.0,0.167123287671233,1.088,300.0,311.15
Microcebus murinus,Gray mouse lemur,Primates,Cheirogaleidae,Microcebus,18.2,64.8,0.665753424657534,0.167123287671233,,,
Microcebus rufus,Brown mouse lemur,Primates,Cheirogaleidae,Microcebus,12.0,55.5,,0.167123287671233,,,
Mirza zaza,Giant mouse lemur,Primates,Cheirogaleidae,Mirza,20.0,302.0,1.1,0.245205479452055,,,
Phaner furcifer,Fork-marked lemur,Primates,Cheirogaleidae,Phaner,25.0,400.0,,0.476712328767123,,,
Daubentonia madagascariensis,Aye-aye,Primates,Daubentoniidae,Daubentonia,37.0,2277.5,4.25,0.452054794520548,,,
Euoticus elegantulus,Western needle-clawed galago,Primates,Galagidae,Euoticus,15.0,315.0,,0.334246575342466,1.205,261.5,
Galago moholi,South African galago,Primates,Galagidae,Galago,16.6,169.2,0.70958904109589,0.33972602739726,0.285,170.0,
Galago senegalensis,Senegal galago,Primates,Galagidae,Galago,17.1,192.2,0.73972602739726,0.345205479452055,0.764,171.5,311.05
Galagoides demidoff,Demidoff's galago,Primates,Galagidae,Galagoides,13.4,60.0,0.720547945205479,0.304109589041096,0.372,62.4,
Otolemur crassicaudatus,Greater galago,Primates,Galagidae,Otolemur,22.7,1094.5,1.55342465753425,0.356164383561644,2.595,993.5,309.75
Otolemur garnettii,Small-eared galago,Primates,Galagidae,Otolemur,20.0,1300.0,1.64383561643836,0.361643835616438,3.927,1314.0,309.15
Paragalago zanzibaricus,Zanzibar galago,Primates,Galagidae,Paragalago,,146.8,0.863013698630137,0.328767123287671,,,
Sciurocheirus alleni,Allen's squirrel galago,Primates,Galagidae,Sciurocheirus,,273.0,0.708219178082192,0.364383561643836,,,
Gorilla gorilla,Gorilla,Primates,Hominidae,Gorilla,60.1,139842.0,9.37534246575343,0.701369863013699,,,308.65
Homo sapiens,Human,Primates,Hominidae,Homo,122.5,62035.0,13.5,0.767123287671233,82.78,70000.0,310.15
Pan paniscus,Pygmy chimpanzee or bonobo,Primates,Hominidae,Pan,55.0,39925.0,8.75068493150685,0.635616438356164,,,
Pan troglodytes,Chimpanzee,Primates,Hominidae,Pan,59.4,44983.5,8.62465753424657,0.627397260273973,,,308.85
Pongo pygmaeus,Orangutan,Primates,Hominidae,Pongo,59.0,64475.0,7.0,0.682191780821918,,,
Hoolock hoolock,Hoolock gibbon,Primates,Hylobatidae,Hoolock,41.0,6875.0,7.0027397260274,,,,
Hylobates agilis,Agile gibbon,Primates,Hylobatidae,Hylobates,49.0,5925.0,,,,,
Hylobates klossii,Kloss's gibbon,Primates,Hylobatidae,Hylobates,37.0,5900.0,,0.583561643835616,,,
Hylobates lar,White-handed gibbon,Primates,Hylobatidae,Hylobates,56.0,6810.0,6.0,0.594520547945205,,,
Hylobates moloch,Silvery gibbon,Primates,Hylobatidae,Hylobates,45.0,6207.5,,0.665753424657534,,,
Hylobates muelleri,Borneo gibbon,Primates,Hylobatidae,Hylobates,60.0,5765.0,,0.567123287671233,,,
Hylobates pileatus,Pileated gibbon,Primates,Hylobatidae,Hylobates,38.0,5735.0,6.72394520547945,0.624657534246575,,,
Nomascus concolor,Crested gibbon,Primates,Hylobatidae,Nomascus,46.1,6852.5,8.43835616438356,0.567123287671233,,,
Nomascus leucogenys,White-cheeked gibbon,Primates,Hylobatidae,Nomascus,44.1,6000.0,,,,,
Symphalangus syndactylus,Siamang,Primates,Hylobatidae,Symphalangus,43.0,10900.0,6.0,0.632876712328767,,,
Propithecus diadema,Diademed sifaka,Primates,Indriidae,Propithecus,21.0,5550.0,2.87534246575342,0.43013698630137,,,
Propithecus tattersalli,Golden-crowned sifaka,Primates,Indriidae,Propithecus,26.0,3545.0,4.4986301369863,0.404109589041096,,,
Propithecus verreauxi,Verreaux's sifaka,Primates,Indriidae,Propithecus,31.0,5000.0,2.4986301369863,0.405479452054795,3.738,3350.0,309.15
Eulemur coronatus,Crowned lemur,Primates,Lemuridae,Eulemur,30.0,1645.0,1.66575342465753,0.345205479452055,,,
Eulemur fulvus,Brown lemur,Primates,Lemuridae,Eulemur,35.5,2485.0,1.56438356164384,0.323287671232877,4.239,2374.1,309.65
Eulemur macaco,Black lemur,Primates,Lemuridae,Eulemur,37.5,2467.0,1.1041095890411,0.328767123287671,,,
Eulemur mongoz,Mongoose lemur,Primates,Lemuridae,Eulemur,36.2,1555.0,2.34931506849315,0.328767123287671,,,
Eulemur rubriventer,Red-bellied lemur,Primates,Lemuridae,Eulemur,34.0,2191.5,2.73424657534247,0.328767123287671,,,
Hapalemur aureus,Golden bamboo lemur,Primates,Lemuridae,Hapalemur,,1455.0,,0.389041095890411,,,
Hapalemur griseus,Bamboo lemur,Primates,Lemuridae,Hapalemur,27.0,1012.5,3.04931506849315,0.397260273972603,,,
Lemur catta,Ring-tailed lemur,Primates,Lemuridae,Lemur,37.3,2555.0,2.06438356164384,0.36986301369863,,,
Prolemur simus,Greater bamboo lemur,Primates,Lemuridae,Prolemur,17.6,1737.5,,0.389041095890411,,,
Varecia rubra,Red ruffed lemur,Primates,Lemuridae,Varecia,37.5,3601.3,1.72465753424658,0.268493150684932,,,
Varecia variegata,Ruffed lemur,Primates,Lemuridae,Varecia,39.4,3482.3,1.71780821917808,0.268493150684932,,,
Lepilemur mustelinus,Weasel sportive lemur,Primates,Lepilemuridae,Lepilemur,12.0,700.0,1.55890410958904,0.36986301369863,,,
Lepilemur ruficaudatus,Red-tailed sportive lemur,Primates,Lepilemuridae,Lepilemur,,779.0,1.63013698630137,0.372602739726027,,,
Arctocebus calabarensis,Calabar angwantibo,Primates,Lorisidae,Arctocebus,13.0,257.5,0.752054794520548,0.364383561643836,0.731,206.0,309.15
Loris tardigradus,Slender loris,Primates,Lorisidae,Loris,21.6,238.2,1.02054794520548,0.454794520547945,0.714,284.0,308.65
Nycticebus coucang,Slow loris,Primates,Lorisidae,Nycticebus,25.8,890.5,1.58356164383562,0.515068493150685,1.504,1128.6,308.55
Nycticebus pygmaeus,Pygmy slow loris,Primates,Lorisidae,Nycticebus,20.0,419.0,0.747945205479452,0.515068493150685,,,
Perodicticus potto,Potto,Primates,Lorisidae,Perodicticus,32.4,919.9,1.4986301369863,0.465753424657534,1.942,968.6,309.25
Cacajao calvus,Red uakari,Primates,Pitheciidae,Cacajao,35.8,3165.0,3.2986301369863,0.498630136986301,,,
Cacajao melanocephalus,Black uakari,Primates,Pitheciidae,Cacajao,18.0,2935.0,,,,,
Chiropotes albinasus,White-nosed bearded saki,Primates,Pitheciidae,Chiropotes,20.0,2910.0,4.0,0.438356164383562,,,
Chiropotes satanas,Brown-bearded saki,Primates,Pitheciidae,Chiropotes,19.6,2942.5,4.0,0.438356164383562,,,
Pithecia aequatorialis,Equatorial saki,Primates,Pitheciidae,Pithecia,14.9,1200.0,,,,,
Pithecia irrorata,Gray monk saki,Primates,Pitheciidae,Pithecia,,1200.0,,,,,
Pithecia monachus,Monk saki,Primates,Pitheciidae,Pithecia,25.0,1780.0,,,,,
Pithecia pithecia,Guianan saki,Primates,Pitheciidae,Pithecia,36.0,1480.0,3.06164383561644,0.432876712328767,,,
Plecturocebus cupreus,Coppery titi,Primates,Pitheciidae,Plecturocebus,26.4,1120.0,,0.361643835616438,,,
Plecturocebus donacophilus,Bolivian titi,Primates,Pitheciidae,Plecturocebus,25.0,795.0,,,,,
Plecturocebus moloch,Dusky titi,Primates,Pitheciidae,Plecturocebus,26.2,804.0,2.4986301369863,0.446575342465753,,,
Carlito syrichta,Philippine tarsier,Primates,Tarsiidae,Carlito,16.0,119.2,,0.49041095890411,0.43,113.0,306.95
Cephalopachus bancanus,Western tarsier,Primates,Tarsiidae,Cephalopachus,16.3,122.5,2.52054794520548,0.487671232876712,,,
Tarsius tarsier,Spectral tarsier,Primates,Tarsiidae,Tarsius,12.0,144.8,1.16438356164384,0.43013698630137,0.831,173.0,309.15
Elephas maximus,Asiatic elephant,Proboscidea,Elephantidae,Elephas,88.0,3178000.0,9.00547945205479,1.76438356164384,2336.5,3672000.0,308.95
Loxodonta africana,African bush elephant,Proboscidea,Elephantidae,Loxodonta,65.0,4800000.0,10.5041095890411,1.83561643835616,,,309.35
Abrocoma bennettii,Bennett's chinchilla rat,Rodentia,Abrocomidae,Abrocoma,2.3,265.5,,,,,
Aplodontia rufa,Mountain beaver,Rodentia,Aplodontiidae,Aplodontia,10.0,1125.0,2.0,0.0794520547945206,1.892,706.8,311.15
Cryptomys anselli,Ansell's mole-rat,Rodentia,Bathyergidae,Cryptomys,20.6,90.0,1.0,,,,
Cryptomys damarensis,Damaraland mole-rat,Rodentia,Bathyergidae,Cryptomys,16.0,112.2,1.4,0.254794520547945,0.418,131.3,308.35
Cryptomys hottentotus,African mole rat,Rodentia,Bathyergidae,Cryptomys,11.0,132.5,1.23287671232877,0.221917808219178,0.35,78.9,307.55
Cryptomys mechowi,Giant mole-rat,Rodentia,Bathyergidae,Cryptomys,16.0,250.0,,0.306849315068493,,,307.15
Georychus capensis,Cape mole-rat,Rodentia,Bathyergidae,Georychus,11.2,181.0,0.832876712328767,0.120547945205479,0.637,193.0,309.55
Heliophobius argenteocinereus,Silvery mole-rat,Rodentia,Bathyergidae,Heliophobius,3.1,160.0,,0.241095890410959,0.43,88.5,308.25
Heterocephalus glaber,Naked mole-rat,Rodentia,Bathyergidae,Heterocephalus,37.0,35.0,5.0,0.191780821917808,0.128,35.3,305.25
Calomyscus bailwardi,Mouse-like hamster,Rodentia,Calomyscidae,Calomyscus,9.4,20.4,,,,,
Calomyscus mystax,Afghan mouse-like hamster,Rodentia,Calomyscidae,Calomyscus,,20.4,,,,,
Capromys pilorides,Desmarest's hutia,Rodentia,Capromyidae,Capromys,13.8,4683.3,0.832876712328767,0.342465753424658,3.375,2630.0,308.85
Geocapromys brownii,Brown's hutia,Rodentia,Capromyidae,Geocapromys,13.5,1500.0,1.0,0.336986301369863,4.11,2456.0,309.15
Geocapromys ingrahami,Bahamian hutia,Rodentia,Capromyidae,Geocapromys,6.0,660.0,2.0,0.320547945205479,1.483,775.0,309.15
Plagiodontia aedium,Hispaniolan hutia,Rodentia,Capromyidae,Plagiodontia,15.9,1267.0,,0.326027397260274,,,
Castor canadensis,American beaver,Rodentia,Castoridae,Castor,23.4,20250.0,1.75068493150685,0.350684931506849,,,
Castor fiber,Eurasian beaver,Rodentia,Castoridae,Castor,25.0,25000.0,1.75068493150685,0.287671232876712,,,
Cavia aperea,Brazilian guinea pig,Rodentia,Caviidae,Cavia,6.0,341.0,0.206849315068493,0.172602739726027,,,
Cavia porcellus,Guinea pig,Rodentia,Caviidae,Cavia,12.0,728.0,0.194520547945205,0.186301369863014,2.13,639.1,312.15
Cavia tschudii,Montane guinea pig,Rodentia,Caviidae,Cavia,6.3,637.5,0.16986301369863,0.175342465753425,,,
Dolichotis patagonum,Patagonian mara,Rodentia,Caviidae,Dolichotis,14.4,12500.0,0.467123287671233,0.232876712328767,,,
Galea musteloides,Common yellow-toothed cavy,Rodentia,Caviidae,Galea,3.5,337.9,0.172602739726027,0.147945205479452,1.473,322.0,310.45
Galea spixii,Spix's yellow-toothed cavy,Rodentia,Caviidae,Galea,4.6,450.0,0.249315068493151,0.145205479452055,,,
Hydrochoerus hydrochaeris,Capybara,Rodentia,Caviidae,Hydrochoerus,15.1,55000.0,1.24931506849315,0.410958904109589,36.754,26385.0,310.25
Kerodon rupestris,Rock cavy,Rodentia,Caviidae,Kerodon,12.9,950.0,0.413698630136986,0.205479452054795,2.011,801.0,311.35
Chinchilla lanigera,Long-tailed chinchilla,Rodentia,Chinchillidae,Chinchilla,17.2,642.5,0.657534246575342,0.304109589041096,1.31,436.7,307.85
Lagidium peruanum,Peruvian mountain viscacha,Rodentia,Chinchillidae,Lagidium,19.5,1250.0,1.0,0.383561643835616,,,
Lagidium viscacia,Mountain viscacha,Rodentia,Chinchillidae,Lagidium,19.5,1540.0,,0.367123287671233,,,
Lagostomus maximus,Plains viscacha,Rodentia,Chinchillidae,Lagostomus,10.8,6000.0,0.978082191780822,0.421917808219178,10.623,6794.0,309.95
Alticola argentatus,Silver mountain vole,Rodentia,Cricetidae,Alticola,,37.7,,,0.675,37.7,
Alticola semicanus,Mongolian silver vole,Rodentia,Cricetidae,Alticola,3.8,43.85,0.203431718247844,0.0547945205479452,,,
Alticola strelzowi,Flat-headed vole,Rodentia,Cricetidae,Alticola,,50.0,,0.0547945205479452,,,
Arvicola amphibius,European water vole,Rodentia,Cricetidae,Arvicola,2.5,120.0,0.131506849315068,0.0575342465753425,0.613,94.7,310.65
Baiomys taylori,Northern pygmy mouse,Rodentia,Cricetidae,Baiomys,3.3,8.0,0.163013698630137,0.0547945205479452,0.095,7.2,309.15
Cricetulus barabensis,Striped dwarf hamster,Rodentia,Cricetidae,Cricetulus,5.3,27.5,0.25,0.0534246575342466,,,310.05
Cricetus cricetus,Black-bellied hamster,Rodentia,Cricetidae,Cricetus,3.6,506.7,0.135616438356164,0.0547945205479452,1.251,365.3,312.65
Dicrostonyx groenlandicus,Collared lemming,Rodentia,Cricetidae,Dicrostonyx,3.3,66.0,0.171232876712329,0.0547945205479452,0.459,56.8,311.55
Dicrostonyx richardsoni,Richardson's collared lemming,Rodentia,Cricetidae,Dicrostonyx,,55.0,0.249315068493151,0.0575342465753425,,,
Dicrostonyx torquatus,Arctic lemming,Rodentia,Cricetidae,Dicrostonyx,3.8,85.0,0.249315068493151,0.0493150684931507,,,
Eligmodontia typus,Highland gerbil mouse,Rodentia,Cricetidae,Eligmodontia,0.8,21.4,0.134246575342466,0.0493150684931507,0.167,17.5,309.55
Ellobius talpinus,Northern mole vole,Rodentia,Cricetidae,Ellobius,5.0,40.0,0.251,0.0712328767123288,,,
Lagurus lagurus,Steppe lemming,Rodentia,Cricetidae,Lagurus,3.8,20.3,0.112328767123288,0.0547945205479452,,,
Lasiopodomys brandtii,Brandt's vole,Rodentia,Cricetidae,Lasiopodomys,4.1,40.0,0.167123288,0.0575342465753425,0.428,40.2,
Lemmus lemmus,Norway lemming,Rodentia,Cricetidae,Lemmus,3.3,70.0,0.0931506849315069,0.0520547945205479,1.071,80.0,310.95
Lophiomys imhausi,Crested rat,Rodentia,Cricetidae,Lophiomys,7.5,755.0,,,,,
Mesocricetus auratus,Golden hamster,Rodentia,Cricetidae,Mesocricetus,3.9,105.0,0.131506849315068,0.0438356164383562,0.69,108.2,311.25
Mesocricetus brandti,Brandt's hamster,Rodentia,Cricetidae,Mesocricetus,4.4,174.0,0.112328767123288,0.0410958904109589,,,
Microtus agrestis,Field vole,Rodentia,Cricetidae,Microtus,4.8,46.0,0.106849315068493,0.0575342465753425,0.367,25.0,310.75
Microtus arvalis,Common vole,Rodentia,Cricetidae,Microtus,4.8,27.5,0.128767123287671,0.0575342465753425,0.343,21.9,310.15
Microtus duodecimcostatus,Mediterranean pine vole,Rodentia,Cricetidae,Microtus,,23.0,,,,,
Microtus guentheri,Vole,Rodentia,Cricetidae,Microtus,3.9,51.6,0.212328767123288,0.0575342465753425,0.447,43.8,311.45
Microtus longicaudus,Long-tailed vole,Rodentia,Cricetidae,Microtus,,36.7,,,0.383,32.5,311.15
Microtus ochrogaster,Prairie vole,Rodentia,Cricetidae,Microtus,5.3,40.0,0.128767123287671,0.063013698630137,0.41,48.2,311.05
Microtus oeconomus,Tundra vole,Rodentia,Cricetidae,Microtus,1.8,58.0,0.106849315068493,0.0602739726027397,0.566,32.8,311.55
Microtus pennsylvanicus,Meadow vole,Rodentia,Cricetidae,Microtus,3.9,49.0,0.0904109589041096,0.0575342465753425,0.428,38.2,311.65
Microtus pinetorum,Woodland vole,Rodentia,Cricetidae,Microtus,3.8,25.5,0.268493150684932,0.0575342465753425,0.305,24.8,311.45
Microtus richardsoni,Water vole,Rodentia,Cricetidae,Microtus,1.5,51.0,0.166666667,0.0602739726027397,0.701,64.5,311.85
Microtus subterraneus,European pine vole,Rodentia,Cricetidae,Microtus,,20.0,0.263013698630137,0.0602739726027397,0.276,17.8,310.95
Myodes glareolus,Bank vole,Rodentia,Cricetidae,Myodes,4.9,20.8,0.163013698630137,0.0547945205479452,0.312,21.5,
Myodes rufocanus,Gray red-backed vole,Rodentia,Cricetidae,Myodes,3.3,29.5,0.169863014,0.0506849315068493,0.321,27.2,
Myopus schisticolor,Wood lemming,Rodentia,Cricetidae,Myopus,1.0,25.0,0.0904109589041096,0.0602739726027397,0.522,26.4,312.15
Neotoma albigula,White-throated woodrat,Rodentia,Cricetidae,Neotoma,9.5,209.0,0.253424657534247,0.0794520547945206,0.735,177.6,309.15
Neotoma cinerea,Bushy-tailed woodrat,Rodentia,Cricetidae,Neotoma,5.8,335.5,0.967123287671233,0.0821917808219178,1.152,256.5,
Neotoma floridana,Eastern woodrat,Rodentia,Cricetidae,Neotoma,8.6,291.0,0.26027397260274,0.0904109589041096,,,
Neotoma lepida,Desert woodrat,Rodentia,Cricetidae,Neotoma,10.5,236.0,0.208219178082192,0.0904109589041096,0.46,112.5,309.95
Neotoma micropus,Southern plains woodrat,Rodentia,Cricetidae,Neotoma,2.2,236.3,0.372602739726027,0.0958904109589041,,,
Nyctomys sumichrasti,Vesper rat,Rodentia,Cricetidae,Nyctomys,5.7,50.0,,0.0821917808219178,,,
Ochrotomys nuttalli,Golden mouse,Rodentia,Cricetidae,Ochrotomys,8.4,22.0,,0.0821917808219178,0.151,19.5,309.55
Ondatra zibethicus,Muskrat,Rodentia,Cricetidae,Ondatra,10.0,1362.0,0.780821917808219,0.0712328767123288,4.363,976.3,310.55
Onychomys leucogaster,Northern grasshopper mouse,Rodentia,Cricetidae,Onychomys,5.6,32.5,0.293150684931507,0.0849315068493151,,,
Onychomys torridus,Southern grasshopper mouse,Rodentia,Cricetidae,Onychomys,4.6,22.0,0.112328767123288,0.0821917808219178,0.165,19.1,309.15
Peromyscus californicus,California mouse,Rodentia,Cricetidae,Peromyscus,5.5,42.0,0.126027397260274,0.0821917808219178,0.267,47.0,309.55
Peromyscus crinitus,Canyon mouse,Rodentia,Cricetidae,Peromyscus,7.7,16.5,0.191780821917808,0.0657534246575342,0.162,20.5,308.85
Peromyscus eremicus,Cactus mouse,Rodentia,Cricetidae,Peromyscus,7.4,25.0,0.353424657534247,0.0712328767123288,0.173,21.0,309.75
Peromyscus guatemalensis,Guatemalan deer mouse,Rodentia,Cricetidae,Peromyscus,5.7,40.0,,,,,
Peromyscus leucopus,White-footed mouse,Rodentia,Cricetidae,Peromyscus,7.9,23.0,0.2,0.0712328767123288,0.213,22.3,309.85
Peromyscus maniculatus,Deer mouse,Rodentia,Cricetidae,Peromyscus,8.3,20.5,0.134246575342466,0.0657534246575342,0.219,20.5,309.75
Peromyscus polionotus,Oldfield mouse,Rodentia,Cricetidae,Peromyscus,5.5,14.0,0.0767123287671233,0.0657534246575342,0.12,12.0,
Peromyscus truei,Pinyon mouse,Rodentia,Cricetidae,Peromyscus,5.4,25.0,0.136986301369863,0.0712328767123288,0.307,33.1,309.85
Phenacomys intermedius,Western heather vole,Rodentia,Cricetidae,Phenacomys,,33.0,0.101369863013699,0.0602739726027397,0.375,21.5,311.05
Phenacomys ungava,Eastern heather vole,Rodentia,Cricetidae,Phenacomys,,27.0,0.104109589041096,0.063013698630137,,,
Phodopus roborovskii,Desert hamster,Rodentia,Cricetidae,Phodopus,4.8,22.35,0.665753425,0.0575342465753425,,,
Phodopus sungorus,Dzhungarian hamster,Rodentia,Cricetidae,Phodopus,3.9,23.4,0.328767123287671,0.0547945205479452,0.313,31.3,309.25
Phyllotis darwini,Darwin's leaf-eared mouse,Rodentia,Cricetidae,Phyllotis,,50.8,0.15558904109589,0.0931506849315069,0.333,47.0,309.35
Podomys floridanus,Florida mouse,Rodentia,Cricetidae,Podomys,7.4,32.0,0.110575342465753,0.063013698630137,0.288,30.8,
Reithrodon auritus,Bunny or coney rat,Rodentia,Cricetidae,Reithrodon,5.5,72.2,0.167123287671233,,0.428,78.7,
Reithrodontomys humulis,Eastern harvest mouse,Rodentia,Cricetidae,Reithrodontomys,2.2,10.3,0.287671232876712,0.063013698630137,,,
Reithrodontomys megalotis,Western harvest mouse,Rodentia,Cricetidae,Reithrodontomys,1.5,11.0,0.256164383561644,0.063013698630137,0.13,9.0,309.95
Rhipidomys nitela,Splendid climbing mouse,Rodentia,Cricetidae,Rhipidomys,,89.0,,,,,
Scotinomys teguina,Alston's brown mouse,Rodentia,Cricetidae,Scotinomys,,11.2,0.113698630136986,0.0849315068493151,0.174,12.0,310.75
Sigmodon hispidus,Hispid cotton rat,Rodentia,Cricetidae,Sigmodon,5.2,185.0,0.10958904109589,0.073972602739726,1.085,159.6,311.25
Synaptomys cooperi,Southern bog lemming,Rodentia,Cricetidae,Synaptomys,2.5,27.0,,0.063013698630137,,,
Tscherskia triton,Greater long-tailed hamster,Rodentia,Cricetidae,Tscherskia,,25.0,,,,,
Tylomys nudicaudus,Peters's climbing rat,Rodentia,Cricetidae,Tylomys,5.4,280.0,0.261643835616438,0.10958904109589,,,
Wiedomys pyrrhorhinos,Red-nosed mouse,Rodentia,Cricetidae,Wiedomys,,47.0,,,,,
Ctenodactylus gundi,Gundi,Rodentia,Ctenodactylidae,Ctenodactylus,5.8,288.8,0.873972602739726,0.202739726027397,,,
Pectinator spekei,Speke's pectinator,Rodentia,Ctenodactylidae,Pectinator,10.0,178.0,1.02509589041096,,,,
Ctenomys conoveri,Chaco tuco-tuco,Rodentia,Ctenomyidae,Ctenomys,,860.0,,,,,
Ctenomys talarum,Tuco-tuco,Rodentia,Ctenomyidae,Ctenomys,3.0,100.0,0.665753424657534,0.279452054794521,0.611,121.0,309.25
Cuniculus paca,Lowland paca,Rodentia,Cuniculidae,Cuniculus,16.3,9000.0,1.0,0.317808219178082,15.323,9156.0,310.35
Cuniculus taczanowskii,Mountain paca,Rodentia,Cuniculidae,Cuniculus,18.9,8999.9,,,,,
Dasyprocta azarae,Azara's agouti,Rodentia,Dasyproctidae,Dasyprocta,11.8,2650.0,,,10.521,3849.0,310.65
Dasyprocta cristata,Crested agouti,Rodentia,Dasyproctidae,Dasyprocta,14.0,2650.0,,,,,
Dasyprocta fuliginosa,Black agouti,Rodentia,Dasyproctidae,Dasyprocta,18.0,3500.0,,,,,
Dasyprocta leporina,Agouti,Rodentia,Dasyproctidae,Dasyprocta,17.8,3265.0,0.528767123287671,0.306849315068493,8.694,2687.0,311.45
Dasyprocta mexicana,Mexican agouti,Rodentia,Dasyproctidae,Dasyprocta,13.1,2700.0,,,,,
Dasyprocta prymnolopha,Black-rumped agouti,Rodentia,Dasyproctidae,Dasyprocta,16.3,2900.0,,,,,
Dasyprocta punctata,Central American agouti,Rodentia,Dasyproctidae,Dasyprocta,13.8,2150.0,1.33424657534247,0.306849315068493,,,
Dasyprocta ruatanica,Ruatan agouti,Rodentia,Dasyproctidae,Dasyprocta,13.7,,,,,,
Myoprocta acouchy,Red acouchi,Rodentia,Dasyproctidae,Myoprocta,14.8,775.0,0.832876712328767,0.271232876712329,2.804,914.0,308.55
Dinomys branickii,Pacarana,Rodentia,Dinomyidae,Dinomys,12.8,12250.0,,0.693150684931507,,,
Allactaga elater,Small five-toed jerboa,Rodentia,Dipodidae,Allactaga,5.2,58.7,0.389041095890411,,,,
Allactaga euphratica,Euphrates jerboa,Rodentia,Dipodidae,Allactaga,4.2,232.0,,,,,
Allactaga major,Great jerboa,Rodentia,Dipodidae,Allactaga,7.0,350.0,1.03443835616438,,,,
Allactaga sibirica,Mongolian five-toed jerboa,Rodentia,Dipodidae,Allactaga,4.5,117.5,0.711739726027395,0.0732520547945205,,,
Jaculus jaculus,Lesser Egyptian jerboa,Rodentia,Dipodidae,Jaculus,7.3,55.0,0.635616438356164,0.104109589041096,0.515,75.0,310.65
Jaculus orientalis,Greater Egyptian jerboa,Rodentia,Dipodidae,Jaculus,5.5,134.0,,0.0958904109589041,0.775,139.0,310.15
Napaeozapus insignis,Woodland jumping mouse,Rodentia,Dipodidae,Napaeozapus,4.0,25.0,0.701369863013699,0.0794520547945206,0.22,21.8,310.15
Sicista betulina,Northern birch mouse,Rodentia,Dipodidae,Sicista,4.0,8.0,1.0,0.0849315068493151,0.179,10.0,309.15
Zapus hudsonius,Meadow jumping mouse,Rodentia,Dipodidae,Zapus,5.6,18.0,0.167123287671233,0.0520547945205479,0.219,26.1,
Zapus princeps,Western jumping mouse,Rodentia,Dipodidae,Zapus,6.0,21.0,2.0,0.0520547945205479,,,
Hoplomys gymnurus,Armored rat,Rodentia,Echimyidae,Hoplomys,7.0,504.0,,0.164383561643836,,,
Makalata didelphoides,Red-nosed armored tree-rat,Rodentia,Echimyidae,Makalata,3.1,276.0,,,,,
Proechimys brevicauda,Andean spiny rat. Short-tailed spiny-rat,Rodentia,Echimyidae,Proechimys,6.8,285.0,,,,,
Proechimys guairae,Quaira spiny rat,Rodentia,Echimyidae,Proechimys,,400.0,0.23972602739726,0.175342465753425,,,
Proechimys guyannensis,Cayenne spiny rat,Rodentia,Echimyidae,Proechimys,4.8,356.5,0.402739726027397,0.175342465753425,,,
Proechimys semispinosus,Spiny rat,Rodentia,Echimyidae,Proechimys,5.8,500.0,0.4,0.175342465753425,1.75,498.0,311.05
Thrichomys apereoides,Brazilian spiny rat,Rodentia,Echimyidae,Thrichomys,7.0,373.5,0.487671232876712,0.257534246575342,1.153,323.0,310.75
Coendou prehensilis,Prehensile-tailed porcupine,Rodentia,Erethizontidae,Coendou,26.6,3900.0,1.58356164383562,0.556164383561644,5.123,3280.0,309.85
Erethizon dorsatus,North American porcupine,Rodentia,Erethizontidae,Erethizon,23.4,8600.0,2.25,0.576027397260274,13.675,6871.0,309.15
Sphiggurus mexicanus,Mexican hairy dwarf porcupine,Rodentia,Erethizontidae,Sphiggurus,16.7,2000.0,,,,,
Sphiggurus villosus,Orange-spined hairy dwarf porcupine,Rodentia,Erethizontidae,Sphiggurus,,1750.0,,,,,
Cratogeomys castanops,Yellow-faced pocket gopher,Rodentia,Geomyidae,Cratogeomys,4.7,270.0,0.849315068493151,,,,
Geomys bursarius,Plains pocket gopher,Rodentia,Geomyidae,Geomys,12.0,176.7,0.249315068493151,0.13972602739726,0.769,197.0,308.15
Geomys personatus,Texas pocket gopher,Rodentia,Geomyidae,Geomys,,397.0,,,,,
Thomomys bottae,Botta's pocket gopher,Rodentia,Geomyidae,Thomomys,6.1,115.5,0.873972602739726,0.0520547945205479,0.67,143.0,309.15
Thomomys mazama,Western pocket gopher,Rodentia,Geomyidae,Thomomys,,75.0,,0.0821917808219178,,,
Thomomys talpoides,Northern pocket gopher,Rodentia,Geomyidae,Thomomys,3.8,104.0,0.975342465753425,0.0767123287671233,0.679,97.6,309.35
Dryomys nitedula,Forest dormouse,Rodentia,Gliridae,Dryomys,4.1,26.0,,0.0767123287671233,,,
Eliomys melanurus,Asian garden dormouse,Rodentia,Gliridae,Eliomys,6.2,122.5,,0.0684931506849315,,,
Eliomys quercinus,Garden dormouse,Rodentia,Gliridae,Eliomys,5.5,82.5,1.0,0.063013698630137,,,
Glirulus japonicus,Japanese dormouse,Rodentia,Gliridae,Glirulus,7.0,27.0,0.397315068493151,0.0821917808219178,,,
Glis glis,Fat dormouse,Rodentia,Gliridae,Glis,8.7,125.0,0.9,0.0684931506849315,0.664,174.4,310.85
Graphiurus murinus,Woodland dormouse,Rodentia,Gliridae,Graphiurus,6.9,24.0,,0.0657534246575342,0.225,38.4,
Graphiurus platyops,Rock dormouse,Rodentia,Gliridae,Graphiurus,7.3,46.1,,,,,
Muscardinus avellanarius,Hazel dormouse,Rodentia,Gliridae,Muscardinus,5.3,27.3,0.917808219178082,0.063013698630137,0.351,23.5,
Chaetodipus fallax,San Diego pocket mouse,Rodentia,Heteromyidae,Chaetodipus,8.3,18.7,0.454794520547945,0.0684931506849315,0.15,19.6,305.75
Chaetodipus formosus,Long-tailed pocket mouse,Rodentia,Heteromyidae,Chaetodipus,7.1,19.0,1.0,0.0767123287671233,0.103,15.1,
Chaetodipus nelsoni,Nelson's pocket mouse,Rodentia,Heteromyidae,Chaetodipus,,14.4,,0.0821917808219178,,,
Dipodomys agilis,Agile kangaroo rat,Rodentia,Heteromyidae,Dipodomys,,61.0,0.575342465753425,,0.355,60.6,310.15
Dipodomys deserti,Desert kangaroo rat,Rodentia,Heteromyidae,Dipodomys,8.6,116.0,0.139397260273973,0.0821917808219178,0.517,105.8,309.95
Dipodomys heermanni,Heermann's kangaroo rat,Rodentia,Heteromyidae,Dipodomys,8.3,65.0,0.145561643835616,0.0849315068493151,0.408,63.3,
Dipodomys merriami,Merriam's kangaroo rat,Rodentia,Heteromyidae,Dipodomys,9.7,42.0,0.279452054794521,0.0767123287671233,0.246,37.6,310.15
Dipodomys nitratoides,Fresno kangaroo rat,Rodentia,Heteromyidae,Dipodomys,,35.5,0.241095890410959,0.0931506849315069,0.204,37.8,
Dipodomys ordii,Ord's kangaroo rat,Rodentia,Heteromyidae,Dipodomys,9.9,57.0,0.167123287671233,0.0794520547945206,0.339,47.8,307.75
Dipodomys spectabilis,Banner-tailed kangaroo rat,Rodentia,Heteromyidae,Dipodomys,12.7,145.0,0.850219178082192,0.063013698630137,,,
Liomys adspersus,Panamanian spiny pocket mouse,Rodentia,Heteromyidae,Liomys,1.8,42.0,0.764383561643836,,,,
Microdipodops megacephalus,Dark kangaroo mouse,Rodentia,Heteromyidae,Microdipodops,5.4,13.4,,,0.168,11.0,305.95
Perognathus amplus,Arizona pocket mouse,Rodentia,Heteromyidae,Perognathus,5.9,11.7,,,,,
Perognathus flavescens,Plains pocket mouse,Rodentia,Heteromyidae,Perognathus,,9.0,0.23013698630137,0.0712328767123288,,,
Perognathus flavus,Silky pocket mouse,Rodentia,Heteromyidae,Perognathus,5.0,8.0,,0.0712328767123288,0.097,8.3,307.75
Perognathus longimembris,Little pocket mouse,Rodentia,Heteromyidae,Perognathus,8.3,8.0,0.413698630136986,0.0602739726027397,0.061,8.5,307.85
Perognathus merriami,Merriam's pocket mouse,Rodentia,Heteromyidae,Perognathus,2.5,8.0,,,,,
Perognathus parvus,Great Basin pocket mouse,Rodentia,Heteromyidae,Perognathus,5.8,20.1,0.273972602739726,0.0657534246575342,0.16,19.2,
Atherurus africanus,African brush-tailed porcupine,Rodentia,Hystricidae,Atherurus,22.9,2750.0,,0.29041095890411,,,
Atherurus macrourus,Asiatic brush-tailed porcupine,Rodentia,Hystricidae,Atherurus,,2000.0,,,,,
Hystrix africaeaustralis,Cape porcupine,Rodentia,Hystricidae,Hystrix,23.1,24000.0,1.04794520547945,0.257534246575342,13.175,11300.0,310.65
Hystrix brachyura,Malayan porcupine,Rodentia,Hystricidae,Hystrix,27.3,8000.0,,0.306849315068493,,,
Hystrix cristata,African porcupine,Rodentia,Hystricidae,Hystrix,28.0,20000.0,1.5,0.180821917808219,,,
Hystrix indica,Indian crested porcupine,Rodentia,Hystricidae,Hystrix,27.1,20000.0,,0.30958904109589,,,
Hystrix pumila,Indonesian porcupine,Rodentia,Hystricidae,Hystrix,9.5,2740.0,,0.306849315068493,,,
Hystrix sumatrae,Sumatran porcupine,Rodentia,Hystricidae,Hystrix,,,,0.306849315068493,,,
Trichys fasciculata,Long-tailed porcupine,Rodentia,Hystricidae,Trichys,10.1,2000.0,,,,,
Acomys cahirinus,Spiny mouse,Rodentia,Muridae,Acomys,5.9,45.2,0.16027397260274,0.104109589041096,0.258,42.0,310.65
Acomys cilicicus,Turkish spiny mouse,Rodentia,Muridae,Acomys,4.0,,,,,,
Acomys minous,Crete spiny mouse,Rodentia,Muridae,Acomys,,62.5,,,,,
Acomys russatus,Golden spiny mouse,Rodentia,Muridae,Acomys,,54.4,0.249315068493151,0.0931506849315069,0.24,55.4,310.45
Acomys wilsoni,Wilson's spiny mouse,Rodentia,Muridae,Acomys,5.6,20.0,,0.106849315068493,,,
Apodemus agrarius,Striped field mouse,Rodentia,Muridae,Apodemus,4.0,21.5,0.208219178082192,0.0602739726027397,0.373,21.2,
Apodemus argenteus,Small Japanese field mouse,Rodentia,Muridae,Apodemus,5.0,,0.167123287671233,,,,
Apodemus flavicollis,Yellow-necked mouse,Rodentia,Muridae,Apodemus,4.5,29.4,0.142465753424658,0.0712328767123288,0.365,28.3,309.85
Apodemus peninsulae,Korean field mouse,Rodentia,Muridae,Apodemus,4.4,32.9,0.141663096,0.0710556164383562,,,
Apodemus speciosus,Large Japanese field mouse,Rodentia,Muridae,Apodemus,5.3,44.0,,,,,
Apodemus sylvaticus,Long-tailed field mouse,Rodentia,Muridae,Apodemus,6.3,23.4,0.186301369863014,0.063013698630137,0.264,23.8,309.85
Arvicanthis niloticus,Nile kusu,Rodentia,Muridae,Arvicanthis,6.7,110.0,0.123287671232877,0.0602739726027397,,,
Chiropodomys gliroides,Pencil-tailed tree mouse,Rodentia,Muridae,Chiropodomys,3.6,29.0,0.276712328767123,0.0547945205479452,,,
Colomys goslingi,African water rat,Rodentia,Muridae,Colomys,3.0,58.5,,,,,
Conilurus penicillatus,Brush-tailed rabbit rat,Rodentia,Muridae,Conilurus,4.5,144.0,,0.0958904109589041,0.908,213.2,309.05
Crateromys heaneyi,Panay crateromys,Rodentia,Muridae,Crateromys,8.8,,,,,,
Crateromys schadenbergi,Luzon bushy-tailed cloud rat,Rodentia,Muridae,Crateromys,,,,,,,
Desmodillus auricularis,Cape short-eared gerbil,Rodentia,Muridae,Desmodillus,6.1,54.5,,0.0794520547945206,0.49,71.9,309.05
Dipodillus campestris,North African gerbil,Rodentia,Muridae,Dipodillus,7.3,28.4,,,,,
Gerbilliscus afra,Cape gerbil,Rodentia,Muridae,Gerbilliscus,5.7,74.8,0.365753424657534,0.063013698630137,1.016,106.5,307.15
Gerbilliscus validus,Southern savanna gerbil,Rodentia,Muridae,Gerbilliscus,5.0,113.0,0.271232876712329,0.0684931506849315,,,
Gerbillus gerbillus,Lesser Egyptian gerbil,Rodentia,Muridae,Gerbillus,5.9,30.0,,,0.237,29.7,310.35
Gerbillus nanus,Baluchistan gerbil,Rodentia,Muridae,Gerbillus,4.5,18.5,0.208333424657534,0.0602739726027397,0.129,29.7,311.95
Gerbillus perpallidus,Pale gerbil,Rodentia,Muridae,Gerbillus,5.5,50.0,,0.0547945205479452,0.261,56.3,
Gerbillus pyramidum,Greater Egyptian gerbil,Rodentia,Muridae,Gerbillus,8.2,37.0,0.201369863013699,0.0575342465753425,0.454,108.5,309.25
Grammomys dolichurus,Woodland mouse,Rodentia,Muridae,Grammomys,4.4,60.0,0.2,0.0657534246575342,,,
Hydromys chrysogaster,Golden-bellied water rat,Rodentia,Muridae,Hydromys,7.3,850.0,0.408219178082192,0.0986301369863014,2.97,900.0,309.75
Lemniscomys barbarus,Barbary striped grass mouse,Rodentia,Muridae,Lemniscomys,4.4,26.2,,,,,
Lemniscomys striatus,Typical striped grass mouse,Rodentia,Muridae,Lemniscomys,4.8,42.3,0.46027397260274,0.0684931506849315,,,
Lenothrix canus,Gray tree rat,Rodentia,Muridae,Lenothrix,3.8,177.0,,,,,
Leporillus conditor,Greater stick-nest rat,Rodentia,Muridae,Leporillus,5.3,332.5,0.63972602739726,0.104109589041096,,,
Mastomys erythroleucus,Guinea multimammate mouse,Rodentia,Muridae,Mastomys,,37.8,0.375342465753425,0.0575342465753425,,,
Meriones crassus,Sundevall's jird,Rodentia,Muridae,Meriones,5.6,35.0,0.195890410958904,0.0602739726027397,,,
Meriones libycus,Libyan jird,Rodentia,Muridae,Meriones,5.2,100.0,0.249315068493151,0.0712328767123288,,,
Meriones meridianus,Mid-day jird,Rodentia,Muridae,Meriones,6.8,53.0,,0.063013698630137,,,
Meriones persicus,Persian jird,Rodentia,Muridae,Meriones,6.0,100.0,,0.0712328767123288,,,
Meriones shawi,Shaw's jird,Rodentia,Muridae,Meriones,,185.0,0.304109589041096,0.0712328767123288,,,
Meriones tamariscinus,Tamarisk jird,Rodentia,Muridae,Meriones,,,,,,,
Meriones unguiculatus,Mongolian jird,Rodentia,Muridae,Meriones,6.3,53.2,0.108219178082192,0.0684931506849315,0.546,64.8,311.35
Meriones vinogradovi,Vinogradov's jird,Rodentia,Muridae,Meriones,6.7,150.0,,0.0602739726027397,,,
Mesembriomys gouldii,Black-footed tree rat,Rodentia,Muridae,Mesembriomys,7.8,900.0,0.194520547945205,0.120547945205479,,,
Mesembriomys macrurus,Golden-backed tree rat,Rodentia,Muridae,Mesembriomys,7.1,268.5,,0.131506849315068,,,
Aethomys namaquensis,Rock mouse,Rodentia,Muridae,Aethomys,4.7,47.6,0.287671233,0.0602739726027397,0.292,62.6,309.95
Micromys minutus,Old World harvest mouse,Rodentia,Muridae,Micromys,3.8,6.0,0.105479452054795,0.0547945205479452,0.201,7.6,311.15
Millardia gleadowi,Sand-colored rat,Rodentia,Muridae,Millardia,4.0,70.0,,,,,
Mus caroli,Ryukyu mouse,Rodentia,Muridae,Mus,,11.2,,0.0575342465753425,,,
Mus cervicolor,Fawn-colored mouse,Rodentia,Muridae,Mus,,17.7,,0.0547945205479452,,,
Mus minutoides,Mouse,Rodentia,Muridae,Mus,4.3,7.2,0.187671233,0.0547945205479452,0.129,8.0,309.45
Mus musculoides,Temminck's mouse,Rodentia,Muridae,Mus,,6.0,,0.0657534246575342,,,
Mus musculus,House mouse,Rodentia,Muridae,Mus,4.0,20.5,0.115068493150685,0.0520547945205479,0.271,18.0,310.05
Mus spicilegus,Mound-building mouse,Rodentia,Muridae,Mus,3.5,,0.283452054794521,,,,
Notomys alexis,Spinifex hopping mouse,Rodentia,Muridae,Notomys,6.4,35.0,0.205479452054795,0.0958904109589041,0.252,32.3,311.15
Notomys aquilo,Northern hopping mouse,Rodentia,Muridae,Notomys,,39.0,,0.145205479452055,,,
Notomys mitchellii,Mitchell's hopping mouse,Rodentia,Muridae,Notomys,5.3,52.0,0.223287671232877,0.101369863013699,,,
Otomys irroratus,Vlei rat,Rodentia,Muridae,Otomys,,146.8,0.236986301369863,0.10958904109589,0.474,102.0,310.75
Pachyuromys duprasi,Fat-tailed gerbil,Rodentia,Muridae,Pachyuromys,8.3,40.0,0.167123287671233,0.0547945205479452,,,
Phloeomys cumingi,Slender-tailed cloud rat,Rodentia,Muridae,Phloeomys,13.6,1750.0,,,,,
Phloeomys pallidus,Northern Luzon slender-tailed cloud rat,Rodentia,Muridae,Phloeomys,10.7,1744.0,,,,,
Pogonomys macrourus,Long-tailed tree mouse,Rodentia,Muridae,Pogonomys,3.1,57.0,,,,,
Praomys tullbergi,Tullberg's rock rat,Rodentia,Muridae,Praomys,5.2,30.0,0.215068493150685,0.0657534246575342,,,
Psammomys obesus,Fat sand rat,Rodentia,Muridae,Psammomys,3.2,212.0,0.273972602739726,0.0657534246575342,,,
Pseudomys australis,Australian native mouse,Rodentia,Muridae,Pseudomys,7.9,65.0,0.445205479452055,0.0849315068493151,,,
Pseudomys chapmani,Western pebble-mound mouse,Rodentia,Muridae,Pseudomys,6.8,12.0,,,,,
Pseudomys fumeus,Smoky mouse,Rodentia,Muridae,Pseudomys,6.5,70.0,,,,,
Pseudomys higginsi,Long-tailed mouse,Rodentia,Muridae,Pseudomys,,60.1,0.742465753424657,0.0876712328767123,,,
Pseudomys laborifex,Kimberly mouse,Rodentia,Muridae,Pseudomys,6.9,12.0,,,,,
Pseudomys shortridgei,Heath mouse,Rodentia,Muridae,Pseudomys,6.0,64.0,0.917808219178082,,,,
Rattus fuscipes,Bush rat,Rodentia,Muridae,Rattus,5.3,130.0,0.26986301369863,0.0712328767123288,0.471,76.0,310.65
Rattus lutreolus,Australian swamp rat,Rodentia,Muridae,Rattus,4.4,115.0,0.216438356164384,0.073972602739726,0.353,109.0,309.85
Rattus norvegicus,Norway rat,Rodentia,Muridae,Rattus,3.8,300.0,0.219178082191781,0.0575342465753425,1.404,206.9,310.25
Rattus norvegicus domestica,Norway rat,Rodentia,Muridae,Rattus,3.8,300.0,0.219178082191781,0.0575342465753425,1.404,206.9,310.25
Rattus rattus,Rat,Rodentia,Muridae,Rattus,4.2,200.0,0.276712328767123,0.0602739726027397,0.77,117.0,311.15
Rhabdomys pumilio,Four-striped grass mouse,Rodentia,Muridae,Rhabdomys,4.5,51.0,0.145205479,0.0684931506849315,0.179,39.6,310.15
Rhombomys opimus,Great gerbil,Rodentia,Muridae,Rhombomys,4.5,285.0,0.287671232876712,0.0767123287671233,,,
Sekeetamys calurus,Bushy-tailed jird,Rodentia,Muridae,Sekeetamys,7.3,65.0,,,0.274,63.6,310.65
Sundamys muelleri,Mueller's giant Sunda rat,Rodentia,Muridae,Sundamys,2.0,334.0,,,,,
Tatera indica,Indian gerbil,Rodentia,Muridae,Tatera,7.0,146.7,0.23013698630137,0.0712328767123288,0.422,86.9,309.15
Taterillus gracilis,Slender gerbil,Rodentia,Muridae,Taterillus,,51.9,0.249315068493151,0.0712328767123288,,,
Thallomys paedulcus,Acacia rat,Rodentia,Muridae,Thallomys,3.5,80.0,0.298630136986301,0.0712328767123288,0.487,132.4,309.85
Thamnomys venustus,Thicket rat,Rodentia,Muridae,Thamnomys,,65.0,0.227397260273973,0.0657534246575342,,,
Zelotomys woosnami,South African broad-headed mouse,Rodentia,Muridae,Zelotomys,,54.5,,0.0849315068493151,,,
Zyzomys argurus,Common rock rat,Rodentia,Muridae,Zyzomys,,50.0,0.424821917808219,0.0821917808219178,,,
Zyzomys palatilis,Carpentarian rock rat,Rodentia,Muridae,Zyzomys,6.2,123.0,,,,,
Zyzomys pedunculatus,Central rock rat,Rodentia,Muridae,Zyzomys,7.5,100.0,,,,,
Myocastor coypus,Nutria,Rodentia,Myocastoridae,Myocastor,8.5,7850.0,0.416438356164384,0.358904109589041,,,307.75
Cricetomys emini,Giant rat,Rodentia,Nesomyidae,Cricetomys,7.4,1300.0,,,,,
Cricetomys gambianus,Gambian rat,Rodentia,Nesomyidae,Cricetomys,8.4,1500.0,0.432876712328767,0.0931506849315069,6.024,1686.7,308.75
Dendromus melanotis,Gray climbing mouse,Rodentia,Nesomyidae,Dendromus,4.2,7.4,,0.0684931506849315,,,
Dendromus mesomelas,Brant's climbing mouse,Rodentia,Nesomyidae,Dendromus,3.3,13.0,,,,,
Hypogeomys antimena,Malagasy giant rat,Rodentia,Nesomyidae,Hypogeomys,12.6,1250.0,1.5,0.328767123287671,,,
Mystromys albicaudatus,White-tailed mouse,Rodentia,Nesomyidae,Mystromys,6.3,106.0,0.298630136986301,0.104109589041096,0.707,93.8,306.15
Saccostomus campestris,Pouched mouse,Rodentia,Nesomyidae,Saccostomus,4.5,47.4,0.123287671232877,0.0575342465753425,0.274,68.1,308.45
Steatomys pratensis,Fat mouse,Rodentia,Nesomyidae,Steatomys,,25.5,,,0.105,37.5,307.25
Octodon degus,Degu,Rodentia,Octodontidae,Octodon,14.0,235.0,0.498630136986301,0.246575342465753,0.958,199.6,310.75
Octodontomys gliroides,Mountain degu,Rodentia,Octodontidae,Octodontomys,7.3,158.0,,0.284931506849315,0.715,154.1,310.35
Spalacopus cyanus,Coruro,Rodentia,Octodontidae,Spalacopus,10.8,98.0,,0.219178082191781,0.561,126.2,309.65
Pedetes capensis,Springhare,Rodentia,Pedetidae,Pedetes,20.0,3500.0,2.83287671232877,0.219178082191781,4.427,2300.0,309.05
Petromus typicus,Dassie rat,Rodentia,Petromuridae,Petromus,,200.0,,,,,
Platacanthomys lasiurus,Malabar spiny dormouse,Rodentia,Platacanthomyidae,Platacanthomys,1.7,75.0,,,,,
Ammospermophilus harrisii,Harris's antelope squirrel,Rodentia,Sciuridae,Ammospermophilus,10.6,126.0,0.873972602739726,0.0821917808219178,,,
Ammospermophilus leucurus,White-tailed antelope squirrel,Rodentia,Sciuridae,Ammospermophilus,11.2,105.0,1.0,0.0794520547945206,0.511,94.1,310.65
Ammospermophilus nelsoni,Nelson's antelope squirrel,Rodentia,Sciuridae,Ammospermophilus,5.5,154.5,1.03443835616438,0.0712328767123288,,,
Atlantoxerus getulus,Barbary ground squirrel,Rodentia,Sciuridae,Atlantoxerus,9.0,400.0,,,,,
Callosciurus adamsi,Ear-spot squirrel,Rodentia,Sciuridae,Callosciurus,,134.5,,,,,
Callosciurus caniceps,Gray-bellied squirrel,Rodentia,Sciuridae,Callosciurus,13.7,257.0,,,,,
Callosciurus erythraeus,Pallas's squirrel,Rodentia,Sciuridae,Callosciurus,17.0,272.0,,,,,
Callosciurus finlaysonii,Finlayson's squirrel,Rodentia,Sciuridae,Callosciurus,12.8,,,,,,
Callosciurus notatus,Plantain squirrel,Rodentia,Sciuridae,Callosciurus,14.8,190.0,1.13380821917808,,,,
Callosciurus prevostii,Prevost's squirrel,Rodentia,Sciuridae,Callosciurus,21.1,400.0,,0.131506849315068,,,
Callospermophilus lateralis,Golden-mantled ground squirrel,Rodentia,Sciuridae,Callospermophilus,10.4,157.6,1.74520547945205,0.0821917808219178,0.967,249.6,309.45
Callospermophilus saturatus,Cascade golden-mantled ground squirrel,Rodentia,Sciuridae,Callospermophilus,4.0,275.0,0.917808219,0.0767123287671233,0.849,256.6,
Cynomys gunnisoni,Gunnison's prairie dog,Rodentia,Sciuridae,Cynomys,,900.0,1.0,0.0821917808219178,,,
Cynomys ludovicianus,Black-tailed prairie dog,Rodentia,Sciuridae,Cynomys,11.0,1125.0,2.0,0.0821917808219178,2.358,1112.3,
Dremomys lokriah,Orange-bellied Himalayan squirrel,Rodentia,Sciuridae,Dremomys,7.1,172.5,,,,,
Funambulus palmarum,Indian palm squirrel,Rodentia,Sciuridae,Funambulus,,100.0,,0.0931506849315069,,,
Funambulus pennantii,Northern palm squirrel,Rodentia,Sciuridae,Funambulus,,147.7,0.745205479452055,0.10958904109589,,,
Funisciurus anerythrus,Thomas's rope squirrel,Rodentia,Sciuridae,Funisciurus,10.0,218.0,,,0.58,63.0,
Funisciurus congicus,Congo rope squirrel,Rodentia,Sciuridae,Funisciurus,9.5,106.0,,0.142465753424658,0.533,112.3,312.45
Funisciurus pyrropus,Fire-footed rope squirrel,Rodentia,Sciuridae,Funisciurus,9.5,271.7,,,,,
Funisciurus substriatus,Kintampo rope squirrel,Rodentia,Sciuridae,Funisciurus,,186.0,,,,,
Glaucomys sabrinus,Northern flying squirrel,Rodentia,Sciuridae,Glaucomys,14.2,149.0,0.575342465753425,0.10958904109589,,,
Glaucomys volans,Southern flying squirrel,Rodentia,Sciuridae,Glaucomys,19.0,65.4,0.575342465753425,0.10958904109589,0.414,67.4,312.15
Heliosciurus rufobrachium,Red-legged sun squirrel,Rodentia,Sciuridae,Heliosciurus,8.7,326.5,,,0.744,230.0,309.15
Ictidomys tridecemlineatus,Thirteen-lined ground squirrel,Rodentia,Sciuridae,Ictidomys,7.9,172.7,0.793150684931507,0.0767123287671233,0.983,198.4,308.85
Lariscus insignis,Three-striped ground squirrel,Rodentia,Sciuridae,Lariscus,,175.0,,,,,
Marmota bobak,Bobak marmot,Rodentia,Sciuridae,Marmota,15.0,7300.0,3.0,0.10958904109589,,,
Marmota caligata,Hoary marmot,Rodentia,Sciuridae,Marmota,12.1,4300.0,2.48767123287671,0.0794520547945206,,,
Marmota flaviventris,Yellow-bellied marmot,Rodentia,Sciuridae,Marmota,21.2,3500.0,2.0,0.0821917808219178,8.626,4295.0,309.65
Marmota marmota,Alpine marmot,Rodentia,Sciuridae,Marmota,17.4,3500.0,2.0,0.0958904109589041,,,
Marmota monax,Woodchuck,Rodentia,Sciuridae,Marmota,14.0,4000.0,1.5013698630137,0.0876712328767123,3.696,2650.0,310.15
Marmota vancouverensis,Vancouver marmot,Rodentia,Sciuridae,Marmota,12.1,4750.0,3.24931506849315,0.0821917808219178,,,
Otospermophilus variegatus,Rock squirrel,Rodentia,Sciuridae,Otospermophilus,9.8,663.0,,0.0821917808219178,,,
Paraxerus cepapi,Smith's bush squirrel,Rodentia,Sciuridae,Paraxerus,,216.0,0.506849315068493,0.156164383561644,0.811,223.6,312.25
Paraxerus poensis,Green bush squirrel,Rodentia,Sciuridae,Paraxerus,,134.0,0.350684931506849,0.150684931506849,,,
Petaurista alborufus,Red and white giant flying squirrel,Rodentia,Sciuridae,Petaurista,21.4,1700.0,,,,,
Petaurista leucogenys,Japanese giant flying squirrel,Rodentia,Sciuridae,Petaurista,19.2,1650.0,,,,,
Petaurista magnificus,Hodgson's giant flying squirrel,Rodentia,Sciuridae,Petaurista,,1780.0,,,,,
Petaurista petaurista,Red giant flying squirrel,Rodentia,Sciuridae,Petaurista,16.0,1750.0,,0.123287671232877,,,
Petaurista philippensis,Indian giant flying squirrel,Rodentia,Sciuridae,Petaurista,,1652.0,,0.126027397260274,,,
Poliocitellus franklinii,Franklin's ground squirrel,Rodentia,Sciuridae,Poliocitellus,7.2,459.0,0.895890410958904,0.0767123287671233,2.19,607.0,
Pteromys momonga,Japanese flying squirrel,Rodentia,Sciuridae,Pteromys,,,,,,,
Pteromys volans,Siberian flying squirrel,Rodentia,Sciuridae,Pteromys,11.4,130.0,,0.0821917808219178,,,
Ratufa affinis,Pale giant squirrel,Rodentia,Sciuridae,Ratufa,,1187.5,,,,,
Ratufa bicolor,Black giant squirrel,Rodentia,Sciuridae,Ratufa,19.0,2000.0,2.95342465753425,0.0876712328767123,,,
Ratufa indica,Indian giant squirrel,Rodentia,Sciuridae,Ratufa,20.0,2000.0,,0.23013698630137,,,
Sciurotamias davidianus,Pere David's rock squirrel,Rodentia,Sciuridae,Sciurotamias,,,,,,,
Sciurus aberti,Abert's squirrel,Rodentia,Sciuridae,Sciurus,,702.5,0.895890410958904,0.117808219178082,2.402,624.0,313.85
Sciurus aestuans,Guianan squirrel,Rodentia,Sciuridae,Sciurus,,185.0,,,,,
Sciurus aureogaster,Red-bellied squirrel,Rodentia,Sciuridae,Sciurus,11.5,600.0,,,,,
Sciurus carolinensis,Eastern gray squirrel,Rodentia,Sciuridae,Sciurus,23.6,533.0,1.01917808219178,0.120547945205479,2.062,440.0,311.85
Sciurus deppei,Deppe's squirrel,Rodentia,Sciuridae,Sciurus,,190.0,,,,,
Sciurus granatensis,Red-tailed squirrel,Rodentia,Sciuridae,Sciurus,11.5,374.0,,,,,
Sciurus griseus,Western gray squirrel,Rodentia,Sciuridae,Sciurus,,425.0,0.873972602739726,0.120547945205479,,,
Sciurus ignitus,Bolivian squirrel,Rodentia,Sciuridae,Sciurus,,190.0,,,,,
Sciurus lis,Japanese squirrel,Rodentia,Sciuridae,Sciurus,,264.0,,,,,
Sciurus niger,Eastern fox squirrel,Rodentia,Sciuridae,Sciurus,16.0,800.0,0.967123287671233,0.120547945205479,,,
Sciurus stramineus,Guayaquil squirrel,Rodentia,Sciuridae,Sciurus,,433.3,,,,,
Sciurus variegatoides,Variegated squirrel,Rodentia,Sciuridae,Sciurus,15.1,485.0,,,,,
Sciurus vulgaris,Eurasian red squirrel,Rodentia,Sciuridae,Sciurus,14.8,600.0,0.843835616438356,0.104109589041096,,,
Spermophilus citellus,European ground squirrel,Rodentia,Sciuridae,Spermophilus,6.7,217.0,0.86027397260274,0.073972602739726,1.272,240.0,310.65
Spermophilus pygmaeus,Little ground squirrel,Rodentia,Sciuridae,Spermophilus,7.1,136.0,,0.073972602739726,,,
Sundasciurus hippurus,Horse-tailed squirrel,Rodentia,Sciuridae,Sundasciurus,14.0,312.5,,,,,
Sundasciurus lowii,Low's squirrel,Rodentia,Sciuridae,Sundasciurus,11.1,67.0,,,,,
Sundasciurus tenuis,Slender squirrel,Rodentia,Sciuridae,Sundasciurus,10.0,75.0,,,,,
Tamias amoenus,Yellow-pine chipmunk,Rodentia,Sciuridae,Tamias,5.2,48.2,1.0,0.0821917808219178,0.5,55.7,310.15
Tamias dorsalis,Cliff chipmunk,Rodentia,Sciuridae,Tamias,12.6,62.8,,0.0821917808219178,,,
Tamias minimus,Least chipmunk,Rodentia,Sciuridae,Tamias,10.0,44.1,1.0,0.0821917808219178,0.349,49.3,310.15
Tamias quadrimaculatus,Long-eared chipmunk,Rodentia,Sciuridae,Tamias,,86.5,0.928767123287671,0.0849315068493151,,,
Tamias quadrivittatus,Colorado chipmunk,Rodentia,Sciuridae,Tamias,,70.0,0.873972602739726,0.0849315068493151,,,
Tamias ruficaudus,Red-tailed chipmunk,Rodentia,Sciuridae,Tamias,8.0,75.0,0.917808219178082,0.0849315068493151,,,
Tamias sibiricus,Siberian chipmunk,Rodentia,Sciuridae,Tamias,9.6,85.0,0.958904109589041,0.0958904109589041,,,
Tamias striatus,Eastern chipmunk,Rodentia,Sciuridae,Tamias,9.5,96.0,0.568493150684932,0.0849315068493151,0.813,89.6,311.35
Tamias townsendii,Townsend's chipmunk,Rodentia,Sciuridae,Tamias,9.3,75.0,0.967123287671233,0.0767123287671233,,,
Tamiasciurus hudsonicus,Red squirrel,Rodentia,Sciuridae,Tamiasciurus,9.8,200.0,0.936986301369863,0.101369863013699,1.615,219.6,311.85
Trogopterus xanthipes,Complex-toothed flying squirrel,Rodentia,Sciuridae,Trogopterus,12.0,,1.83287671232877,0.219178082191781,,,
Urocitellus beldingi,Belding's ground squirrel,Rodentia,Sciuridae,Urocitellus,,290.0,1.24931506849315,0.0712328767123288,0.796,293.7,308.65
Urocitellus richardsonii,Richardson's ground squirrel,Rodentia,Sciuridae,Urocitellus,,342.5,0.917808219178082,0.0657534246575342,0.788,266.3,308.58
Xerospermophilus mohavensis,Mohave ground squirrel,Rodentia,Sciuridae,Xerospermophilus,7.8,150.0,,0.0657534246575342,0.629,240.0,310.15
Xerospermophilus tereticaudus,Round-tailed ground squirrel,Rodentia,Sciuridae,Xerospermophilus,8.9,163.3,0.89041095890411,0.0767123287671233,0.501,125.1,309.45
Xerus erythropus,Striped ground squirrel,Rodentia,Sciuridae,Xerus,10.3,600.0,1.0,0.194520547945205,,,
Xerus inauris,South African ground squirrel,Rodentia,Sciuridae,Xerus,11.5,588.0,1.0,0.123287671232877,1.775,528.5,309.95
Cannomys badius,Lesser bamboo rat,Rodentia,Spalacidae,Cannomys,4.8,650.0,,0.115068493150685,0.96,344.0,309.15
Rhizomys sumatrensis,Large bamboo rat,Rodentia,Spalacidae,Rhizomys,,3000.0,,0.0602739726027397,,,
Spalax ehrenbergi,Palestine mole rat,Rodentia,Spalacidae,Spalax,20.2,160.0,1.66666575342466,0.0931506849315069,0.585,133.8,308.7
Tachyoryctes splendens,East African mole rat,Rodentia,Spalacidae,Tachyoryctes,,220.0,0.452054794520548,0.10958904109589,0.856,197.0,309.05
Thryonomys swinderianus,Greater cane rat,Rodentia,Thryonomyidae,Thryonomys,5.4,6600.0,1.0,0.424657534246575,,,
Ptilocercus lowii,Pen-tailed tree shrew,Scandentia,Ptilocercidae,Ptilocercus,2.7,42.5,,,0.24,57.5,308.85
Tupaia belangeri,Northern tree shrew,Scandentia,Tupaiidae,Tupaia,11.1,200.0,0.375,0.126027397260274,,,311.95
Tupaia glis,Common tree shrew,Scandentia,Tupaiidae,Tupaia,12.4,200.0,0.246575342465753,0.126027397260274,0.522,123.0,310.15
Tupaia minor,Pygmy tree shrew,Scandentia,Tupaiidae,Tupaia,12.2,58.6,,,,,
Tupaia tana,Large tree shrew,Scandentia,Tupaiidae,Tupaia,11.6,197.8,0.310787671232876,0.12875799086758,,,
Urogale everetti,Mindanao tree shrew,Scandentia,Tupaiidae,Urogale,11.5,350.0,,0.150684931506849,1.25,260.6,309.15
Dugong dugon,Dugong,Sirenia,Dugongidae,Dugong,73.0,360000.0,9.50684931506849,1.02465753424658,,,306.15
Trichechus inunguis,Amazonian manatee,Sirenia,Trichechidae,Trichechus,40.0,480000.0,3.0027397260274,0.898630136986301,55.015,167594.0,
Trichechus manatus,West Indian manatee,Sirenia,Trichechidae,Trichechus,69.0,467324.83,3.0013698630137,0.917808219178082,70.0056,450000.0,
Solenodon cubanus,Cuban solenodon,Eulipotyphla,Solenodontidae,Solenodon,6.5,1000.0,,,,,
Solenodon paradoxus,Hispaniolan solenodon,Eulipotyphla,Solenodontidae,Solenodon,12.1,1000.0,2.26764383561644,0.136986301369863,,,
Blarina brevicauda,Northern short-tailed shrew,Eulipotyphla,Soricidae,Blarina,2.2,21.6,0.152054794520548,0.0465753424657534,0.344,20.9,
Blarina hylophaga,Elliot's short-tailed shrew,Eulipotyphla,Soricidae,Blarina,2.8,14.5,0.172602739726027,0.063013698630137,,,
Crocidura flavescens,Greater red musk shrew,Eulipotyphla,Soricidae,Crocidura,2.2,45.0,,0.0684931506849315,0.248,33.2,
Crocidura leucodon,Bicolored shrew,Eulipotyphla,Soricidae,Crocidura,2.9,11.0,0.26027397260274,0.0821917808219178,0.166,11.7,308.15
Crocidura russula,White-toothed shrew,Eulipotyphla,Soricidae,Crocidura,4.0,11.6,0.205479452054795,0.0794520547945206,0.143,10.8,307.85
Crocidura suaveolens,Lesser shrew,Eulipotyphla,Soricidae,Crocidura,2.8,7.7,0.73972602739726,0.073972602739726,0.112,6.9,308.25
Cryptotis parva,Least shrew,Eulipotyphla,Soricidae,Cryptotis,3.5,4.5,0.113698630136986,0.0575342465753425,0.164,6.3,310.15
Myosorex varius,Forest shrew,Eulipotyphla,Soricidae,Myosorex,2.1,17.5,,,,,308.95
Neomys anomalus,Southern water shrew,Eulipotyphla,Soricidae,Neomys,2.0,15.0,0.29041095890411,0.0712328767123288,0.373,13.1,308.15
Neomys fodiens,Eurasian water shrew,Eulipotyphla,Soricidae,Neomys,3.1,15.0,0.29041095890411,0.0547945205479452,0.328,16.0,310.45
Sorex alpinus,Alpine shrew,Eulipotyphla,Soricidae,Sorex,1.3,7.8,,,0.267,7.8,311.75
Sorex araneus,Eurasian shrew,Eulipotyphla,Soricidae,Sorex,3.2,9.0,0.73013698630137,0.0575342465753425,0.348,8.4,308.15
Sorex arcticus,Arctic shrew,Eulipotyphla,Soricidae,Sorex,1.5,8.2,1.0,0.0465753424657534,,,
Sorex caecutiens,Laxmann's shrew,Eulipotyphla,Soricidae,Sorex,3.0,5.4,0.790336215466667,0.0574364814090019,,,
Sorex cinereus,Cinereus shrew,Eulipotyphla,Soricidae,Sorex,1.9,4.3,0.421917808219178,0.0520547945205479,0.238,5.2,311.55
Sorex coronatus,Crowned shrew,Eulipotyphla,Soricidae,Sorex,1.1,9.6,0.762794520547945,0.063013698630137,0.29,9.1,310.75
Sorex fumeus,Smoky shrew,Eulipotyphla,Soricidae,Sorex,1.3,7.5,0.832876712328767,0.0575342465753425,,,
Sorex minutus,Eurasian pygmy shrew,Eulipotyphla,Soricidae,Sorex,2.0,7.2,0.832876712328767,0.0657534246575342,0.179,4.1,311.65
Sorex monticolus,Montane shrew,Eulipotyphla,Soricidae,Sorex,1.3,6.0,1.0,,,,
Sorex ornatus,Ornate shrew,Eulipotyphla,Soricidae,Sorex,1.4,5.6,1.0,0.0575342465753425,0.292,9.7,
Sorex palustris,Water shrew,Eulipotyphla,Soricidae,Sorex,1.5,12.0,0.246575342465753,0.063013698630137,,,311.75
Sorex trowbridgii,Trowbridge's shrew,Eulipotyphla,Soricidae,Sorex,1.5,7.5,0.790336215466667,0.0574364814090019,,,
Sorex vagrans,Vagrant shrew,Eulipotyphla,Soricidae,Sorex,2.1,7.0,1.14345205479452,0.0547945205479452,0.157,5.2,311.15
Suncus etruscus,White-toothed pygmy shrew,Eulipotyphla,Soricidae,Suncus,3.2,2.1,1.0,0.073972602739726,0.063,2.4,309.15
Suncus murinus,Asian house shrew,Eulipotyphla,Soricidae,Suncus,3.2,45.9,0.0986301369863014,0.0821917808219178,0.403,39.7,311.85
Condylura cristata,Star-nosed mole,Eulipotyphla,Talpidae,Condylura,2.5,55.3,0.832876712328767,0.10958904109589,0.615,49.0,310.85
Galemys pyrenaicus,Pyrenean desman,Eulipotyphla,Talpidae,Galemys,5.0,57.5,2.0,0.0821917808219178,,,
Mogera wogura,Japanese mole,Eulipotyphla,Talpidae,Mogera,3.2,97.0,,0.10958904109589,,,
Parascalops breweri,Hairy-tailed mole,Eulipotyphla,Talpidae,Parascalops,5.0,62.5,0.821917808219178,0.0958904109589041,,,
Scalopus aquaticus,Eastern mole,Eulipotyphla,Talpidae,Scalopus,6.2,90.0,0.917808219178082,0.0986301369863014,0.378,48.0,309.15
Talpa europaea,European mole,Eulipotyphla,Talpidae,Talpa,7.0,92.5,0.498630136986301,0.0767123287671233,,,
Orycteropus afer,Aardvark,Tubulidentata,Orycteropodidae,Orycteropus,29.8,60000.0,2.0,0.616438356164384,34.275,48000.0,307.65
Alligator mississippiensis,American alligator,Crocodilia,Alligatoridae,Alligator,77.0,150000.0,12.0,,0.1539,1079.0,295.31
Alligator sinensis,Chinese alligator,Crocodilia,Alligatoridae,Alligator,65.0,,,,,,
Caiman crocodilus,Spectacled caiman,Crocodilia,Alligatoridae,Caiman,40.0,,,,,,
Caiman latirostris,Broad-snouted caiman,Crocodilia,Alligatoridae,Caiman,58.0,,,,,,
Melanosuchus niger,Black caiman,Crocodilia,Alligatoridae,Melanosuchus,40.0,,,,,,
Paleosuchus palpebrosus,Dwarf caiman,Crocodilia,Alligatoridae,Paleosuchus,24.1,,,,,,
Paleosuchus trigonatus,Smooth-fronted caiman,Crocodilia,Alligatoridae,Paleosuchus,40.0,,,,,,
Crocodylus acutus,American crocodile,Crocodilia,Crocodylidae,Crocodylus,47.0,,,,,,
Crocodylus intermedius,Orinoco crocodile,Crocodilia,Crocodylidae,Crocodylus,41.0,,,,,,
Crocodylus johnstoni,Johnson's crocodile,Crocodilia,Crocodylidae,Crocodylus,55.0,,,,,,
Crocodylus moreletii,Morelet's crocodile,Crocodilia,Crocodylidae,Crocodylus,25.4,,,,,,
Crocodylus niloticus,Nile crocodile,Crocodilia,Crocodylidae,Crocodylus,56.0,,,,,,
Crocodylus novaeguineae,New Guinea crocodile,Crocodilia,Crocodylidae,Crocodylus,51.0,,,,,,
Crocodylus palustris,Mugger or marsh crocodile,Crocodilia,Crocodylidae,Crocodylus,44.0,,,,,,
Crocodylus porosus,Saltwater crocodile,Crocodilia,Crocodylidae,Crocodylus,57.0,,,,,,
Crocodylus rhombifer,Cuban crocodile,Crocodilia,Crocodylidae,Crocodylus,48.0,,,,,,
Crocodylus siamensis,Siamese crocodile,Crocodilia,Crocodylidae,Crocodylus,49.0,,,,,,
Mecistops cataphractus,African slender-snouted crocodile,Crocodilia,Crocodylidae,Mecistops,56.1,,,,,,
Osteolaemus tetraspis,West African dwarf crocodile,Crocodilia,Crocodylidae,Osteolaemus,70.0,40000.0,5.0,,,,
Gavialis gangeticus,Gharial,Crocodilia,Gavialidae,Gavialis,59.0,,,,,,
Tomistoma schlegelii,False gharial,Crocodilia,Gavialidae,Tomistoma,24.7,,,,,,
Sphenodon punctatus,Tuatara,Rhynchocephalia,Sphenodontidae,Sphenodon,90.0,430.0,12.0,,0.0605,430.0,295.5
Acrochordus arafurae,Arafuran file snake,Squamata,Acrochordidae,Acrochordus,8.8,,,,,,
Acrochordus javanicus,Javan wart snake,Squamata,Acrochordidae,Acrochordus,5.8,,,,,,
Acanthocercus atricollis,Plains agama,Squamata,Agamidae,Acanthocercus,6.0,,,,,,
Agama impalearis,Bibron's agama,Squamata,Agamidae,Agama,6.0,,,,,,
Amphibolurus nobbi,Nobbi,Squamata,Agamidae,Amphibolurus,,,,,,,
Calotes versicolor,Indian changeable lizard,Squamata,Agamidae,Calotes,5.0,,,,,,
Chlamydosaurus kingii,Frilled lizard,Squamata,Agamidae,Chlamydosaurus,9.9,,,,,,
Hydrosaurus amboinensis,Sailfin lizard,Squamata,Agamidae,Hydrosaurus,24.4,,,,,,
Hydrosaurus pustulatus,Philippine sailfin lizard,Squamata,Agamidae,Hydrosaurus,15.2,,,,,,
Laudakia stellio,Levant starred lizard,Squamata,Agamidae,Laudakia,6.0,,,,,,
Leiolepis belliana,Butterfly lizard,Squamata,Agamidae,Leiolepis,5.6,,,,,,
Physignathus cocincinus,Water dragon,Squamata,Agamidae,Physignathus,15.3,,,,,,
Physignathus lesueurii,Eastern water dragon,Squamata,Agamidae,Physignathus,18.9,,,,,,
Pogona barbata,Eastern bearded dragon,Squamata,Agamidae,Pogona,9.9,,,,,,
Pogona vitticeps,Central bearded dragon,Squamata,Agamidae,Pogona,12.0,500.0,,,,,
Uromastyx acanthinura,North African spiny dabb lizard,Squamata,Agamidae,Uromastyx,11.4,,,,,,
Uromastyx aegyptia,Egyptian spiny-tailed lizard,Squamata,Agamidae,Uromastyx,15.3,,,,,,
Uromastyx dispar,Sudan mastigure,Squamata,Agamidae,Uromastyx,17.0,,,,,,
Amphisbaena alba,Red worm lizard,Squamata,Amphisbaenidae,Amphisbaena,15.1,,,,,,
Blanus cinereus,Spanish grey amphisbaena,Squamata,Amphisbaenidae,Blanus,16.0,,,,,,
Anguis fragilis,Slow worm,Squamata,Anguidae,Anguis,54.0,,,,,,
Diploglossus monotropis,Galliwasp,Squamata,Anguidae,Diploglossus,12.3,,,,,,
Elgaria kingii,Madrean alligator lizard,Squamata,Anguidae,Elgaria,12.3,,,,,,
Elgaria multicarinata,Southern alligator lizard,Squamata,Anguidae,Elgaria,9.8,31.5,,,0.0132,31.5,295.5
Gerrhonotus liocephalus,Texas alligator lizard,Squamata,Anguidae,Gerrhonotus,,,,,,,
Ophisaurus ventralis,Eastern glass lizard,Squamata,Anguidae,Ophisaurus,14.8,,,,,,
Pseudopus apodus,Armored glass lizard,Squamata,Anguidae,Pseudopus,54.0,450.0,2.0,0.115068493150685,,,
Atractaspis bibronii,Bibron's mole viper,Squamata,Atractaspididae,Atractaspis,23.9,,,,,,
Boa constrictor,Boa constrictor,Squamata,Boidae,Boa,40.4,3532.0,3.0,0.342465753424658,0.3589,3532.0,293.0
Chilabothrus angulifer,Cuban boa,Squamata,Boidae,Chilabothrus,22.6,,,,,,
Chilabothrus chrysogaster,Turks and Caicos boa,Squamata,Boidae,Chilabothrus,14.2,,,,,,
Chilabothrus exsul,Abaco Island boa,Squamata,Boidae,Chilabothrus,21.7,,,,,,
Chilabothrus fordii,Haitian ground boa,Squamata,Boidae,Chilabothrus,24.4,,,,,,
Chilabothrus inornatus,Puerto rican boa,Squamata,Boidae,Chilabothrus,23.9,,,,,,
Chilabothrus striatus,Haitian boa,Squamata,Boidae,Chilabothrus,22.1,,,,,,
Chilabothrus subflavus,Jamaica boa,Squamata,Boidae,Chilabothrus,24.3,,,,,,
Corallus annulatus,Annulated boa,Squamata,Boidae,Corallus,15.3,,,,,,
Corallus caninus,Emerald tree-boa,Squamata,Boidae,Corallus,18.6,,,,,,
Corallus hortulanus,Amazonian tree boa,Squamata,Boidae,Corallus,15.0,,,,,,
Epicrates cenchria,Rainbow boa,Squamata,Boidae,Epicrates,31.0,,,,,,
Eunectes deschauenseei,Dark-spotted anaconda,Squamata,Boidae,Eunectes,23.2,,,,,,
Eunectes murinus,Green anaconda,Squamata,Boidae,Eunectes,31.8,,,,,,
Eunectes notaeus,Paraguayan anaconda,Squamata,Boidae,Eunectes,23.6,,,,,,
Casarea dussumieri,Round Island boas,Squamata,Bolyeriidae,Casarea,17.8,,,,,,
Candoia aspera,New Guinea boa,Squamata,Candoiidae,Candoia,9.9,,,,,,
Candoia bibroni,Pacific tree boa,Squamata,Candoiidae,Candoia,16.9,,,,,,
Candoia carinata,Pacific ground boa,Squamata,Candoiidae,Candoia,16.6,,,,,,
Underwoodisaurus milii,Thick-tailed gecko,Squamata,Carphodactylidae,Underwoodisaurus,12.0,,,,,,
Calumma parsonii,Parson's chameleon,Squamata,Chamaeleonidae,Calumma,9.0,,,,,,
Chamaeleo chamaeleon,Common chameleon,Squamata,Chamaeleonidae,Chamaeleo,3.6,,,,,,
Chamaeleo dilepis,Flapneck chameleon,Squamata,Chamaeleonidae,Chamaeleo,4.0,,,,,,
Furcifer labordi,Labord's chameleon,Squamata,Chamaeleonidae,Furcifer,0.4,,0.164383561643836,0.712328767123288,,,
Furcifer pardalis,Panther chameleon,Squamata,Chamaeleonidae,Furcifer,5.2,,,,,,
Trioceros jacksonii,Jackson's chameleon,Squamata,Chamaeleonidae,Trioceros,8.2,,,,,,
Charina bottae,Rubber boa,Squamata,Charinidae,Charina,26.5,,,,,,
Lichanura trivirgata,Rosy boa,Squamata,Charinidae,Lichanura,31.0,450.0,,0.356164383561644,,,
Ungaliophis continentalis,Round-spot banana boa,Squamata,Charinidae,Ungaliophis,17.7,,,,,,
Ungaliophis panamensis,Panama wood snake,Squamata,Charinidae,Ungaliophis,14.2,,,,,,
Arizona elegans,Glossy snake,Squamata,Colubridae,Arizona,19.1,,,,,,
Bogertophis subocularis,Trans-pecos rat snake,Squamata,Colubridae,Bogertophis,23.8,,2.0,,,,
Boiga blandingii,Blanding's cat snake,Squamata,Colubridae,Boiga,12.6,,,,,,
Boiga cynodon,Dog-tooth cat snake,Squamata,Colubridae,Boiga,9.6,,,,,,
Boiga dendrophila,Mangrove snake,Squamata,Colubridae,Boiga,17.0,,,,,,
Boiga irregularis,Brown tree snake,Squamata,Colubridae,Boiga,13.1,,,,,,
Boiga trigonata,Common catsnake/indian gamma snake,Squamata,Colubridae,Boiga,8.2,,,,,,
Cemophora coccinea,Scarlet snake,Squamata,Colubridae,Cemophora,10.4,,,,,,
Chilomeniscus stramineus,Banded sand snake,Squamata,Colubridae,Chilomeniscus,4.0,,,,,,
Clelia clelia,Mussarana,Squamata,Colubridae,Clelia,11.5,,,,,,
Clonophis kirtlandii,Kirtland's snake,Squamata,Colubridae,Clonophis,8.4,,,,,,
Coluber constrictor,Northern black racer,Squamata,Colubridae,Coluber,10.0,,,,,,
Coluber ravergieri,Palaearctic tail-lined snake,Squamata,Colubridae,Coluber,13.8,,,,,,
Dasypeltis atra,Montane egg eater,Squamata,Colubridae,Dasypeltis,,,,,,,
Dasypeltis medici,East African egg-eating snake,Squamata,Colubridae,Dasypeltis,8.6,,,,,,
Dasypeltis scabra,African egg-eating snake,Squamata,Colubridae,Dasypeltis,22.1,,,,,,
Dinodon rufozonatum,Red barded snake,Squamata,Colubridae,Dinodon,13.7,,,,,,
Drymarchon corais,Indigo snake,Squamata,Colubridae,Drymarchon,25.9,,,,,,
Elaphe bairdi,Baird's rat snake,Squamata,Colubridae,Elaphe,16.3,,,,,,
Elaphe climacophora,Japanese rat snake,Squamata,Colubridae,Elaphe,13.1,,,,,,
Elaphe flavirufa,Yellow-red/tropical rat snake,Squamata,Colubridae,Elaphe,16.3,,,,,,
Elaphe guttata,Corn snake,Squamata,Colubridae,Elaphe,32.3,900.0,1.64383561643836,,,,
Elaphe helena,Trinket snake,Squamata,Colubridae,Elaphe,15.0,,2.0,,,,
Elaphe moellendorffi,Red-headed rat snake,Squamata,Colubridae,Elaphe,21.1,,,,,,
Elaphe obsoleta,Black rat snake,Squamata,Colubridae,Elaphe,33.9,,4.0,,,,
Elaphe quadrivirgata,Japanese four-lined rat snake,Squamata,Colubridae,Elaphe,16.8,,,,,,
Elaphe schrenckii,Russian ratsnake,Squamata,Colubridae,Elaphe,13.7,,,,,,
Elaphe situla,European leopard snake,Squamata,Colubridae,Elaphe,23.0,,,,,,
Elaphe taeniura,Taipan beauty snake,Squamata,Colubridae,Elaphe,11.6,,,,,,
Elaphe vulpina,Eastern fox snake,Squamata,Colubridae,Elaphe,17.0,,,,,,
Farancia abacura,Western mud snake,Squamata,Colubridae,Farancia,19.0,,,,,,
Gonyosoma oxycephalum,Red-tailed rat snake,Squamata,Colubridae,Gonyosoma,15.1,,,,,,
Heterodon nasicus,Mexican hognose snake,Squamata,Colubridae,Heterodon,19.8,,2.0,0.153424657534247,,,
Heterodon platirhinos,Eastern hognose snake,Squamata,Colubridae,Heterodon,9.1,,2.0,,,,
Hydrodynastes gigas,False water snake,Squamata,Colubridae,Hydrodynastes,16.9,,,,,,
Hypsiglena torquata,Night snake,Squamata,Colubridae,Hypsiglena,12.2,,,,,,
Lampropeltis alterna,Gray-banded kingsnake,Squamata,Colubridae,Lampropeltis,19.7,,,,,,
Lampropeltis calligaster,Prairie kingsnake,Squamata,Colubridae,Lampropeltis,23.8,,3.0,,,,
Lampropeltis getula,Common kingsnake,Squamata,Colubridae,Lampropeltis,33.3,,3.0,,,,
Lampropeltis mexicana,Greer's kingsnake,Squamata,Colubridae,Lampropeltis,15.6,,,,,,
Lampropeltis pyromelana,Sonoran mountain kingsnake,Squamata,Colubridae,Lampropeltis,22.4,,,,,,
Lampropeltis triangulum,Milk snake,Squamata,Colubridae,Lampropeltis,22.6,,,,,,
Lampropeltis zonata,California mountain kingsnake,Squamata,Colubridae,Lampropeltis,28.8,,,,,,
Lamprophis fuliginosus,African house snake,Squamata,Colubridae,Lamprophis,9.0,,0.498630136986301,,,,
Leioheterodon madagascariensis,Madagascar giant hognose snake,Squamata,Colubridae,Leioheterodon,27.2,,,,,,
Leptophis mexicanus,Parrot snake,Squamata,Colubridae,Leptophis,7.7,,,,,,
Macroprotodon cucullatus,False smooth snake,Squamata,Colubridae,Macroprotodon,5.9,,,,,,
Masticophis flagellum,Coachwhip,Squamata,Colubridae,Masticophis,20.2,,,,,,
Mehelya capensis,Lapi file snake,Squamata,Colubridae,Mehelya,10.9,,,,,,
Natrix natrix,Grass snake,Squamata,Colubridae,Natrix,20.0,96.25,4.0,,0.0295,94.2,290.25
Nerodia erythrogaster,Plain-bellied water snake,Squamata,Colubridae,Nerodia,14.8,,,,,,
Nerodia sipedon,Northern water snake,Squamata,Colubridae,Nerodia,9.6,,2.0,,,,
Nerodia taxispilota,Brown water snake,Squamata,Colubridae,Nerodia,6.1,,,,,,
Opheodrys aestivus,Rough greensnake,Squamata,Colubridae,Opheodrys,7.2,,2.0,,,,
Opheodrys vernalis,Smooth green snake,Squamata,Colubridae,Opheodrys,6.1,,,,,,
Oxybelis aeneus,Brown vine snake,Squamata,Colubridae,Oxybelis,15.2,,,,,,
Pituophis catenifer,Gopher snake,Squamata,Colubridae,Pituophis,33.8,,,,,,
Pituophis melanoleucus,Bull snake,Squamata,Colubridae,Pituophis,22.4,,,,,,
Psammophis subtaeniatus,Stripe-belly sand racer,Squamata,Colubridae,Psammophis,5.8,,,,,,
Pseudaspis cana,Mole snake,Squamata,Colubridae,Pseudaspis,8.3,,,,,,
Ptyas mucosus,Indian rat snake,Squamata,Colubridae,Ptyas,11.3,,,,,,
Regina septemvittata,Queen snake,Squamata,Colubridae,Regina,19.3,,3.0,,,,
Rhamphiophis oxyrhynchus,Rufous beaked snake,Squamata,Colubridae,Rhamphiophis,13.3,,,,,,
Rhinocheilus lecontei,Western long-nosed snake,Squamata,Colubridae,Rhinocheilus,19.8,,,,,,
Salvadora hexalepis,Western patch-nosed snake,Squamata,Colubridae,Salvadora,14.3,,,,,,
Senticolis triaspis,Green rat snake,Squamata,Colubridae,Senticolis,19.8,,,,,,
Spalerosophis diadema,Diademed snake,Squamata,Colubridae,Spalerosophis,17.0,,1.4986301369863,,,,
Spilotes pullatus,Tropical rat snake,Squamata,Colubridae,Spilotes,17.5,,,,,,
Storeria dekayi,Brown snake,Squamata,Colubridae,Storeria,7.0,,2.0,,,,
Storeria occipitomaculata,Redbelly snake,Squamata,Colubridae,Storeria,4.6,,2.0,,,,
Telescopus semiannulatus,Eastern tiger snake,Squamata,Colubridae,Telescopus,7.6,,,,,,
Thamnophis butleri,Butler's garter snake,Squamata,Colubridae,Thamnophis,14.0,,2.0,,,,
Thamnophis couchii,Western aquatic garter snake,Squamata,Colubridae,Thamnophis,7.7,,,,,,
Thamnophis cyrtopsis,Eastern blackneck garter snake,Squamata,Colubridae,Thamnophis,10.8,,,,,,
Thamnophis elegans,Western terrestrial garter snake,Squamata,Colubridae,Thamnophis,20.0,,,,,,
Thamnophis marcianus,Checkered garter snake,Squamata,Colubridae,Thamnophis,7.0,,1.4986301369863,,,,
Thamnophis ordinoides,Northwestern garter snake,Squamata,Colubridae,Thamnophis,15.8,,,,,,
Thamnophis radix,Plains garter snake,Squamata,Colubridae,Thamnophis,8.4,,,,,,
Thamnophis sauritus,Eastern ribbon snake,Squamata,Colubridae,Thamnophis,10.6,,2.0,,,,
Thamnophis sirtalis,Common garter snake,Squamata,Colubridae,Thamnophis,14.0,150.0,2.0,0.273972602739726,,,
Trimorphodon biscutatus,Western lyresnake,Squamata,Colubridae,Trimorphodon,11.8,,,,,,
Uromacer oxyrhynchus,Pointed snake,Squamata,Colubridae,Uromacer,18.9,,,,,,
Virginia striatula,Rough earth snake,Squamata,Colubridae,Virginia,7.2,,1.74931506849315,,,,
Virginia valeriae,Smooth earth snake,Squamata,Colubridae,Virginia,9.5,,,,,,
Cordylus cataphractus,Armadillo girdled lizard,Squamata,Cordylidae,Cordylus,20.2,,,,,,
Cordylus cordylus,Rough-scaled girdled lizard,Squamata,Cordylidae,Cordylus,15.6,,,,,,
Cordylus giganteus,Giant spinytail lizard,Squamata,Cordylidae,Cordylus,24.9,,,,,,
Cordylus warreni,Warren's spinytail lizard,Squamata,Cordylidae,Cordylus,19.8,,,,,,
Gerrhosaurus major,Rough-scaled plated lizard,Squamata,Cordylidae,Gerrhosaurus,24.0,,,,,,
Gerrhosaurus validus,Giant plated lizard,Squamata,Cordylidae,Gerrhosaurus,17.2,,,,,,
Platysaurus guttatus,Lesser flat lizard,Squamata,Cordylidae,Platysaurus,15.6,,,,,,
Platysaurus imperator,Emperor flat lizard,Squamata,Cordylidae,Platysaurus,14.0,,,,,,
Basiliscus plumifrons,Green basilisk,Squamata,Corytophanidae,Basiliscus,13.0,,,,,,
Basiliscus vittatus,Brown basilisk,Squamata,Corytophanidae,Basiliscus,9.1,,,,,,
Corytophanes cristatus,Smooth helmeted iguana,Squamata,Corytophanidae,Corytophanes,7.1,,,,,,
Laemanctus longipes,Eastern casquehead iguana,Squamata,Corytophanidae,Laemanctus,15.4,,,,,,
Anolis bimaculatus,Panther anole,Squamata,Dactyloidae,Anolis,7.0,,,,,,
Anolis carolinensis,Green anole,Squamata,Dactyloidae,Anolis,7.2,,,,,,
Anolis cuvieri,Puerto Rican giant anole,Squamata,Dactyloidae,Anolis,9.2,,,,,,
Anolis equestris,Knight anole,Squamata,Dactyloidae,Anolis,16.5,,,,,,
Anolis roquet,Anole,Squamata,Dactyloidae,Anolis,6.7,,,,,,
Hoplodactylus duvaucelii,Giant gecko,Squamata,Diplodactylidae,Hoplodactylus,25.0,,,,,,
Naultinus elegans,Auckland green gecko,Squamata,Diplodactylidae,Naultinus,20.0,,,,,,
Naultinus gemmeus,Jewelled gecko,Squamata,Diplodactylidae,Naultinus,16.0,,,,,,
Naultinus grayii,Northland green gecko,Squamata,Diplodactylidae,Naultinus,16.0,,,,,,
Naultinus rudis,Rough scale gecko,Squamata,Diplodactylidae,Naultinus,13.0,,,,,,
Oedura marmorata,Marbled velvet gecko,Squamata,Diplodactylidae,Oedura,21.2,,,,,,
Rhacodactylus leachianus,New Caledonia giant gecko,Squamata,Diplodactylidae,Rhacodactylus,8.5,,,,,,
Acanthophis antarcticus,Common death adder,Squamata,Elapidae,Acanthophis,9.3,,,,,,
Aspidelaps lubricus,Coral snake,Squamata,Elapidae,Aspidelaps,9.0,,,,,,
Aspidelaps scutatus,Shieldnose cobra,Squamata,Elapidae,Aspidelaps,13.5,,,,,,
Bungarus caeruleus,Indian krait,Squamata,Elapidae,Bungarus,17.4,,,,,,
Bungarus fasciatus,Red-headed krait,Squamata,Elapidae,Bungarus,13.2,,,,,,
Bungarus multicinctus,Many-banded krait,Squamata,Elapidae,Bungarus,13.7,,,,,,
Dendroaspis angusticeps,Common mamba,Squamata,Elapidae,Dendroaspis,18.8,,,,,,
Dendroaspis jamesoni,Jameson's mamba,Squamata,Elapidae,Dendroaspis,13.1,,,,,,
Dendroaspis polylepis,Black mamba,Squamata,Elapidae,Dendroaspis,26.2,,,,,,
Dendroaspis viridis,Green mamba,Squamata,Elapidae,Dendroaspis,18.7,,,,,,
Elapsoidea sundevallii,Sundevall's garter sanke,Squamata,Elapidae,Elapsoidea,11.6,,,,,,
Hemachatus haemachatus,Ringneck spitting cobra,Squamata,Elapidae,Hemachatus,13.0,,,,,,
Micruroides euryxanthus,Western coral snake,Squamata,Elapidae,Micruroides,17.6,,,,,,
Micrurus fulvius,Eastern coral snake,Squamata,Elapidae,Micrurus,19.0,,,,,,
Naja atra,Indian/golden spitting cobra,Squamata,Elapidae,Naja,11.7,,,,,,
Naja haje,Egyptian cobra,Squamata,Elapidae,Naja,22.1,,,,,,
Naja kaouthia,Indian/monocled cobra,Squamata,Elapidae,Naja,25.4,,,,,,
Naja melanoleuca,Black and white-lipped cobra,Squamata,Elapidae,Naja,29.1,,,,,,
Naja mossambica,Mozambique spitting cobra,Squamata,Elapidae,Naja,16.7,,,,,,
Naja naja,Indian cobra,Squamata,Elapidae,Naja,32.3,,,,,,
Naja nigricollis,Blackneck spitting cobra,Squamata,Elapidae,Naja,23.2,,,,,,
Naja nivea,Cape cobra,Squamata,Elapidae,Naja,26.0,,,,,,
Naja pallida,Red spitting cobra,Squamata,Elapidae,Naja,20.2,,,,,,
Naja samarensis,Indian/southeastern philippine cobra,Squamata,Elapidae,Naja,11.4,,,,,,
Naja sputatrix,Indian/Indochinese spitting cobra,Squamata,Elapidae,Naja,13.5,,,,,,
Notechis scutatus,Mainland tigersnake,Squamata,Elapidae,Notechis,14.1,,,,,,
Ophiophagus hannah,King cobra,Squamata,Elapidae,Ophiophagus,22.5,,,,,,
Oxyuranus scutellatus,Taipan,Squamata,Elapidae,Oxyuranus,15.6,,,,,,
Pseudechis australis,King grown/brown snake,Squamata,Elapidae,Pseudechis,11.1,,,,,,
Pseudechis porphyriacus,Australian purplish death adder,Squamata,Elapidae,Pseudechis,11.6,,,,,,
Eryx colubrinus,Kenya sand-boa,Squamata,Erycidae,Eryx,20.7,,,,,,
Eryx conicus,Rough-scaled sand-boa,Squamata,Erycidae,Eryx,28.2,,,,,,
Eryx jaculus,Caucasian sand-boa,Squamata,Erycidae,Eryx,24.7,,,,,,
Eryx johnii,John's Indian sand-boa,Squamata,Erycidae,Eryx,24.4,,,,,,
Eryx tataricus,Tartar sand-boa,Squamata,Erycidae,Eryx,24.0,,,,,,
Coleonyx elegans,Mexican banded gecko,Squamata,Eublepharidae,Coleonyx,11.0,,,,,,
Coleonyx variegatus,Western banded gecko,Squamata,Eublepharidae,Coleonyx,15.2,,,,,,
Eublepharis macularius,Leopard gecko,Squamata,Eublepharidae,Eublepharis,28.5,,1.0958904109589,0.150684931506849,,,
Hemitheconyx caudicinctus,African fat-tailed gecko,Squamata,Eublepharidae,Hemitheconyx,16.2,,,,,,
Chondrodactylus angulifer,Namib sand gecko,Squamata,Gekkonidae,Chondrodactylus,10.8,,,,,,
Chondrodactylus bibronii,Bibron's gecko,Squamata,Gekkonidae,Chondrodactylus,6.1,,,,,,
Christinus marmoratus,Marbled gecko,Squamata,Gekkonidae,Christinus,12.8,,,,,,
Dactylocnemis pacificus,Pacific sticky-toed gecko,Squamata,Gekkonidae,Dactylocnemis,13.0,,,,,,
Gehyra oceanica,Oceanic dtella,Squamata,Gekkonidae,Gehyra,10.5,,,,,,
Gekko gecko,Tokay gecko,Squamata,Gekkonidae,Gekko,23.5,,,,,,
Hemidactylus frenatus,Common house gecko,Squamata,Gekkonidae,Hemidactylus,,,1.0,0.158904109589041,,,
Hemidactylus turcicus,Mediterranean house gecko,Squamata,Gekkonidae,Hemidactylus,8.4,,,,,,
Heteronotia binoei,Prickly gecko,Squamata,Gekkonidae,Heteronotia,13.6,,,,,,
Mokopirirakau granulatus,Forest gecko,Squamata,Gekkonidae,Mokopirirakau,21.0,,,,,,
Phelsuma astriata,Seychelles small day gecko,Squamata,Gekkonidae,Phelsuma,7.4,,,,,,
Phelsuma cepediana,Blue-tailed day gecko,Squamata,Gekkonidae,Phelsuma,9.3,,,,,,
Phelsuma guentheri,Round island day gecko,Squamata,Gekkonidae,Phelsuma,17.8,,,,,,
Phelsuma guimbeaui,Orange-spotted day gecko,Squamata,Gekkonidae,Phelsuma,7.1,,,,,,
Phelsuma laticauda,Broad-tailed day gecko,Squamata,Gekkonidae,Phelsuma,8.7,,,,,,
Phelsuma lineata,Striped day gecko,Squamata,Gekkonidae,Phelsuma,10.0,,,,,,
Phelsuma madagascariensis,Madagascar day gecko,Squamata,Gekkonidae,Phelsuma,13.6,,,,,,
Phelsuma standingi,Standing's day gecko,Squamata,Gekkonidae,Phelsuma,9.6,,,,,,
Phelsuma sundbergi,Seychelles giant day gecko,Squamata,Gekkonidae,Phelsuma,15.9,,,,,,
Woodworthia maculatus,Gray gecko,Squamata,Gekkonidae,Woodworthia,37.0,,,,,,
Heloderma horridum,Beaded lizard,Squamata,Helodermatidae,Heloderma,34.4,,,,,,
Heloderma suspectum,Gila monster,Squamata,Helodermatidae,Heloderma,28.9,,,,,,
Erpeton tentaculatum,East Indian tentacled snake,Squamata,Homalopsidae,Erpeton,13.6,,,,,,
Myrrophis chinensis,Chinese water snake,Squamata,Homalopsidae,Myrrophis,4.2,,,,,,
Amblyrhynchus cristatus,Marine iguana,Squamata,Iguanidae,Amblyrhynchus,6.4,,,,,,
Brachylophus fasciatus,Fiji banded iguana,Squamata,Iguanidae,Brachylophus,5.9,,,,,,
Conolophus pallidus,Santa Fe land iguana,Squamata,Iguanidae,Conolophus,17.1,,,,,,
Conolophus subcristatus,Galapagos land iguana,Squamata,Iguanidae,Conolophus,,,,,,,
Ctenosaura bakeri,Baker's spinytail iguana,Squamata,Iguanidae,Ctenosaura,13.8,,,,,,
Ctenosaura hemilopha,Cape spinytail iguana,Squamata,Iguanidae,Ctenosaura,9.6,,,,,,
Ctenosaura palearis,Honduran dwarf spiny-tailed iguana,Squamata,Iguanidae,Ctenosaura,10.2,,,,,,
Ctenosaura pectinata,Western spiny-tailed iguana,Squamata,Iguanidae,Ctenosaura,8.2,,,,,,
Ctenosaura similis,Black iguana,Squamata,Iguanidae,Ctenosaura,22.4,,,,,,
Cyclura cornuta,Rhinoceros iguana,Squamata,Iguanidae,Cyclura,22.9,,,,,,
Cyclura cychlura,Andros island iguana,Squamata,Iguanidae,Cyclura,23.4,,,,,,
Cyclura nubila,Cayman rock iguana,Squamata,Iguanidae,Cyclura,47.6,,,,,,
Cyclura rileyi,White cay ground iguana,Squamata,Iguanidae,Cyclura,,,,,,,
Dipsosaurus dorsalis,Desert iguana,Squamata,Iguanidae,Dipsosaurus,14.6,69.5,,,0.0441,69.5,305.5
Iguana iguana,Common green iguana,Squamata,Iguanidae,Iguana,19.8,,4.49315068493151,,,,
Sauromalus ater,Northern chuckwalla,Squamata,Iguanidae,Sauromalus,9.3,,,,,,
Sauromalus hispidus,Spiny chuckwalla,Squamata,Iguanidae,Sauromalus,17.2,,,,,,
Sauromalus varius,Piebald chuckwalla,Squamata,Iguanidae,Sauromalus,11.3,,,,,,
Sceloporus magister,Desert spiny lizard,Squamata,Iguanidae,Sceloporus,5.9,,,,,,
Sceloporus poinsettii,Crevice spiny lizard,Squamata,Iguanidae,Sceloporus,8.0,,,,,,
Sceloporus serrifer,Blue spiny lizard,Squamata,Iguanidae,Sceloporus,6.7,,,,,,
Sceloporus undulatus,Fence lizard,Squamata,Iguanidae,Sceloporus,,,3.0,,,,
Gallotia galloti,Gallot's Canary Island lizard,Squamata,Lacertidae,Gallotia,5.6,,,,,,
Gallotia simonyi,Simony's Canary Island lizard,Squamata,Lacertidae,Gallotia,5.4,,,,,,
Lacerta viridis,European green lizard,Squamata,Lacertidae,Lacerta,10.0,21.5,,,0.00337,15.7,293.83
Lacerta vivipara,Viviparous lizard,Squamata,Lacertidae,Lacerta,11.0,,1.5,,,,
Podarcis muralis,Common wall lizard,Squamata,Lacertidae,Podarcis,10.0,,,,,,
Teira dugesii,Madeira wall lizard,Squamata,Lacertidae,Teira,4.8,,,,,,
Timon lepidus,Jeweled lizard,Squamata,Lacertidae,Timon,17.0,,2.4986301369863,,,,
Leiocephalus carinatus,Northern curly-tailed lizard,Squamata,Leiocephalidae,Leiocephalus,10.8,,,,,,
Loxocemus bicolor,Mexican burrowing python,Squamata,Loxocemidae,Loxocemus,32.8,,,,,,
Oplurus cuvieri,Cuvier's Madagascar swift,Squamata,Opluridae,Oplurus,21.2,,,,,,
Oplurus cyclurus,Merrem's Madagascar swift,Squamata,Opluridae,Oplurus,9.3,,,,,,
Uma notata,Colorado desert fringe-toed lizard,Squamata,Phrynosomatidae,Uma,8.1,,,,,,
Ptyodactylus hasselquistii,Fan-footed gecko,Squamata,Phyllodactylidae,Ptyodactylus,10.9,,,,,,
Tarentola annularis,Ringed wall gecko,Squamata,Phyllodactylidae,Tarentola,11.8,,,,,,
Tarentola mauritanica,Common wall gecko,Squamata,Phyllodactylidae,Tarentola,14.0,,,,,,
Antaresia childreni,Children's python,Squamata,Pythonidae,Antaresia,25.7,,,,,,
Aspidites melanocephalus,Black-headed python,Squamata,Pythonidae,Aspidites,22.6,,,,,,
Bothrochilus boa,Bismarck ringed python,Squamata,Pythonidae,Bothrochilus,22.2,,,,,,
Leiopython albertisii,D'albert's python,Squamata,Pythonidae,Leiopython,18.0,,,,,,
Liasis fuscus,Brown water python,Squamata,Pythonidae,Liasis,26.8,,,,,,
Liasis mackloti,Macklot's python,Squamata,Pythonidae,Liasis,17.4,,,,,,
Morelia amethistina,Scrub python,Squamata,Pythonidae,Morelia,13.8,,,,,,
Morelia boeleni,Boelen's python,Squamata,Pythonidae,Morelia,20.1,,,,,,
Morelia spilota,Carpet python,Squamata,Pythonidae,Morelia,19.6,,,,,,
Morelia viridis,Green tree python,Squamata,Pythonidae,Morelia,20.6,,,,,,
Python curtus,Short-tailed python,Squamata,Pythonidae,Python,27.8,,,,,,
Python molurus,Indian python,Squamata,Pythonidae,Python,34.2,12370.0,3.0,0.273972602739726,1.2661,12370.0,303.0
Python regius,Ball python,Squamata,Pythonidae,Python,47.5,,5.0,0.210958904109589,,,
Python reticulatus,Reticulated python,Squamata,Pythonidae,Python,29.4,32000.0,,,2.7349,32000.0,297.5
Python sebae,African python,Squamata,Pythonidae,Python,27.3,,,,,,
Python timoriensis,Timor python,Squamata,Pythonidae,Python,20.5,,,,,,
Acrantophis dumerili,Dumeril's ground boa,Squamata,Sanziniidae,Acrantophis,26.0,,,,,,
Acrantophis madagascariensis,Madagascar boa,Squamata,Sanziniidae,Acrantophis,28.4,,,,,,
Sanzinia madagascariensis,Madagascar tree boa,Squamata,Sanziniidae,Sanzinia,21.8,,,,,,
Chalcides ocellatus,Palaearctic eyed skink,Squamata,Scincidae,Chalcides,14.0,,,,,,
Corucia zebrata,Solomon Island skink,Squamata,Scincidae,Corucia,24.3,,,,,,
Cyclodina macgregori,Mcgregor's skink,Squamata,Scincidae,Cyclodina,20.0,,,,,,
Egernia cunninghami,Cunningham's skink,Squamata,Scincidae,Egernia,26.5,,,,,,
Egernia hosmeri,Hosmer's skink,Squamata,Scincidae,Egernia,24.5,,,,,,
Egernia luctuosa,Mourning skink,Squamata,Scincidae,Egernia,18.2,,,,,,
Egernia major,Land mullet,Squamata,Scincidae,Egernia,10.8,,,,,,
Egernia stokesii,Gidgee skink,Squamata,Scincidae,Egernia,18.2,,,,,,
Eumeces algeriensis,Algerian skink,Squamata,Scincidae,Eumeces,22.8,,,,,,
Eumeces laticeps,Broadhead skink,Squamata,Scincidae,Eumeces,7.7,,,,,,
Eumeces obsoletus,Great Plains skink,Squamata,Scincidae,Eumeces,7.3,30.0,,,0.0206,30.0,300.5
Hemisphaeriodon gerrardii,Pink-tongued skink,Squamata,Scincidae,Hemisphaeriodon,12.9,,,,,,
Oligosoma grande,Grand skink,Squamata,Scincidae,Oligosoma,,,,,,,
Oligosoma otagense,Otago skink,Squamata,Scincidae,Oligosoma,44.0,,,,,,
Tiliqua gigas,Great moluccan skink,Squamata,Scincidae,Tiliqua,17.3,,,,,,
Tiliqua nigrolutea,Australian black and yellow skink,Squamata,Scincidae,Tiliqua,11.5,,,,,,
Tiliqua scincoides,Australian blue-tongued lizard,Squamata,Scincidae,Tiliqua,26.6,493.0,,,0.2127,493.0,303.0
Trachydosaurus rugosus,Shingleback skink,Squamata,Scincidae,Trachydosaurus,20.9,,,,,,
Gonatodes albogularis,Yellowhead gecko,Squamata,Sphaerodactylidae,Gonatodes,5.6,,,,,,
Teratoscincus scincus,Common wonder gecko,Squamata,Sphaerodactylidae,Teratoscincus,12.6,,,,,,
Ameiva ameiva,Giant ameiva,Squamata,Teiidae,Ameiva,4.6,,,,,,
Cnemidophorus sexlineatus,Six-lined racerunner,Squamata,Teiidae,Cnemidophorus,6.0,,,,,,
Cnemidophorus tigris,Western whiptail,Squamata,Teiidae,Cnemidophorus,7.8,18.0,,,0.017,18.0,304.25
Dracaena guianensis,Guyana caiman lizard,Squamata,Teiidae,Dracaena,9.3,,,,,,
Tupinambis rufescens,Red tegu,Squamata,Teiidae,Tupinambis,10.8,,,,,,
Tupinambis teguixin,Columbian tegu,Squamata,Teiidae,Tupinambis,16.1,,,,,,
Tropidophis canus,Dwarf boa,Squamata,Tropidophiidae,Tropidophis,16.1,,,,,,
Tropidophis caymanensis,Cayman islands dwarf boa,Squamata,Tropidophiidae,Tropidophis,25.9,,,,,,
Tropidophis haetianus,Haitian dwarf boa,Squamata,Tropidophiidae,Tropidophis,15.3,,,,,,
Varanus bengalensis,Bengal monitor,Squamata,Varanidae,Varanus,11.2,,,,,,
Varanus dumerilii,Dumeril's monitor,Squamata,Varanidae,Varanus,10.7,,,,,,
Varanus exanthematicus,Bosc's monitor and Savannah monitor,Squamata,Varanidae,Varanus,12.7,35500.0,,,,,
Varanus giganteus,Perentie,Squamata,Varanidae,Varanus,19.7,,,,,,
Varanus gouldii,Sand monitor,Squamata,Varanidae,Varanus,18.3,,,,,,
Varanus griseus,Desert monitor,Squamata,Varanidae,Varanus,17.0,,,,,,
Varanus indicus,Indian monitor lizard and Indian monitor,Squamata,Varanidae,Varanus,17.4,,,,,,
Varanus komodoensis,Komodo dragon,Squamata,Varanidae,Varanus,62.0,87000.0,5.0,0.134246575342466,,,
Varanus mertensi,Merten's water monitor,Squamata,Varanidae,Varanus,20.3,,,,,,
Varanus niloticus,Nile monitor,Squamata,Varanidae,Varanus,14.6,,,,,,
Varanus olivaceus,Gray's monitor lizard,Squamata,Varanidae,Varanus,15.2,,,,,,
Varanus prasinus,New Guinea green tree monitor,Squamata,Varanidae,Varanus,14.2,,,,,,
Varanus salvator,Common water monitor,Squamata,Varanidae,Varanus,15.7,,,,,,
Varanus timorensis,Spotted tree monitor,Squamata,Varanidae,Varanus,14.9,,,,,,
Varanus varius,Lace monitor,Squamata,Varanidae,Varanus,14.7,,,,,,
Agkistrodon bilineatus,Cantil,Squamata,Viperidae,Agkistrodon,24.3,,,,,,
Agkistrodon contortrix,Northern copperhead,Squamata,Viperidae,Agkistrodon,29.8,,2.0,,,,
Agkistrodon piscivorus,Water moccasin,Squamata,Viperidae,Agkistrodon,24.5,,3.0,,,,
Atropoides nummifer,Jumping pit viper,Squamata,Viperidae,Atropoides,19.0,,,,,,
Atropoides picadoi,Picado's pit viper,Squamata,Viperidae,Atropoides,13.0,,,,,,
Bitis arietans,Puff adder,Squamata,Viperidae,Bitis,15.8,,,,,,
Bitis gabonica,Gaboon viper,Squamata,Viperidae,Bitis,18.0,,,,,,
Bitis nasicornis,Rhinoceros viper,Squamata,Viperidae,Bitis,9.4,,,,,,
Bothriechis aurifer,Yellos-spotted palm pit viper,Squamata,Viperidae,Bothriechis,13.7,,,,,,
Bothriechis lateralis,Side-striped palm pit viper,Squamata,Viperidae,Bothriechis,12.5,,,,,,
Bothriechis rowleyi,Rowley's palm pit viper,Squamata,Viperidae,Bothriechis,12.8,,,,,,
Bothriechis schlegelii,Eyelash palm pit viper,Squamata,Viperidae,Bothriechis,19.5,,,,,,
Bothrops alternatus,Urutu,Squamata,Viperidae,Bothrops,15.2,,,,,,
Bothrops asper,Fer-de-lance,Squamata,Viperidae,Bothrops,20.4,,,,,,
Bothrops atrox,Common lancehead,Squamata,Viperidae,Bothrops,8.5,,,,,,
Bothrops caribbaeus,Saint Lucia lancehead,Squamata,Viperidae,Bothrops,14.4,,,,,,
Bothrops jararaca,Jararaca,Squamata,Viperidae,Bothrops,,,,,,,
Bothrops lanceolatus,Martinique lancehead,Squamata,Viperidae,Bothrops,13.0,,,,,,
Bothrops neuwiedi,Yara,Squamata,Viperidae,Bothrops,15.1,,,,,,
Causus rhombeatus,Cape viper,Squamata,Viperidae,Causus,6.6,,,,,,
Cerastes cerastes,Horned viper,Squamata,Viperidae,Cerastes,18.0,,,,,,
Cerrophidion godmani,Godman's montane pit viper,Squamata,Viperidae,Cerrophidion,15.8,,,,,,
Crotalus adamanteus,Eastern diamondback rattlesnake,Squamata,Viperidae,Crotalus,22.8,,,,,,
Crotalus atrox,Western diamond-backed rattlesnake,Squamata,Viperidae,Crotalus,27.0,,3.0,,,,
Crotalus basiliscus,Mexican West-Coast rattlesnake,Squamata,Viperidae,Crotalus,16.0,,,,,,
Crotalus catalinensis,Saint Catalina rattlesnake,Squamata,Viperidae,Crotalus,11.8,,,,,,
Crotalus cerastes,Sidewinder,Squamata,Viperidae,Crotalus,27.3,,,,,,
Crotalus durissus,Neotropical rattlesnake,Squamata,Viperidae,Crotalus,19.8,1150.0,3.0,0.328767123287671,,,
Crotalus enyo,Baja California rattlesnake,Squamata,Viperidae,Crotalus,17.1,,,,,,
Crotalus horridus,Timber rattlesnake,Squamata,Viperidae,Crotalus,30.2,,6.0,0.36986301369863,,,
Crotalus lepidus,New Mexico banded rock rattlesnake,Squamata,Viperidae,Crotalus,33.6,,,,,,
Crotalus mitchelli,Southwestern speckled rattlesnake,Squamata,Viperidae,Crotalus,22.0,,,,,,
Crotalus molossus,Northern black-tailed rattlesnake,Squamata,Viperidae,Crotalus,20.7,,,,,,
Crotalus pricei,Twin-spotted rattlesnake,Squamata,Viperidae,Crotalus,15.7,,,,,,
Crotalus ruber,Red diamond rattlesnake,Squamata,Viperidae,Crotalus,19.2,,,,,,
Crotalus scutulatus,Mojave rattlesnake,Squamata,Viperidae,Crotalus,14.4,,,,,,
Crotalus tigris,Tiger rattlesnake,Squamata,Viperidae,Crotalus,15.3,,,,,,
Crotalus tortugensis,Tortuga Island rattlesnake,Squamata,Viperidae,Crotalus,18.3,,,,,,
Crotalus vegrandis,Uracoan rattlesnake,Squamata,Viperidae,Crotalus,19.8,,,,,,
Crotalus viridis,Southern Pacific rattlesnake,Squamata,Viperidae,Crotalus,24.1,,,,,,
Crotalus willardi,Arizona ridge-nosed rattlesnake,Squamata,Viperidae,Crotalus,21.3,,,,,,
Daboia russelii,Russell's viper,Squamata,Viperidae,Daboia,15.0,,,,,,
Echis carinatus,Saw-scaled viper,Squamata,Viperidae,Echis,23.8,,,,,,
Echis coloratus,Palestine saw-scaled viper,Squamata,Viperidae,Echis,28.3,,,,,,
Eristicophis macmahonii,Mcmahon's viper,Squamata,Viperidae,Eristicophis,14.6,,,,,,
Gloydius blomhoffii,Japanese mamushi,Squamata,Viperidae,Gloydius,13.8,,,,,,
Lachesis muta,Bushmaster,Squamata,Viperidae,Lachesis,31.6,,4.0,0.210958904109589,,,
Macrovipera lebetina,Bluntnose viper,Squamata,Viperidae,Macrovipera,13.3,,,,,,
Ophryacus melanurus,Black-tailed montane pit viper,Squamata,Viperidae,Ophryacus,17.1,,,,,,
Ophryacus undulatus,Mexican horned pit viper,Squamata,Viperidae,Ophryacus,14.9,,,,,,
Ovophis okinavensis,Okinawan habu,Squamata,Viperidae,Ovophis,19.0,,,,,,
Pseudocerastes persicus,Persian horned viper,Squamata,Viperidae,Pseudocerastes,17.1,,,,,,
Sistrurus catenatus,Massasauga,Squamata,Viperidae,Sistrurus,20.0,,3.01369863013699,,,,
Sistrurus miliarius,Pigmy rattlesnake,Squamata,Viperidae,Sistrurus,16.1,,,,,,
Sistrurus ravus,Pygmy rattlesnake,Squamata,Viperidae,Sistrurus,14.8,,,,,,
Trimeresurus albolabris,White-lipped tree viper,Squamata,Viperidae,Trimeresurus,11.4,,,,,,
Trimeresurus flavoviridis,Yellow-spotted pit viper,Squamata,Viperidae,Trimeresurus,24.9,,,,,,
Trimeresurus gramineus,Indian green tree viper,Squamata,Viperidae,Trimeresurus,8.4,,,,,,
Trimeresurus popeorum,Pope's pit viper,Squamata,Viperidae,Trimeresurus,14.0,,,,,,
Trimeresurus stejnegeri,Stejneger's pit viper,Squamata,Viperidae,Trimeresurus,,,,,,,
Vipera ammodytes,Long-nosed viper,Squamata,Viperidae,Vipera,22.0,,,,,,
Vipera aspis,Asp viper,Squamata,Viperidae,Vipera,25.0,,4.0,,,,
Vipera berus,Northern palaearctic viper,Squamata,Viperidae,Vipera,19.0,,,,,,
Vipera latastei,Lataste's viper,Squamata,Viperidae,Vipera,9.7,,,,,,
Vipera raddei,Armenian viper,Squamata,Viperidae,Vipera,10.7,,,,,,
Vipera xanthina,Palestine viper,Squamata,Viperidae,Vipera,16.4,,,,,,
Lepidophyma flavimaculatum,Yellow-spotted night lizard,Squamata,Xantusiidae,Lepidophyma,11.0,,,,,,
Xantusia henshawi,Granite night lizard,Squamata,Xantusiidae,Xantusia,14.3,,,,,,
Xantusia riversiana,Island night lizard,Squamata,Xantusiidae,Xantusia,13.9,,,,,,
Xantusia vigilis,Desert night lizard,Squamata,Xantusiidae,Xantusia,10.9,,,,,,
Xenopeltis unicolor,Sunbeam snake,Squamata,Xenopeltidae,Xenopeltis,12.1,,,,,,
Dispholidus typus,Boomslang,Squamata,Xenophidia,Dispholidus,8.7,,,,,,
Carettochelys insculpta,Pignose turtle,Testudines,Carettochelyidae,Carettochelys,38.4,,,,,,
Chelodina longicollis,Common snake-necked turtle,Testudines,Chelidae,Chelodina,37.0,,,,,,
Chelodina oblonga,Oblong snakeneck turtle,Testudines,Chelidae,Chelodina,,,,,,,
Chelus fimbriatus,Mata mata,Testudines,Chelidae,Chelus,35.8,,,,,,
Elseya dentata,Northern Australian snapping turtle,Testudines,Chelidae,Elseya,21.8,,,,,,
Emydura krefftii,Krefft's river turtle,Testudines,Chelidae,Emydura,15.8,,,,,,
Emydura macquarii,Macquarie turtle,Testudines,Chelidae,Emydura,20.9,,,,,,
Mesoclemmys dahli,Dahl's toad-headed turtle,Testudines,Chelidae,Mesoclemmys,27.4,,,,,,
Myuchelys latisternum,Serrated snapping turtle,Testudines,Chelidae,Myuchelys,26.5,,,,,,
Phrynops geoffroanus,Geoffrey's sideneck turtle,Testudines,Chelidae,Phrynops,37.5,,,,,,
Phrynops hilarii,Hilaire's side-necked turtle,Testudines,Chelidae,Phrynops,37.4,,,,,,
Platemys platycephala,Twistneck turtle,Testudines,Chelidae,Platemys,20.0,,,,,,
Caretta caretta,Loggerhead sea turtle,Testudines,Cheloniidae,Caretta,37.0,156500.0,10.0,0.164383561643836,,,
Chelonia mydas,Green sea turtle,Testudines,Cheloniidae,Chelonia,75.0,160000.0,10.0,0.161643835616438,,,
Eretmochelys imbricata,Hawksbill,Testudines,Cheloniidae,Eretmochelys,,,3.4986301369863,,,,
Lepidochelys kempii,Atlantic ridley,Testudines,Cheloniidae,Lepidochelys,,40500.0,6.0,0.164383561643836,,,
Chelydra serpentina,Common snapping turtle,Testudines,Chelydridae,Chelydra,47.0,10250.0,8.12465753424657,,,,
Macrochelys temminckii,Alligator snapping turtle,Testudines,Chelydridae,Macrochelys,70.3,58500.0,11.0,0.328767123287671,,,
Dermatemys mawii,Central american river turtle,Testudines,Dermatemydidae,Dermatemys,11.3,,,,,,
Dermochelys coriacea,Leatherback sea turtle,Testudines,Dermochelyidae,Dermochelys,30.0,420000.0,,0.164383561643836,,,
Actinemys marmorata,Southwestern pond turtle,Testudines,Emydidae,Actinemys,27.3,,,,,,
Chrysemys picta,Painted turtle,Testudines,Emydidae,Chrysemys,61.0,371.8,6.01643835616438,,0.0236,400.0,289.5
Clemmys guttata,Spotted turtle,Testudines,Emydidae,Clemmys,30.0,,8.0,0.210958904109589,,,
Deirochelys reticularia,Chicken turtle,Testudines,Emydidae,Deirochelys,24.0,,3.74931506849315,,,,
Emydoidea blandingii,Blanding's turtle,Testudines,Emydidae,Emydoidea,77.0,,14.9041095890411,,,,
Emys orbicularis,European pond turtle,Testudines,Emydidae,Emys,120.0,,,,,,
Glyptemys insculpta,Wood turtle,Testudines,Emydidae,Glyptemys,60.0,,16.0,,,,
Glyptemys muhlenbergii,Bog turtle,Testudines,Emydidae,Glyptemys,40.0,,7.94520547945205,0.246575342465753,,,
Graptemys barbouri,Barbour's map turtle,Testudines,Emydidae,Graptemys,31.7,,,,,,
Graptemys caglei,Cagle's map turtle,Testudines,Emydidae,Graptemys,14.5,,,,,,
Graptemys geographica,Common map turtle,Testudines,Emydidae,Graptemys,,,14.0,,,,
Graptemys nigrinoda,Black-knobbed map turtle,Testudines,Emydidae,Graptemys,20.3,,,,,,
Graptemys oculifera,Ringed map turtle,Testudines,Emydidae,Graptemys,20.3,,,,,,
Graptemys pseudogeographica,Mississippi map turtle,Testudines,Emydidae,Graptemys,35.4,,,,,,
Graptemys pulchra,Alabama map turtle,Testudines,Emydidae,Graptemys,15.7,,,,,,
Malaclemys terrapin,Diamondback terrapin,Testudines,Emydidae,Malaclemys,,720.0,4.24657534246575,0.23013698630137,0.140702,720.0,297.15
Pseudemys concinna,River cooter,Testudines,Emydidae,Pseudemys,44.0,,4.74931506849315,,,,
Pseudemys nelsoni,Florida red-bellied turtle,Testudines,Emydidae,Pseudemys,26.1,,,,,,
Pseudemys rubriventris,Northern red-bellied cooter,Testudines,Emydidae,Pseudemys,,,9.0,,,,
Terrapene carolina,Eastern box turtle,Testudines,Emydidae,Terrapene,138.0,,6.0,,,,
Terrapene coahuila,Coahuilan box turtle,Testudines,Emydidae,Terrapene,18.8,,,,,,
Terrapene nelsoni,Spotted box turtle,Testudines,Emydidae,Terrapene,24.9,,,,,,
Terrapene ornata,Ornate box turtle,Testudines,Emydidae,Terrapene,28.4,,8.0,0.172602739726027,,,
Trachemys decorata,Hispaniolan slider,Testudines,Emydidae,Trachemys,,,,,,,
Trachemys scripta,Common slider,Testudines,Emydidae,Trachemys,41.3,240.0,6.0,0.205479452054795,0.1157,240.0,297.0
Batagur baska,Indian batagur terrapin,Testudines,Geoemydidae,Batagur,21.7,,,,,,
Cuora amboinensis,Southeast Asian box turtle,Testudines,Geoemydidae,Cuora,38.2,,,,,,
Cuora flavomarginata,Yellow-margined box turtle,Testudines,Geoemydidae,Cuora,19.1,,,,,,
Cuora trifasciata,Chinese three-striped box turtle,Testudines,Geoemydidae,Cuora,31.8,,,,,,
Cyclemys dentata,Asian leaf turtle,Testudines,Geoemydidae,Cyclemys,14.7,,,,,,
Geoclemys hamiltonii,Indian black pond turtle,Testudines,Geoemydidae,Geoclemys,19.2,,,,,,
Hardella thurjii,Crowned river turtle,Testudines,Geoemydidae,Hardella,18.0,,,,,,
Heosemys annandalii,Yellow-headed temple turtle,Testudines,Geoemydidae,Heosemys,9.3,,,,,,
Heosemys grandis,Giant asian pond turtle,Testudines,Geoemydidae,Heosemys,29.6,,,,,,
Heosemys spinosa,Spiny turtle,Testudines,Geoemydidae,Heosemys,22.9,,,,,,
Malayemys subtrijuga,Malayan snail-eating turtle,Testudines,Geoemydidae,Malayemys,14.2,,,,,,
Mauremys annamensis,Annam leaf turtle,Testudines,Geoemydidae,Mauremys,23.9,,,,,,
Mauremys caspica,Caspian turtle,Testudines,Geoemydidae,Mauremys,17.6,,,,,,
Mauremys japonica,Japanese pond turtle,Testudines,Geoemydidae,Mauremys,16.2,,,,,,
Mauremys leprosa,Spanish pond turtle,Testudines,Geoemydidae,Mauremys,24.5,,,,,,
Mauremys mutica,Yellow pond turtle,Testudines,Geoemydidae,Mauremys,22.1,,,,,,
Mauremys nigricans,Red-necked pond turtle,Testudines,Geoemydidae,Mauremys,18.0,,,,,,
Mauremys reevesii,Reeves' turtle,Testudines,Geoemydidae,Mauremys,24.2,,,,,,
Mauremys sinensis,Chinese stripe-necked turtle,Testudines,Geoemydidae,Mauremys,22.8,,,,,,
Melanochelys trijuga,Indian black turtle,Testudines,Geoemydidae,Melanochelys,40.0,,,,,,
Notochelys platynota,Malayan flat-shelled turtle,Testudines,Geoemydidae,Notochelys,18.8,,,,,,
Pangshura smithii,Brown roofed turtle,Testudines,Geoemydidae,Pangshura,13.8,,,,,,
Pangshura tecta,Indian roofed turtle,Testudines,Geoemydidae,Pangshura,11.0,,,,,,
Rhinoclemmys areolata,Furrowed wood turtle,Testudines,Geoemydidae,Rhinoclemmys,19.3,,,,,,
Rhinoclemmys pulcherrima,Painted wood turtle,Testudines,Geoemydidae,Rhinoclemmys,20.4,,,,,,
Rhinoclemmys rubida,Mexican spotted wood turtle,Testudines,Geoemydidae,Rhinoclemmys,11.8,,,,,,
Sacalia bealei,Beal's eyed turtle,Testudines,Geoemydidae,Sacalia,27.3,,,,,,
Siebenrockiella crassicollis,Thick-necked turtle,Testudines,Geoemydidae,Siebenrockiella,16.7,,,,,,
Claudius angustatus,Narrow-bridged musk turtle,Testudines,Kinosternidae,Claudius,16.1,,,,,,
Kinosternon baurii,Striped mud turtle,Testudines,Kinosternidae,Kinosternon,49.6,,2.13698630136986,,,,
Kinosternon herrerai,Herrera's mud turtle,Testudines,Kinosternidae,Kinosternon,19.5,,,,,,
Kinosternon integrum,Mexican mud turtle,Testudines,Kinosternidae,Kinosternon,18.5,,,,,,
Kinosternon leucostomum,White-lipped mud turtle,Testudines,Kinosternidae,Kinosternon,19.2,,,,,,
Kinosternon scorpioides,Scorpion mud turtle,Testudines,Kinosternidae,Kinosternon,44.7,,,,,,
Kinosternon sonoriense,Sonoran mud turtle,Testudines,Kinosternidae,Kinosternon,36.5,,,,,,
Kinosternon subrubrum,Common mud turtle,Testudines,Kinosternidae,Kinosternon,40.0,,4.5,0.208219178082192,,,
Staurotypus salvinii,Pacific Coast giant musk turtle,Testudines,Kinosternidae,Staurotypus,26.3,,,,,,
Staurotypus triporcatus,Mexican giant musk turtle,Testudines,Kinosternidae,Staurotypus,33.5,,,,,,
Sternotherus carinatus,Keel-backed musk turtle,Testudines,Kinosternidae,Sternotherus,29.3,,,,,,
Sternotherus minor,Loggerhead musk turtle,Testudines,Kinosternidae,Sternotherus,23.9,,6.0,,,,
Sternotherus odoratus,Stinkpot,Testudines,Kinosternidae,Sternotherus,54.8,,3.4986301369863,,,,
Pelomedusa subrufa,Helmeted turtle,Testudines,Pelomedusidae,Pelomedusa,20.1,,,,,,
Pelusios castaneus,West African mud turtle,Testudines,Pelomedusidae,Pelusios,41.0,,,,,,
Pelusios subniger,East African black mud turtle,Testudines,Pelomedusidae,Pelusios,47.0,,,,,,
Platysternon megacephalum,Big-headed turtle,Testudines,Platysternidae,Platysternon,27.0,,,,,,
Podocnemis erythrocephala,Red-headed Amazon side-neck turtle,Testudines,Podocnemididae,Podocnemis,18.0,,,,,,
Podocnemis expansa,South American river turtle,Testudines,Podocnemididae,Podocnemis,25.3,,,,,,
Podocnemis unifilis,Yellow-spotted river turtle,Testudines,Podocnemididae,Podocnemis,,4500.0,,0.164383561643836,,,
Aldabrachelys gigantea,Aldabra tortoise,Testudines,Testudinidae,Aldabrachelys,152.0,,,,,,
Astrochelys radiata,Radiated tortoise,Testudines,Testudinidae,Astrochelys,32.8,,,,,,
Centrochelys sulcata,African spurred tortoise,Testudines,Testudinidae,Centrochelys,54.3,43000.0,,,,,
Chelonoidis carbonaria,Red-footed tortoise,Testudines,Testudinidae,Chelonoidis,49.0,,,,,,
Chelonoidis denticulata,Yellow-footed tortoise,Testudines,Testudinidae,Chelonoidis,35.2,,,,,,
Chelonoidis nigra,Galapagos tortoise,Testudines,Testudinidae,Chelonoidis,177.0,,,,,,
Geochelone elegans,Indian star tortoise,Testudines,Testudinidae,Geochelone,24.3,,,,,,
Gopherus agassizii,Desert tortoise,Testudines,Testudinidae,Gopherus,62.8,,15.0684931506849,0.323287671232877,,,
Gopherus berlandieri,Berlandier's tortoise,Testudines,Testudinidae,Gopherus,30.7,,,,,,
Gopherus polyphemus,Gopher tortoise,Testudines,Testudinidae,Gopherus,,5500.0,10.0,0.246575342465753,0.579,5500.0,300.0
Homopus areolatus,Parrot-beaked tortoise,Testudines,Testudinidae,Homopus,28.6,,,,,,
Indotestudo elongata,Elongated tortoise,Testudines,Testudinidae,Indotestudo,,,,,,,
Indotestudo forstenii,Travancore tortoise,Testudines,Testudinidae,Indotestudo,32.9,,,,,,
Kinixys belliana,Hingeback tortoise,Testudines,Testudinidae,Kinixys,26.5,,,,,,
Kinixys erosa,Serrated forest hingeback tortoise,Testudines,Testudinidae,Kinixys,24.8,,,,,,
Malacochersus tornieri,Pancake tortoise,Testudines,Testudinidae,Malacochersus,25.9,,,,,,
Manouria emys,East Indian upland tortoise,Testudines,Testudinidae,Manouria,19.9,,,,,,
Stigmochelys pardalis,Leopard tortoise,Testudines,Testudinidae,Stigmochelys,30.0,,,,,,
Testudo graeca,Mediterranean spur-thighed tortoise,Testudines,Testudinidae,Testudo,127.0,,12.4931506849315,,,,
Testudo hermanni,Hermann's tortoise,Testudines,Testudinidae,Testudo,,,12.4931506849315,,,,
Testudo kleinmanni,Egyptian tortoise,Testudines,Testudinidae,Testudo,21.0,,,,,,
Testudo marginata,Marginated tortoise,Testudines,Testudinidae,Testudo,21.2,,,,,,
Apalone ferox,Florida softshell turtle,Testudines,Trionychidae,Apalone,26.2,,,,,,
Apalone mutica,Smooth softshell turtle,Testudines,Trionychidae,Apalone,,,6.5,,,,
Apalone spinifera,Spiny softshell turtle,Testudines,Trionychidae,Apalone,25.2,,9.0,,,,
Lissemys punctata,Indian flapshell turtle,Testudines,Trionychidae,Lissemys,17.8,,,,,,
Palea steindachneri,Wattle-necked softshell turtle,Testudines,Trionychidae,Palea,41.0,,,,,,
Trionyx triunguis,African softshell turtle,Testudines,Trionychidae,Trionyx,50.6,,,,,,
Anguilla anguilla,European eel,Anguilliformes,Anguillidae,Anguilla,88.0,3629.45,11.7493150684931,,,,
Anguilla australis,Shortfin eel,Anguilliformes,Anguillidae,Anguilla,32.0,4100.0,,,,,
Anguilla bicolor,Indonesian shortfin eel,Anguilliformes,Anguillidae,Anguilla,20.0,,,,,,
Anguilla dieffenbachii,New Zealand longfin eel,Anguilliformes,Anguillidae,Anguilla,60.0,13000.0,,,,,
Anguilla marmorata,Marbled eel,Anguilliformes,Anguillidae,Anguilla,40.0,11275.0,,,,,
Anguilla mossambica,African longfin eel,Anguilliformes,Anguillidae,Anguilla,20.0,412.5,,,,,
Anguilla nebulosa,Long-finned eel,Anguilliformes,Anguillidae,Anguilla,15.0,11000.0,,,,,
Anguilla reinhardtii,Speckled longfin eel,Anguilliformes,Anguillidae,Anguilla,41.0,8965.0,15.0,,,,
Anguilla rostrata,American eel,Anguilliformes,Anguillidae,Anguilla,50.0,4031.5,4.4986301369863,,,,
Atherina presbyter,Sand smelt,Atheriniformes,Atherinidae,Atherina,4.0,,,,,,
Atherinops affinis,Topsmelt,Atheriniformes,Atherinopsidae,Atherinops,9.0,,,,,,
Atherinopsis californiensis,Jacksmelt,Atheriniformes,Atherinopsidae,Atherinopsis,11.0,,,,,,
Labidesthes sicculus,Brook silverside,Atheriniformes,Atherinopsidae,Labidesthes,2.0,,0.328767123287671,,,,
Leuresthes tenuis,California grunion,Atheriniformes,Atherinopsidae,Leuresthes,8.0,,,,,,
Menidia beryllina,Inland silverside,Atheriniformes,Atherinopsidae,Menidia,2.0,,,,,,
Menidia extensa,Waccamaw silverside,Atheriniformes,Atherinopsidae,Menidia,3.0,,,,,,
Menidia menidia,Atlantic silverside,Atheriniformes,Atherinopsidae,Menidia,2.0,,,,,,
Trachinocephalus myops,Snakefish,Aulopiformes,Synodontidae,Trachinocephalus,7.0,,2.0,,,,
Oryzias latipes,Japanese medaka,Beloniformes,Adrianichthyidae,Oryzias,5.0,,,0.0273972602739726,,,
Hyporhamphus melanochir,Dusky sea garfish,Beloniformes,Hemiramphidae,Hyporhamphus,10.0,330.0,2.4986301369863,,,,
Cololabis saira,Pacific saury,Beloniformes,Scomberesocidae,Cololabis,2.0,,,,,,
Beryx splendens,Alfonsino,Beryciformes,Berycidae,Beryx,23.0,,6.6986301369863,,,,
Hoplostethus atlanticus,Orange roughy,Beryciformes,Trachichthyidae,Hoplostethus,149.0,3850.0,18.7068493150685,,,,
Hoplostethus mediterraneus,Mediterranean redfish,Beryciformes,Trachichthyidae,Hoplostethus,,,,,,,
Brycinus imberi,Spot-tail,Characiformes,Alestiidae,Brycinus,5.0,165.0,,,,,
Brycinus macrolepidotus,Silversides,Characiformes,Alestiidae,Brycinus,5.0,1100.0,,,,,
Hydrocynus vittatus,Tiger fish,Characiformes,Alestiidae,Hydrocynus,8.0,15400.0,,,,,
Micralestes acutidens,Sharptooth tetra,Characiformes,Alestiidae,Micralestes,3.0,1.1,,,,,
Astyanax bimaculatus,Twospot astyanax,Characiformes,Characidae,Astyanax,18.0,,,,,,
Piaractus brachypomus,Pirapitinga,Characiformes,Characidae,Piaractus,28.0,13750.0,,,,,
Distichodus niloticus,Nile distichodus,Characiformes,Citharinidae,Distichodus,7.5,3410.0,,,,,
Hepsetus odoe,Pike characid,Characiformes,Hepsetidae,Hepsetus,5.0,2200.0,,,,,
Alosa aestivalis,Blueback shad,Clupeiformes,Clupeidae,Alosa,8.0,110.0,3.74931506849315,,,,
Alosa agone,Twaite shad,Clupeiformes,Clupeidae,Alosa,25.0,825.0,,,,,
Alosa alabamae,Alabama shad,Clupeiformes,Clupeidae,Alosa,4.0,,,,,,
Alosa alosa,Alice shad,Clupeiformes,Clupeidae,Alosa,10.0,2200.0,3.9986301369863,,,,
Alosa caspia,Caspian shad,Clupeiformes,Clupeidae,Alosa,7.0,65.0,,,,,
Alosa chrysochloris,Blue herring,Clupeiformes,Clupeidae,Alosa,4.0,935.0,,,,,
Alosa macedonica,Macedonia shad,Clupeiformes,Clupeidae,Alosa,10.0,330.0,,,,,
Alosa maeotica,Black sea shad,Clupeiformes,Clupeidae,Alosa,6.0,,,,,,
Alosa pontica,Pontic shad,Clupeiformes,Clupeidae,Alosa,7.0,,2.0,,,,
Alosa pseudoharengus,Alewife,Clupeiformes,Clupeidae,Alosa,8.0,110.0,3.9986301369863,,,,
Alosa sapidissima,American shad,Clupeiformes,Clupeidae,Alosa,13.0,3025.0,4.44794520547945,,,,
Amblygaster sirm,Spotted sardinella,Clupeiformes,Clupeidae,Amblygaster,8.0,,0.904109589041096,,,,
Clupea harengus,Atlantic herring,Clupeiformes,Clupeidae,Clupea,22.0,,3.0,,,,
Clupea pallasii,Pacific herring,Clupeiformes,Clupeidae,Clupea,19.0,,,,,,
Clupeonella cultriventris,Black sea sprat,Clupeiformes,Clupeidae,Clupeonella,5.0,,2.4986301369863,,,,
Dorosoma cepedianum,American gizzard shad,Clupeiformes,Clupeidae,Dorosoma,6.0,1089.0,2.0,,,,
Dorosoma petenense,Threadfin shad,Clupeiformes,Clupeidae,Dorosoma,4.0,,2.0,,,,
Escualosa thoracata,White sardine,Clupeiformes,Clupeidae,Escualosa,,,,,,,
Gilchristella aestuaria,Gilchrist's round herring,Clupeiformes,Clupeidae,Gilchristella,6.0,,,,,,
Harengula jaguana,Scaled herring,Clupeiformes,Clupeidae,Harengula,3.0,,1.0,,,,
Potamalosa richmondia,Australian freshwater herring,Clupeiformes,Clupeidae,Potamalosa,11.0,,,,,,
Sardina pilchardus,True sardine,Clupeiformes,Clupeidae,Sardina,15.0,,2.0,,,,
Sardinella aurita,Round sardinella,Clupeiformes,Clupeidae,Sardinella,7.0,125.95,1.0,,,,
Sardinella gibbosa,Goldstripe sardinella,Clupeiformes,Clupeidae,Sardinella,7.0,,,,,,
Sardinella longiceps,Indian oil sardine,Clupeiformes,Clupeidae,Sardinella,4.0,110.0,1.98493150684931,,,,
Sardinops sagax,Pacific sardine,Clupeiformes,Clupeidae,Sardinops,25.0,267.3,2.24931506849315,,,,
Sprattus sprattus,European sprat,Clupeiformes,Clupeidae,Sprattus,6.0,,2.0,,,,
Tenualosa toli,Toli shad,Clupeiformes,Clupeidae,Tenualosa,,,,,,,
Anchoa compressa,Deepbody anchovy,Clupeiformes,Engraulidae,Anchoa,6.0,,,,,,
Cetengraulis mysticetus,Anchoveta,Clupeiformes,Engraulidae,Cetengraulis,4.0,,1.0,,,,
Engraulis australis,Australian anchovy,Clupeiformes,Engraulidae,Engraulis,6.0,,,,,,
Engraulis encrasicolus,European anchovy,Clupeiformes,Engraulidae,Engraulis,3.0,,1.0,,,,
Engraulis japonicus,Japanese anchovy,Clupeiformes,Engraulidae,Engraulis,3.0,,1.0,,,,
Engraulis mordax,Californian anchoveta,Clupeiformes,Engraulidae,Engraulis,7.0,,1.0,,,,
Engraulis ringens,Peruvian anchoveta,Clupeiformes,Engraulidae,Engraulis,3.0,,,,,,
Barbatula barbatula,Stone loach,Cypriniformes,Balitoridae,Barbatula,7.0,,,,,,
Carpiodes carpio,River carpsucker,Cypriniformes,Catostomidae,Carpiodes,10.0,2524.5,,,,,
Carpiodes cyprinus,Quillback,Cypriniformes,Catostomidae,Carpiodes,11.0,1617.0,,,,,
Carpiodes velifer,Highfin carpsucker,Cypriniformes,Catostomidae,Carpiodes,11.0,,,,,,
Catostomus catostomus,Longnose sucker,Cypriniformes,Catostomidae,Catostomus,20.0,1800.0,,,,,
Catostomus commersonii,White sucker,Cypriniformes,Catostomidae,Catostomus,12.0,1617.0,,,,,
Catostomus macrocheilus,Largescale sucker,Cypriniformes,Catostomidae,Catostomus,15.0,,,,,,
Catostomus microps,Modoc sucker,Cypriniformes,Catostomidae,Catostomus,18.0,,,,,,
Catostomus occidentalis,Sacramento sucker,Cypriniformes,Catostomidae,Catostomus,10.0,,,,,,
Catostomus platyrhynchus,Mountain sucker,Cypriniformes,Catostomidae,Catostomus,9.0,,3.12328767123288,,,,
Catostomus rimiculus,Klamath smallscale sucker,Cypriniformes,Catostomidae,Catostomus,9.0,,,,,,
Catostomus tahoensis,Tahoe sucker,Cypriniformes,Catostomidae,Catostomus,15.0,,,,,,
Chasmistes cujus,Cui-ui,Cypriniformes,Catostomidae,Chasmistes,41.0,1496.0,15.4986301369863,,,,
Chasmistes liorus,June sucker,Cypriniformes,Catostomidae,Chasmistes,40.0,,,,,,
Cycleptus elongatus,Blue sucker,Cypriniformes,Catostomidae,Cycleptus,13.0,,,,,,
Cycleptus meridionalis,Southeastern blue sucker,Cypriniformes,Catostomidae,Cycleptus,33.0,,,,,,
Deltistes luxatus,Lost river sucker,Cypriniformes,Catostomidae,Deltistes,18.0,,,,,,
Erimyzon oblongus,Creek chubsucker,Cypriniformes,Catostomidae,Erimyzon,6.0,,,,,,
Hypentelium nigricans,Northern hog sucker,Cypriniformes,Catostomidae,Hypentelium,11.0,700.0,2.32876712328767,,,,
Hypentelium roanokense,Roanoke hog sucker,Cypriniformes,Catostomidae,Hypentelium,5.0,,,,,,
Ictiobus bubalus,Smallmouth buffalo,Cypriniformes,Catostomidae,Ictiobus,15.0,20515.0,,,,,
Ictiobus cyprinellus,Bigmouth buffalo,Cypriniformes,Catostomidae,Ictiobus,20.0,17545.0,,,,,
Ictiobus niger,Black buffalo,Cypriniformes,Catostomidae,Ictiobus,24.0,15785.0,,,,,
Minytrema melanops,Spotted sucker,Cypriniformes,Catostomidae,Minytrema,6.0,676.5,,,,,
Moxostoma anisurum,Silver redhorse,Cypriniformes,Catostomidae,Moxostoma,10.0,5940.0,,,,,
Moxostoma breviceps,Hookfin redhorse,Cypriniformes,Catostomidae,Moxostoma,8.0,750.0,4.0,,,,
Moxostoma carinatum,River redhorse,Cypriniformes,Catostomidae,Moxostoma,12.0,3089.0,3.0,,,,
Moxostoma duquesnii,Black redhorse,Cypriniformes,Catostomidae,Moxostoma,10.0,1250.0,3.0,,,,
Moxostoma erythrurum,Golden redhorse,Cypriniformes,Catostomidae,Moxostoma,11.0,2244.0,,,,,
Moxostoma macrolepidotum,Shorthead redhorse,Cypriniformes,Catostomidae,Moxostoma,9.0,2194.5,,,,,
Thoburnia atripinnis,Blackfin sucker,Cypriniformes,Catostomidae,Thoburnia,4.0,,,,,,
Thoburnia hamiltoni,Rustyside sucker,Cypriniformes,Catostomidae,Thoburnia,5.0,,,,,,
Thoburnia rhothoeca,Torrent sucker,Cypriniformes,Catostomidae,Thoburnia,7.0,,,,,,
Misgurnus fossilis,Loach,Cypriniformes,Cobitidae,Misgurnus,21.7,,,,,,
Abramis brama,Bream,Cypriniformes,Cyprinidae,Abramis,23.0,3305.5,5.24931506849315,,,,
Aspius aspius,Asp,Cypriniformes,Cyprinidae,Aspius,11.0,4950.0,3.4986301369863,,,,
Barbus bynni,Barb,Cypriniformes,Cyprinidae,Barbus,16.3,,,,,,
Barbus mattozi,Papermouth,Cypriniformes,Cyprinidae,Barbus,9.0,745.25,,,,,
Barbus treurensis,Treur barb,Cypriniformes,Cyprinidae,Barbus,6.0,,,,,,
Campostoma oligolepis,Largescale stoneroller,Cypriniformes,Cyprinidae,Campostoma,5.0,,,,,,
Carassius auratus,Goldfish,Cypriniformes,Cyprinidae,Carassius,41.0,,,,,,
Chondrostoma nasus,Sneep,Cypriniformes,Cyprinidae,Chondrostoma,15.0,825.0,,,,,
Chrosomus cumberlandensis,Blackside dace,Cypriniformes,Cyprinidae,Chrosomus,4.0,,,,,,
Chrosomus eos,Northern redbelly dace,Cypriniformes,Cyprinidae,Chrosomus,3.0,,,,,,
Chrosomus erythrogaster,Southern redbelly dace,Cypriniformes,Cyprinidae,Chrosomus,3.0,,,,,,
Chrosomus neogaeus,Finescale dace,Cypriniformes,Cyprinidae,Chrosomus,6.0,,,,,,
Clinostomus elongatus,Redside dace,Cypriniformes,Cyprinidae,Clinostomus,4.0,,,,,,
Couesius plumbeus,Lake chub,Cypriniformes,Cyprinidae,Couesius,5.0,,3.0,,,,
Ctenopharyngodon idella,Silver orfe,Cypriniformes,Cyprinidae,Ctenopharyngodon,21.0,24750.0,4.08219178082192,,,,
Cyprinella analostana,Satinfin shiner,Cypriniformes,Cyprinidae,Cyprinella,4.0,,,,,,
Cyprinella galactura,Whitetail shiner,Cypriniformes,Cyprinidae,Cyprinella,4.0,,,,,,
Cyprinella lutrensis,Red shiner,Cypriniformes,Cyprinidae,Cyprinella,2.0,,,,,,
Cyprinella spiloptera,Spotfin shiner,Cypriniformes,Cyprinidae,Cyprinella,5.0,,,,,,
Cyprinella whipplei,Steelcolor shiner,Cypriniformes,Cyprinidae,Cyprinella,3.0,,,,,,
Cyprinus carpio,Common carp,Cypriniformes,Cyprinidae,Cyprinus,47.0,10600.0,3.0,0.010958904109589,,,
Danio rerio,Zebra danio or zebrafish,Cypriniformes,Cyprinidae,Danio,5.5,,,,,,
Exoglossum laurae,Tonguetied minnow,Cypriniformes,Cyprinidae,Exoglossum,4.0,,,,,,
Exoglossum maxillingua,Cutlip minnow,Cypriniformes,Cyprinidae,Exoglossum,2.0,,,,,,
Gila orcuttii,Arroyo chub,Cypriniformes,Cyprinidae,Gila,4.0,,,,,,
Gila robusta,Roundtail chub,Cypriniformes,Cyprinidae,Gila,8.0,,,,,,
Gobio gobio,Gudgeon,Cypriniformes,Cyprinidae,Gobio,8.0,,,,,,
Labeo altivelis,Rednose labeo,Cypriniformes,Cyprinidae,Labeo,9.0,1980.0,,,,,
Labeo rohita,Rohu,Cypriniformes,Cyprinidae,Labeo,10.0,24750.0,2.81917808219178,,,,
Labeobarbus aeneus,Smallmouth yellowfish,Cypriniformes,Cyprinidae,Labeobarbus,12.0,4310.35,,,,,
Lepidomeda mollispinis,Virgin spinedace,Cypriniformes,Cyprinidae,Lepidomeda,3.0,,,,,,
Leucaspius delineatus,Belica,Cypriniformes,Cyprinidae,Leucaspius,2.0,,,,,,
Leuciscus cephalus,European chub,Cypriniformes,Cyprinidae,Leuciscus,22.0,4400.0,4.24931506849315,,,,
Leuciscus idus,Ide,Cypriniformes,Cyprinidae,Leuciscus,29.8,2200.0,5.24931506849315,,,,
Leuciscus leuciscus,Common dace,Cypriniformes,Cyprinidae,Leuciscus,16.0,550.0,3.29041095890411,,,,
Luxilus chrysocephalus,Striped shiner,Cypriniformes,Cyprinidae,Luxilus,4.0,,,,,,
Luxilus coccogenis,Warpaint shiner,Cypriniformes,Cyprinidae,Luxilus,5.0,,3.0,,,,
Luxilus cornutus,Common shiner,Cypriniformes,Cyprinidae,Luxilus,4.0,,,,,,
Luxilus zonatus,Bleeding shiner,Cypriniformes,Cyprinidae,Luxilus,3.0,,,,,,
Lythrurus roseipinnis,Cherryfin shiner,Cypriniformes,Cyprinidae,Lythrurus,1.0,,,,,,
Lythrurus umbratilis,Redfin shiner,Cypriniformes,Cyprinidae,Lythrurus,3.0,,,,,,
Macrhybopsis aestivalis,Speckled chub,Cypriniformes,Cyprinidae,Macrhybopsis,,,,,,,
Margariscus margarita,Pearl dace,Cypriniformes,Cyprinidae,Margariscus,4.0,,,,,,
Nocomis biguttatus,Horneyhead chub,Cypriniformes,Cyprinidae,Nocomis,4.0,,,,,,
Nocomis leptocephalus,Bluehead chub,Cypriniformes,Cyprinidae,Nocomis,4.0,,,,,,
Nocomis micropogon,River chub,Cypriniformes,Cyprinidae,Nocomis,5.0,,2.0,,,,
Nocomis raneyi,Bull chub,Cypriniformes,Cyprinidae,Nocomis,5.0,,,,,,
Notemigonus crysoleucas,Golden shiner,Cypriniformes,Cyprinidae,Notemigonus,9.0,,,,,,
Notropis albizonatus,Palezone shiner,Cypriniformes,Cyprinidae,Notropis,3.0,,,,,,
Notropis anogenus,Pugnose shiner,Cypriniformes,Cyprinidae,Notropis,3.0,,,,,,
Notropis atherinoides,Emerald shiner,Cypriniformes,Cyprinidae,Notropis,4.0,,,,,,
Notropis baileyi,Rough shiner,Cypriniformes,Cyprinidae,Notropis,4.0,,,,,,
Notropis blennius,River shiner,Cypriniformes,Cyprinidae,Notropis,4.0,,,,,,
Notropis buccatus,Silverjaw minnow,Cypriniformes,Cyprinidae,Notropis,3.0,,,,,,
Notropis buchanani,Ghost shiner,Cypriniformes,Cyprinidae,Notropis,2.0,,,,,,
Notropis candidus,Silverside shiner,Cypriniformes,Cyprinidae,Notropis,2.0,,,,,,
Notropis heterodon,Blackchin shiner,Cypriniformes,Cyprinidae,Notropis,3.0,,,,,,
Notropis heterolepis,Blacknose shiner,Cypriniformes,Cyprinidae,Notropis,,,,,,,
Notropis hudsonius,Spottail shiner,Cypriniformes,Cyprinidae,Notropis,5.0,,,,,,
Notropis maculatus,Taillight shiner,Cypriniformes,Cyprinidae,Notropis,,,,,,,
Notropis nubilus,Ozark minnow,Cypriniformes,Cyprinidae,Notropis,4.0,,,,,,
Notropis perpallidus,Peppered shiner,Cypriniformes,Cyprinidae,Notropis,4.0,,,,,,
Notropis petersoni,Coastal shiner,Cypriniformes,Cyprinidae,Notropis,4.0,,,,,,
Notropis procne,Swallowtail shiner,Cypriniformes,Cyprinidae,Notropis,3.0,,,,,,
Notropis rubellus,Rosyface shiner,Cypriniformes,Cyprinidae,Notropis,3.0,,,,,,
Notropis rubricroceus,Saffron shiner,Cypriniformes,Cyprinidae,Notropis,5.0,,,,,,
Notropis semperasper,Roughhead shiner,Cypriniformes,Cyprinidae,Notropis,4.0,,,,,,
Notropis stramineus,Sand shiner,Cypriniformes,Cyprinidae,Notropis,3.0,,,,,,
Notropis texanus,Weed shiner,Cypriniformes,Cyprinidae,Notropis,3.0,,,,,,
Notropis topeka,Topeka shiner,Cypriniformes,Cyprinidae,Notropis,3.0,,,,,,
Notropis volucellus,Mimic shiner,Cypriniformes,Cyprinidae,Notropis,2.0,,,,,,
Oreoleuciscus humilis,Dwarf altai osman,Cypriniformes,Cyprinidae,Oreoleuciscus,15.0,13.75,,,,,
Oreoleuciscus potanini,Altai osman,Cypriniformes,Cyprinidae,Oreoleuciscus,40.0,5500.0,8.4986301369863,,,,
Pelecus cultratus,Ziege,Cypriniformes,Cyprinidae,Pelecus,11.0,1100.0,3.5,,,,
Phenacobius crassilabrum,Fatlips minnow,Cypriniformes,Cyprinidae,Phenacobius,3.0,,1.0,,,,
Phenacobius mirabilis,Suckermouth minnow,Cypriniformes,Cyprinidae,Phenacobius,3.0,,,,,,
Phoxinus phoxinus,Minnow,Cypriniformes,Cyprinidae,Phoxinus,13.0,,3.4986301369863,,,,
Pimephales notatus,Bluntnose minnow,Cypriniformes,Cyprinidae,Pimephales,5.0,,,,,,
Pimephales promelas,Fathead minnow,Cypriniformes,Cyprinidae,Pimephales,2.0,,0.164383561643836,0.0136986301369863,,,
Plagopterus argentissimus,Woundfin,Cypriniformes,Cyprinidae,Plagopterus,4.0,,,,,,
Pseudobarbus burchelli,Burchell's redfin,Cypriniformes,Cyprinidae,Pseudobarbus,6.0,,,,,,
Pteronotropis hubbsi,Bluehead shiner,Cypriniformes,Cyprinidae,Pteronotropis,2.0,,,,,,
Ptychocheilus lucius,Colorado pikeminnow,Cypriniformes,Cyprinidae,Ptychocheilus,12.0,,,,,,
Relictus solitarius,Relict dace,Cypriniformes,Cyprinidae,Relictus,5.0,,,,,,
Rhinichthys atratulus,Blacknose dace,Cypriniformes,Cyprinidae,Rhinichthys,4.0,,1.0,,,,
Rhinichthys cataractae,Longnose dace,Cypriniformes,Cyprinidae,Rhinichthys,5.0,,3.0,,,,
Rhinichthys cobitis,Loach minnow,Cypriniformes,Cyprinidae,Rhinichthys,5.0,,,,,,
Rhodeus sericeus,Bitterling,Cypriniformes,Cyprinidae,Rhodeus,5.0,,2.4986301369863,,,,
Richardsonius egregius,Lahontan redside,Cypriniformes,Cyprinidae,Richardsonius,5.0,,,,,,
Rutilus frisii,Kutum,Cypriniformes,Cyprinidae,Rutilus,12.0,2750.0,,,,,
Rutilus rutilus,Roach,Cypriniformes,Cyprinidae,Rutilus,14.0,1012.0,2.5,,,,
Scardinius erythrophthalmus,Pearl roach,Cypriniformes,Cyprinidae,Scardinius,19.0,1153.35,3.5,,,,
Semotilus atromaculatus,Creek chub,Cypriniformes,Cyprinidae,Semotilus,8.0,,3.0,,,,
Austrolebias adloffi,Annual fish,Cyprinodontiformes,Aplocheilidae,Austrolebias,3.7,,,,,,
Austrolebias bellottii,Argentine pearlfish,Cyprinodontiformes,Aplocheilidae,Austrolebias,3.0,,,,,,
Austrolebias nigripinnis,Blackfin pearlfish,Cyprinodontiformes,Aplocheilidae,Austrolebias,1.0,,,,,,
Nothobranchius furzeri,Turquoise killifish,Cyprinodontiformes,Aplocheilidae,Nothobranchius,1.1,,0.0767123287671233,,,,
Nothobranchius guentheri,Gunther's nothobranch,Cyprinodontiformes,Aplocheilidae,Nothobranchius,2.3,,0.213698630136986,,,,
Nothobranchius kilomberoensis,Kilombero,Cyprinodontiformes,Aplocheilidae,Nothobranchius,0.8,,,,,,
Nothobranchius korthausae,Korthaus' killifish,Cyprinodontiformes,Aplocheilidae,Nothobranchius,1.6,,,,,,
Nothobranchius kuhntae,Beira killifish,Cyprinodontiformes,Aplocheilidae,Nothobranchius,1.2,,0.134246575342466,,,,
Nothobranchius rachovii,Bluefin notho,Cyprinodontiformes,Aplocheilidae,Nothobranchius,1.5,,,,,,
Cyprinodon macularius,Desert pupfish,Cyprinodontiformes,Cyprinodontidae,Cyprinodon,2.0,,,,,,
Cyprinodon radiosus,Owens pupfish,Cyprinodontiformes,Cyprinodontidae,Cyprinodon,2.0,,,,,,
Cyprinodon tularosa,White sands pupfish,Cyprinodontiformes,Cyprinodontidae,Cyprinodon,5.0,,,,,,
Fundulus catenatus,Northern studfish,Cyprinodontiformes,Fundulidae,Fundulus,5.0,,,,,,
Fundulus parvipinnis,California killifish,Cyprinodontiformes,Fundulidae,Fundulus,3.0,,,,,,
Fundulus seminolis,Seminole killifish,Cyprinodontiformes,Fundulidae,Fundulus,2.0,,,,,,
Fundulus zebrinus,Plains killifish,Cyprinodontiformes,Fundulidae,Fundulus,3.0,,,,,,
Leptolucania ommata,Pygmy killifish,Cyprinodontiformes,Fundulidae,Leptolucania,2.0,,,,,,
Lucania goodei,Bluefin killifish,Cyprinodontiformes,Fundulidae,Lucania,2.0,,,,,,
Gambusia affinis,Mosquitofish,Cyprinodontiformes,Poeciliidae,Gambusia,3.0,,0.246575342465753,,,,
Poecilia reticulata,Guppy,Cyprinodontiformes,Poeciliidae,Poecilia,5.0,,0.202739726027397,,,,
Poeciliopsis occidentalis,Gila topminnow,Cyprinodontiformes,Poeciliidae,Poeciliopsis,1.0,,,,,,
Megalops atlanticus,Tarpon,Elopiformes,Megalopidae,Megalops,55.0,88550.0,9.24931506849315,,,,
Megalops cyprinoides,Oxeye,Elopiformes,Megalopidae,Megalops,44.0,9900.0,,,,,
Esox lucius,Northern pike,Esociformes,Esocidae,Esox,30.0,15620.0,2.74657534246575,,,,
Esox masquinongy,Muskellunge,Esociformes,Esocidae,Esox,30.0,17490.0,4.5,,,,
Esox niger,Chain pickerel,Esociformes,Esocidae,Esox,9.0,2337.5,2.4986301369863,,,,
Dallia pectoralis,Alaska blackfish,Esociformes,Umbridae,Dallia,8.0,201.3,2.4986301369863,,,,
Umbra limi,Central mudminnow,Esociformes,Umbridae,Umbra,4.0,,,,,,
Boreogadus saida,Arctic cod,Gadiformes,Gadidae,Boreogadus,7.0,,2.4986301369863,,,,
Brosme brosme,Cusk,Gadiformes,Gadidae,Brosme,20.0,16500.0,9.0,,,,
Ciliata mustela,Fivebeard rockling,Gadiformes,Gadidae,Ciliata,3.0,,,,,,
Eleginus gracilis,Saffron cod,Gadiformes,Gadidae,Eleginus,12.0,605.0,2.4986301369863,,,,
Enchelyopus cimbrius,Fourbeard rockling,Gadiformes,Gadidae,Enchelyopus,9.0,,3.0,,,,
Gadiculus argenteus,Silvery pout,Gadiformes,Gadidae,Gadiculus,3.0,,,,,,
Gadus chalcogrammus,Alaska pollock,Gadiformes,Gadidae,Gadus,15.0,770.0,3.24931506849315,,,,
Gadus macrocephalus,Pacific cod,Gadiformes,Gadidae,Gadus,18.0,12485.0,4.14794520547945,,,,
Gadus morhua,Atlantic cod,Gadiformes,Gadidae,Gadus,25.0,52800.0,2.14794520547945,,,,
Gadus ogac,Greenland cod,Gadiformes,Gadidae,Gadus,12.0,,3.4986301369863,,,,
Lota lota,Burbot,Gadiformes,Gadidae,Lota,20.0,18700.0,3.5,,,,
Melanogrammus aeglefinus,Haddock,Gadiformes,Gadidae,Melanogrammus,20.0,9240.0,1.67397260273973,,,,
Merlangius merlangus,English whiting,Gadiformes,Gadidae,Merlangius,20.0,1700.0,2.0,,,,
Micromesistius poutassou,Blue whiting,Gadiformes,Gadidae,Micromesistius,20.0,456.5,1.64931506849315,,,,
Molva dypterygia,Blue ling,Gadiformes,Gadidae,Molva,25.0,16500.0,10.0,,,,
Molva macrophthalma,Mediterranean ling,Gadiformes,Gadidae,Molva,20.0,,,,,,
Phycis blennoides,Greater forkbeard,Gadiformes,Gadidae,Phycis,20.0,1947.0,,,,,
Pollachius pollachius,European pollock,Gadiformes,Gadidae,Pollachius,8.0,9955.0,,,,,
Pollachius virens,Pollock,Gadiformes,Gadidae,Pollachius,25.0,17600.0,2.14931506849315,,,,
Trisopterus esmarkii,Norway pout,Gadiformes,Gadidae,Trisopterus,5.0,,1.8986301369863,,,,
Trisopterus luscus,Pout whiting,Gadiformes,Gadidae,Trisopterus,4.0,,1.5,,,,
Urophycis tenuis,Mud hake,Gadiformes,Gadidae,Urophycis,23.0,11550.0,1.3972602739726,,,,
Albatrossia pectoralis,Giant grenadier,Gadiformes,Macrouridae,Albatrossia,56.0,,,,,,
Coryphaenoides acrolepis,Roughscale rattail,Gadiformes,Macrouridae,Coryphaenoides,73.0,,,,,,
Coryphaenoides rupestris,Rock grenadier,Gadiformes,Macrouridae,Coryphaenoides,54.0,929.5,10.0,,,,
Macrourus berglax,Onion-eye grenadier,Gadiformes,Macrouridae,Macrourus,25.0,,14.8,,,,
Macrourus carinatus,Ridge scaled rattail,Gadiformes,Macrouridae,Macrourus,19.0,,,,,,
Macruronus novaezelandiae,Blue grenadier,Gadiformes,Merlucciidae,Macruronus,25.0,825.0,4.9986301369863,,,,
Merluccius australis,Southern hake,Gadiformes,Merlucciidae,Merluccius,30.0,,7.4986301369863,,,,
Merluccius bilinearis,Silver hake,Gadiformes,Merlucciidae,Merluccius,12.0,1265.0,1.64931506849315,,,,
Merluccius gayi,Chilean hake,Gadiformes,Merlucciidae,Merluccius,13.0,,2.0,,,,
Merluccius merluccius,European hake,Gadiformes,Merlucciidae,Merluccius,20.0,8250.0,3.0,,,,
Merluccius productus,North pacific hake,Gadiformes,Merlucciidae,Merluccius,15.0,654.5,3.74931506849315,,,,
Apeltes quadracus,Fourspine stickleback,Gasterosteiformes,Gasterosteidae,Apeltes,3.0,,,,,,
Culaea inconstans,Brook stickleback,Gasterosteiformes,Gasterosteidae,Culaea,2.0,,,,,,
Gasterosteus aculeatus,Alaskan stickleback,Gasterosteiformes,Gasterosteidae,Gasterosteus,8.0,,,,,,
Pungitius pungitius,Ninespine stickleback,Gasterosteiformes,Gasterosteidae,Pungitius,5.0,,1.4986301369863,,,,
Hypoptychus dybowskii,Korean sandeel,Gasterosteiformes,Hypoptychidae,Hypoptychus,1.0,,,,,,
Hippocampus erectus,Hudson sea horse,Gasterosteiformes,Syngnathidae,Hippocampus,4.7,,0.747945205479452,,,,
Hippocampus guttulatus,Sea horse,Gasterosteiformes,Syngnathidae,Hippocampus,6.0,,,,,,
Hippocampus whitei,White's seahorse,Gasterosteiformes,Syngnathidae,Hippocampus,5.0,,,,,,
Hippocampus zosterae,Dwarf seahorse,Gasterosteiformes,Syngnathidae,Hippocampus,1.0,,0.323287671232877,,,,
Syngnathus scovelli,Gulf pipefish,Gasterosteiformes,Syngnathidae,Syngnathus,3.0,,,,,,
Chanos chanos,Milkfish,Gonorynchiformes,Chanidae,Chanos,15.0,7700.0,6.37397260273973,,,,
Kneria auriculata,Airbreathing shellear,Gonorynchiformes,Kneriidae,Kneria,3.0,,,,,,
Electrophorus electricus,Electric eel,Gymnotiformes,Electrophoridae,Electrophorus,12.6,,,,,,
Lophius americanus,Goosefish,Lophiiformes,Lophiidae,Lophius,30.0,12430.0,,,,,
Lophius budegassa,Black-bellied angler,Lophiiformes,Lophiidae,Lophius,21.0,,4.0,,,,
Lophius piscatorius,Anglerfish,Lophiiformes,Lophiidae,Lophius,24.0,31735.0,4.4986301369863,,,,
Lophius vomerinus,Cape monk,Lophiiformes,Lophiidae,Lophius,11.0,,,,,,
Aldrichetta forsteri,Yellow-eye mullet,Mugiliformes,Mugilidae,Aldrichetta,7.0,522.5,2.4986301369863,,,,
Chelon labrosus,Thicklipped mullet,Mugiliformes,Mugilidae,Chelon,25.0,2475.0,3.0,,,,
Liza ramado,Thinlip mullet,Mugiliformes,Mugilidae,Liza,10.0,1595.0,3.4986301369863,,,,
Mugil cephalus,Striped mullet,Mugiliformes,Mugilidae,Mugil,16.0,4400.0,2.0,,,,
Benthosema glaciale,Glacier lanterfish,Myctophiformes,Myctophidae,Benthosema,8.0,,2.4986301369863,,,,
Electrona risso,Chubby flashlightfish,Myctophiformes,Myctophidae,Electrona,1.0,,,,,,
Lampanyctodes hectoris,Hector's lanternfish,Myctophiformes,Myctophidae,Lampanyctodes,3.0,,,,,,
Stenobrachius leucopsarus,Northern lampfish,Myctophiformes,Myctophidae,Stenobrachius,8.0,,,,,,
Genypterus blacodes,Australian rockling,Ophidiiformes,Ophidiidae,Genypterus,30.0,13750.0,,,,,
Alepocephalus bairdii,Baird's smoothhead,Osmeriformes,Alepocephalidae,Alepocephalus,38.0,,,,,,
Argentina elongata,Silverside,Osmeriformes,Argentinidae,Argentina,16.0,,,,,,
Argentina silus,Atlantic argentine,Osmeriformes,Argentinidae,Argentina,35.0,,6.5,,,,
Galaxiella nigrostriata,Black-stripe minnow,Osmeriformes,Galaxiidae,Galaxiella,1.0,,,,,,
Hypomesus olidus,Pond smelt,Osmeriformes,Osmeridae,Hypomesus,5.0,,,,,,
Hypomesus pretiosus,Surf smelt,Osmeriformes,Osmeridae,Hypomesus,5.0,,1.4986301369863,,,,
Mallotus villosus,Capelin,Osmeriformes,Osmeridae,Mallotus,10.0,,3.0,,,,
Osmerus eperlanus,Smelt,Osmeriformes,Osmeridae,Osmerus,10.0,,2.0,,,,
Osmerus mordax,Rainbow smelt,Osmeriformes,Osmeridae,Osmerus,7.0,,,,,,
Plecoglossus altivelis,Ayu,Osmeriformes,Osmeridae,Plecoglossus,3.0,,,,,,
Spirinchus thaleichthys,Longfin smelt,Osmeriformes,Osmeridae,Spirinchus,3.0,,,,,,
Thaleichthys pacificus,Eulachon,Osmeriformes,Osmeridae,Thaleichthys,5.0,,2.4986301369863,,,,
Prototroctes maraena,Australian grayling,Osmeriformes,Retropinnidae,Prototroctes,6.0,,,,,,
Retropinna semoni,Australian smelt,Osmeriformes,Retropinnidae,Retropinna,2.0,,1.0,,,,
Hiodon alosoides,Goldeye,Osteoglossiformes,Hiodontidae,Hiodon,14.0,946.0,,,,,
Hiodon tergisus,Mooneye,Osteoglossiformes,Hiodontidae,Hiodon,10.0,498.85,,,,,
Mormyrus rume,Mormyrids,Osteoglossiformes,Mormyridae,Mormyrus,6.0,2915.0,,,,,
Pollimyrus isidori,Mormyrid,Osteoglossiformes,Mormyridae,Pollimyrus,29.0,4.0,,,,,
Xenomystus nigri,African knifefish,Osteoglossiformes,Notopteridae,Xenomystus,11.4,,,,,,
Osteoglossum bicirrhosum,Arawana,Osteoglossiformes,Osteoglossidae,Osteoglossum,6.5,2530.0,,,,,
Ammodytes hexapterus,Pacific sand lance,Perciformes,Ammodytidae,Ammodytes,8.0,,2.4986301369863,,,,
Ammodytes marinus,Sand eel,Perciformes,Ammodytidae,Ammodytes,10.0,,2.4986301369863,,,,
Ammodytes tobianus,Lesser sand eel,Perciformes,Ammodytidae,Ammodytes,7.0,,1.4986301369863,,,,
Anabas testudineus,Climbing perch,Perciformes,Anabantidae,Anabas,8.0,,,,,,
Ctenopoma kingsleyae,Miss Kingsley's climbing perch,Perciformes,Anabantidae,Ctenopoma,8.7,68.75,,,,,
Arripis georgianus,Australian ruff,Perciformes,Arripidae,Arripis,7.0,440.0,3.0,,,,
Arripis trutta,Australian salmon,Perciformes,Arripidae,Arripis,26.0,5170.0,,,,,
Arripis truttacea,Western Australian salmon,Perciformes,Arripidae,Arripis,9.0,5775.0,4.24931506849315,,,,
Lipophrys pholis,Shanny,Perciformes,Blenniidae,Lipophrys,10.0,,,,,,
Omobranchus punctatus,Muzzled blenny,Perciformes,Blenniidae,Omobranchus,4.0,,,,,,
Parablennius gattorugine,Tompot blenny,Perciformes,Blenniidae,Parablennius,5.0,,,,,,
Brama brama,Atlantic pomfret,Perciformes,Bramidae,Brama,9.0,3300.0,,,,,
Taractichthys steindachneri,Sickle pomfret,Perciformes,Bramidae,Taractichthys,8.0,6050.0,,,,,
Callionymus lyra,European dragonet,Perciformes,Callionymidae,Callionymus,7.0,,,,,,
Caranx crysos,Blue runner,Perciformes,Carangidae,Caranx,11.0,2777.5,,,,,
Pseudocaranx dentex,White trevally,Perciformes,Carangidae,Pseudocaranx,49.0,9955.0,,,,,
Trachurus declivis,Greenback horse mackerel,Perciformes,Carangidae,Trachurus,25.0,,3.24931506849315,,,,
Trachurus japonicus,Japanese jack mackerel,Perciformes,Carangidae,Trachurus,,363.0,,,,,
Trachurus murphyi,Inca scad,Perciformes,Carangidae,Trachurus,16.0,,,,,,
Trachurus novaezelandiae,Yellowtail horse mackerel,Perciformes,Carangidae,Trachurus,25.0,,3.4986301369863,,,,
Trachurus symmetricus,Jack mackerel,Perciformes,Carangidae,Trachurus,30.0,,,,,,
Acantharchus pomotis,Mud sunfish,Perciformes,Centrarchidae,Acantharchus,8.0,,,,,,
Ambloplites rupestris,Rock bass,Perciformes,Centrarchidae,Ambloplites,18.0,824.0,,,,,
Archoplites interruptus,Sacramento perch,Perciformes,Centrarchidae,Archoplites,6.0,792.0,,,,,
Centrarchus macropterus,Flier,Perciformes,Centrarchidae,Centrarchus,5.0,308.0,,,,,
Lepomis auritus,Redbreast sunfish,Perciformes,Centrarchidae,Lepomis,8.0,467.25,,,,,
Lepomis cyanellus,Green sunfish,Perciformes,Centrarchidae,Lepomis,9.0,529.0,,,,,
Lepomis macrochirus,Bluegill,Perciformes,Centrarchidae,Lepomis,10.0,1181.25,,,,,
Lepomis marginatus,Dollar sunfish,Perciformes,Centrarchidae,Lepomis,6.0,,,,,,
Lepomis megalotis,Longear sunfish,Perciformes,Centrarchidae,Lepomis,6.0,434.5,,,,,
Lepomis microlophus,Redear sunfish,Perciformes,Centrarchidae,Lepomis,7.0,121.0,,,,,
Lepomis symmetricus,Bantam sunfish,Perciformes,Centrarchidae,Lepomis,3.0,,,,,,
Micropterus dolomieu,Smallmouth bass,Perciformes,Centrarchidae,Micropterus,26.0,2975.5,5.4986301369863,,,,
Micropterus punctulatus,Spotted bass,Perciformes,Centrarchidae,Micropterus,7.0,2557.0,,,,,
Micropterus salmoides,Largemouth bass,Perciformes,Centrarchidae,Micropterus,23.0,5527.5,3.9986301369863,,,,
Pomoxis annularis,White crappie,Perciformes,Centrarchidae,Pomoxis,10.0,1292.5,,,,,
Pomoxis nigromaculatus,Black crappie,Perciformes,Centrarchidae,Pomoxis,15.0,1496.0,,,,,
Hyperoglyphe antarctica,Antarctic butterfish,Perciformes,Centrolophidae,Hyperoglyphe,15.0,33000.0,6.24931506849315,,,,
Seriolella brama,Whario,Perciformes,Centrolophidae,Seriolella,15.0,2200.0,3.4986301369863,,,,
Seriolella porosa,Silver warehou,Perciformes,Centrolophidae,Seriolella,15.0,,,,,,
Centropomus undecimalis,Common snook,Perciformes,Centropomidae,Centropomus,7.0,13365.0,4.0,,,,
Lates niloticus,Snook,Perciformes,Centropomidae,Lates,7.8,110000.0,2.4986301369863,,,,
Chaetodon lineolatus,Lined butterflyfish,Perciformes,Chaetodontidae,Chaetodon,10.0,,,,,,
Chelmon rostratus,Longnosed butterflyfish,Perciformes,Chaetodontidae,Chelmon,10.0,,,,,,
Forcipiger flavissimus,Longnose butterflyfish,Perciformes,Chaetodontidae,Forcipiger,18.0,,,,,,
Cheilodactylus spectabilis,Brownbanded morwong,Perciformes,Cheilodactylidae,Cheilodactylus,59.0,,,,,,
Nemadactylus macropterus,Tarakihi,Perciformes,Cheilodactylidae,Nemadactylus,50.0,,5.0,,,,
Cichlasoma bimaculatum,Black acara,Perciformes,Cichlidae,Cichlasoma,20.0,,,,,,
Cichlasoma facetum,Chanchito,Perciformes,Cichlidae,Cichlasoma,10.0,,,,,,
Herichthys cyanoguttatum,Rio Grande cichlid,Perciformes,Cichlidae,Herichthys,5.0,,,,,,
Oreochromis andersonii,Three spotted tilapia,Perciformes,Cichlidae,Oreochromis,13.0,2590.5,4.0,,,,
Oreochromis esculentus,Singida tilapia,Perciformes,Cichlidae,Oreochromis,10.0,,,,,,
Oreochromis mortimeri,Kariba tilapia,Perciformes,Cichlidae,Oreochromis,8.0,,,,,,
Oreochromis mossambicus,Mozambique mouth-breeder,Perciformes,Cichlidae,Oreochromis,11.0,621.5,0.635616438356164,,,,
Oreochromis niloticus,Nile tilapia,Perciformes,Cichlidae,Oreochromis,9.0,2400.0,,,,,
Pseudocrenilabrus philander,Southern mouthbrooder,Perciformes,Cichlidae,Pseudocrenilabrus,5.0,,,,,,
Sargochromis codringtonii,Green happy,Perciformes,Cichlidae,Sargochromis,7.0,1215.5,,,,,
Sargochromis giardi,Pink happy,Perciformes,Cichlidae,Sargochromis,7.0,1595.0,2.0,,,,
Serranochromis angusticeps,Thinface cichlid,Perciformes,Cichlidae,Serranochromis,9.0,1375.0,,,,,
Serranochromis carlottae,Rainbow happy,Perciformes,Cichlidae,Serranochromis,6.0,550.0,,,,,
Serranochromis macrocephalus,Purpleface largemouth,Perciformes,Cichlidae,Serranochromis,6.0,825.0,,,,,
Tilapia rendalli,Redbreast tilapia,Perciformes,Cichlidae,Tilapia,7.0,1375.0,,,,,
Tilapia zillii,Redbelly tilapia,Perciformes,Cichlidae,Tilapia,7.0,165.0,1.34794520547945,,,,
Coryphaena equiselis,Pompano dolphin,Perciformes,Coryphaenidae,Coryphaena,4.0,,,,,,
Coryphaena hippurus,Common dolphinfish,Perciformes,Coryphaenidae,Coryphaena,4.0,22000.0,0.53972602739726,,,,
Elassoma zonatum,Banded pygmy sunfish,Perciformes,Elassomatidae,Elassoma,3.0,,,,,,
Amphistichus argenteus,Barred surfperch,Perciformes,Embiotocidae,Amphistichus,9.0,1100.0,,,,,
Cymatogaster aggregata,Shiner perch,Perciformes,Embiotocidae,Cymatogaster,8.0,,,,,,
Embiotoca jacksoni,Black perch,Perciformes,Embiotocidae,Embiotoca,10.0,385.0,,,,,
Hyperprosopon ellipticum,Silver surfperch,Perciformes,Embiotocidae,Hyperprosopon,7.0,,,,,,
Epigonus telescopus,Telescope cardinal,Perciformes,Epigonidae,Epigonus,104.0,,,,,,
Rexea brevilineata,Short-lined escolar,Perciformes,Gempylidae,Rexea,15.0,,,,,,
Rexea solandri,Silver gemfish,Perciformes,Gempylidae,Rexea,16.0,8800.0,4.5,,,,
Thyrsites atun,Atun,Perciformes,Gempylidae,Thyrsites,10.0,3300.0,2.74794520547945,,,,
Gastrocyathus gracilis,New Zealand slender clingfish,Perciformes,Gobiesocidae,Gastrocyathus,4.0,,,,,,
Gastroscyphus hectoris,Hector's clingfish,Perciformes,Gobiesocidae,Gastroscyphus,4.0,,,,,,
Haplocylix littoreus,Giant clingfish,Perciformes,Gobiesocidae,Haplocylix,6.0,,,,,,
Trachelochismus melobesia,Striped clingfish,Perciformes,Gobiesocidae,Trachelochismus,4.0,,,,,,
Clevelandia ios,Arrow goby,Perciformes,Gobiidae,Clevelandia,3.0,,,,,,
Crystallogobius linearis,Crystal goby,Perciformes,Gobiidae,Crystallogobius,1.0,,1.0,,,,
Eucyclogobius newberryi,Tidewater goby,Perciformes,Gobiidae,Eucyclogobius,1.0,,,,,,
Eviota sigillata,Pygmy goby,Perciformes,Gobiidae,Eviota,0.16,,0.0986301369863014,,,,
Gobiosoma robustum,Code goby,Perciformes,Gobiidae,Gobiosoma,1.0,,,,,,
Gobius niger,Black goby,Perciformes,Gobiidae,Gobius,5.0,,0.8,,,,
Gobius paganellus,Rock goby,Perciformes,Gobiidae,Gobius,10.0,,2.4986301369863,,,,
Gobiusculus flavescens,Twospotted goby,Perciformes,Gobiidae,Gobiusculus,2.0,,,,,,
Lebetus scorpioides,Diminutive goby,Perciformes,Gobiidae,Lebetus,2.0,,,,,,
Lepidogobius lepidus,Bay goby,Perciformes,Gobiidae,Lepidogobius,7.0,,,,,,
Lesueurigobius friesii,Fries' goby,Perciformes,Gobiidae,Lesueurigobius,11.0,,2.0,,,,
Neogobius melanostomus,Round goby,Perciformes,Gobiidae,Neogobius,4.0,,2.74931506849315,,,,
Pomatoschistus lozanoi,Lozano's goby,Perciformes,Gobiidae,Pomatoschistus,2.0,,,,,,
Pomatoschistus marmoratus,Marbled goby,Perciformes,Gobiidae,Pomatoschistus,2.0,,,,,,
Pomatoschistus minutus,Freckled goby,Perciformes,Gobiidae,Pomatoschistus,3.0,,1.0,,,,
Pomatoschistus pictus,Painted goby,Perciformes,Gobiidae,Pomatoschistus,2.0,,,,,,
Thorogobius ephippiatus,Leopard-spotted goby,Perciformes,Gobiidae,Thorogobius,9.0,,,,,,
Haemulon sciurus,Bluestriped grunt,Perciformes,Haemulidae,Haemulon,12.0,412.5,2.0,,,,
Orthopristis chrysoptera,Pigfish,Perciformes,Haemulidae,Orthopristis,4.0,500.0,,,,,
Harpagifer antarcticus,Antarctic spiny plunderfish,Perciformes,Harpagiferidae,Harpagifer,9.0,,,,,,
Istiophorus platypterus,Atlantic sailfish,Perciformes,Istiophoridae,Istiophorus,13.0,55110.0,,,,,
Makaira nigricans,Black spearfish,Perciformes,Istiophoridae,Makaira,28.0,93500.0,,,,,
Centrolabrus exoletus,Rock cook,Perciformes,Labridae,Centrolabrus,6.0,,,,,,
Ctenolabrus rupestris,Goldsinny wrasse,Perciformes,Labridae,Ctenolabrus,8.0,,,,,,
Labroides dimidiatus,Cleaner fish,Perciformes,Labridae,Labroides,4.0,,,,,,
Labrus bergylta,Ballan wrasse,Perciformes,Labridae,Labrus,29.0,2392.5,7.4986301369863,,,,
Labrus merula,Brown wrasse,Perciformes,Labridae,Labrus,17.0,,,,,,
Notolabrus celidotus,Spotty,Perciformes,Labridae,Notolabrus,7.0,,,,,,
Semicossyphus pulcher,California sheephead,Perciformes,Labridae,Semicossyphus,53.0,,,,,,
Symphodus melops,Corkwing wrasse,Perciformes,Labridae,Symphodus,9.0,,2.4986301369863,,,,
Tautoga onitis,Tautog,Perciformes,Labridae,Tautoga,34.0,6215.0,,,,,
Tautogolabrus adspersus,Cunner,Perciformes,Labridae,Tautogolabrus,6.0,550.0,1.0,,,,
Thalassoma bifasciatum,Bluehead,Perciformes,Labridae,Thalassoma,3.0,,,,,,
Latridopsis ciliaris,Bastard trumpeter,Perciformes,Latridae,Latridopsis,33.0,,5.4986301369863,,,,
Lethrinus atkinsoni,Pacific yellowtail emperor,Perciformes,Lethrinidae,Lethrinus,24.0,,,,,,
Lethrinus genivittatus,Lancer,Perciformes,Lethrinidae,Lethrinus,7.0,,,,,,
Lethrinus harak,Blackspot emperor,Perciformes,Lethrinidae,Lethrinus,15.0,,,,,,
Lethrinus lentjan,Pig-face bream,Perciformes,Lethrinidae,Lethrinus,19.0,,3.4986301369863,,,,
Lethrinus mahsena,Sky emperor,Perciformes,Lethrinidae,Lethrinus,27.0,,3.0,,,,
Lethrinus miniatus,Lipper,Perciformes,Lethrinidae,Lethrinus,22.0,5280.0,2.4986301369863,,,,
Lethrinus nebulosus,Blue emperor,Perciformes,Lethrinidae,Lethrinus,27.0,4620.0,5.74931506849315,,,,
Lethrinus obsoletus,Orange-striped emperor,Perciformes,Lethrinidae,Lethrinus,14.0,,,,,,
Lethrinus variegatus,Slender emperor,Perciformes,Lethrinidae,Lethrinus,15.0,,,,,,
Aprion virescens,Blue-gray snapper,Perciformes,Lutjanidae,Aprion,21.0,8470.0,4.4986301369863,,,,
Lutjanus adetii,Hussar,Perciformes,Lutjanidae,Lutjanus,40.0,,,,,,
Lutjanus analis,Mutton snapper,Perciformes,Lutjanidae,Lutjanus,29.0,8580.0,5.4986301369863,,,,
Lutjanus argentimaculatus,Mangrove jack,Perciformes,Lutjanidae,Lutjanus,18.0,4785.0,4.5,,,,
Lutjanus bohar,Red bass,Perciformes,Lutjanidae,Lutjanus,13.0,6875.0,,,,,
Lutjanus campechanus,Northern red snapper,Perciformes,Lutjanidae,Lutjanus,57.0,12540.0,,,,,
Lutjanus carponotatus,Spanish flag snapper,Perciformes,Lutjanidae,Lutjanus,20.0,,2.14794520547945,,,,
Lutjanus erythropterus,Crimson snapper,Perciformes,Lutjanidae,Lutjanus,8.0,,,,,,
Lutjanus fulviflamma,Black spot snapper,Perciformes,Lutjanidae,Lutjanus,23.0,,,,,,
Lutjanus gibbus,Humpback red snapper,Perciformes,Lutjanidae,Lutjanus,18.0,,,,,,
Lutjanus lutjanus,Bigeye snapper,Perciformes,Lutjanidae,Lutjanus,11.0,,,,,,
Lutjanus malabaricus,Malabar blood snapper,Perciformes,Lutjanidae,Lutjanus,31.0,4350.5,,,,,
Lutjanus peru,Pacific red snapper,Perciformes,Lutjanidae,Lutjanus,7.2,3195.5,,,,,
Lutjanus purpureus,Caribbean red snapper,Perciformes,Lutjanidae,Lutjanus,18.0,5500.0,5.5013698630137,,,,
Lutjanus quinquelineatus,Blue-banded sea perch,Perciformes,Lutjanidae,Lutjanus,31.0,,,,,,
Lutjanus sanguineus,Saddletailed sea perch,Perciformes,Lutjanidae,Lutjanus,13.0,12650.0,2.74794520547945,,,,
Lutjanus sebae,Emperor snapper,Perciformes,Lutjanidae,Lutjanus,35.0,17985.0,,,,,
Lutjanus synagris,Lane snapper,Perciformes,Lutjanidae,Lutjanus,10.0,1941.5,1.5,,,,
Lutjanus vitta,Blackstriped snapper,Perciformes,Lutjanidae,Lutjanus,12.0,,,,,,
Ocyurus chrysurus,Yellowtail snapper,Perciformes,Lutjanidae,Ocyurus,14.0,2238.5,2.0,,,,
Pristipomoides filamentosus,Crimson jobfish,Perciformes,Lutjanidae,Pristipomoides,18.0,4484.7,,,,,
Pristipomoides multidens,Goldbanded jobfish,Perciformes,Lutjanidae,Pristipomoides,30.0,,,,,,
Pristipomoides typus,Sharptooth jobfish,Perciformes,Lutjanidae,Pristipomoides,11.0,1210.0,,,,,
Rhomboplites aurorubens,Vermilion snapper,Perciformes,Lutjanidae,Rhomboplites,10.0,1743.5,3.0,,,,
Branchiostegus japonicus,Red tilefish,Perciformes,Malacanthidae,Branchiostegus,12.0,687.5,2.4986301369863,,,,
Caulolatilus microps,Blueline tilefish,Perciformes,Malacanthidae,Caulolatilus,15.0,3850.0,,,,,
Caulolatilus princeps,Ocean whitefish,Perciformes,Malacanthidae,Caulolatilus,13.0,3168.0,,,,,
Lopholatilus chamaeleonticeps,Blue tilefish,Perciformes,Malacanthidae,Lopholatilus,35.0,16500.0,5.0,,,,
Dicentrarchus labrax,European seabass,Perciformes,Moronidae,Dicentrarchus,15.0,6600.0,3.0,,,,
Morone americana,White perch,Perciformes,Moronidae,Morone,7.0,1210.0,,,,,
Morone chrysops,White bass,Perciformes,Moronidae,Morone,9.0,1537.25,2.5,0.00547945205479452,,,
Morone mississippiensis,Yellow bass,Perciformes,Moronidae,Morone,6.0,6050.0,,,,,
Morone saxatilis,Striped bass,Perciformes,Moronidae,Morone,30.0,31350.0,,,,,
Mullus surmuletus,Red mullet,Perciformes,Mullidae,Mullus,10.0,550.0,2.0,,,,
Upeneus moluccensis,Goldband goatfish,Perciformes,Mullidae,Upeneus,5.0,,,,,,
Nemipterus japonicus,Japanese threadfin-bream,Perciformes,Nemipteridae,Nemipterus,8.0,327.8,1.0,,,,
Dissostichus mawsoni,Antarctic toothfish,Perciformes,Nototheniidae,Dissostichus,31.0,44000.0,,,,,
Lepidonotothen squamifrons,Grey rockcod,Perciformes,Nototheniidae,Lepidonotothen,19.0,,8.0,,,,
Notothenia rossii,Marbled rockcod,Perciformes,Nototheniidae,Notothenia,16.0,5500.0,,,,,
Pleuragramma antarcticum,Antarctic silverfish,Perciformes,Nototheniidae,Pleuragramma,20.0,110.0,,,,,
Trematomus bernacchii,Emerald rockcod,Perciformes,Nototheniidae,Trematomus,10.0,,4.4986301369863,,,,
Betta splendens,Siamese fighting fish,Perciformes,Osphronemidae,Betta,2.0,,,,,,
Maccullochella peelii,Murray cod,Perciformes,Percichthyidae,Maccullochella,48.0,62000.0,,,,,
Macquaria ambigua,Golden perch,Perciformes,Percichthyidae,Macquaria,20.0,13200.0,3.4986301369863,,,,
Macquaria novemaculeata,Australian bass,Perciformes,Percichthyidae,Macquaria,22.0,,,,,,
Ammocrypta clara,Western sand darter,Perciformes,Percidae,Ammocrypta,3.0,,,,,,
Crystallaria asprella,Crystal darter,Perciformes,Percidae,Crystallaria,3.0,,,,,,
Etheostoma acuticeps,Sharphead darter,Perciformes,Percidae,Etheostoma,3.0,,,,,,
Etheostoma asprigene,Mud darter,Perciformes,Percidae,Etheostoma,3.0,,,,,,
Etheostoma barbouri,Teardrop darter,Perciformes,Percidae,Etheostoma,2.0,,,,,,
Etheostoma blennioides,Greenside darter,Perciformes,Percidae,Etheostoma,5.0,,1.0,,,,
Etheostoma blennius,Blenny darter,Perciformes,Percidae,Etheostoma,3.0,,,,,,
Etheostoma caeruleum,Rainbow darter,Perciformes,Percidae,Etheostoma,3.0,,,,,,
Etheostoma collettei,Creole darter,Perciformes,Percidae,Etheostoma,3.0,,,,,,
Etheostoma coosae,Coosa darter,Perciformes,Percidae,Etheostoma,3.0,,,,,,
Etheostoma cragini,Arkansas darter,Perciformes,Percidae,Etheostoma,3.0,,,,,,
Etheostoma ditrema,Coldwater darter,Perciformes,Percidae,Etheostoma,2.0,,,,,,
Etheostoma exile,Iowa darter,Perciformes,Percidae,Etheostoma,3.0,,,,,,
Etheostoma flabellare,Fantail darter,Perciformes,Percidae,Etheostoma,4.0,,,,,,
Etheostoma fusiforme,Swamp darter,Perciformes,Percidae,Etheostoma,2.0,,1.0,,,,
Etheostoma gracile,Slough darter,Perciformes,Percidae,Etheostoma,4.0,,,,,,
Etheostoma juliae,Yoke darter,Perciformes,Percidae,Etheostoma,3.0,,1.0,,,,
Etheostoma kennicotti,Stripetail darter,Perciformes,Percidae,Etheostoma,3.0,,,,,,
Etheostoma longimanum,Longfin darter,Perciformes,Percidae,Etheostoma,3.0,,,,,,
Etheostoma microperca,Least darter,Perciformes,Percidae,Etheostoma,2.0,,,,,,
Etheostoma moorei,Yellowcheek darter,Perciformes,Percidae,Etheostoma,4.0,,,,,,
Etheostoma nianguae,Niangua darter,Perciformes,Percidae,Etheostoma,4.0,,,,,,
Etheostoma nigrum,Johnny darter,Perciformes,Percidae,Etheostoma,4.0,,,,,,
Etheostoma okaloosae,Okaloosa darter,Perciformes,Percidae,Etheostoma,8.0,,,,,,
Etheostoma olivaceum,Dirty darter,Perciformes,Percidae,Etheostoma,2.0,,,,,,
Etheostoma olmstedi,Tessellated darter,Perciformes,Percidae,Etheostoma,4.0,,,,,,
Etheostoma pallididorsum,Paleback darter,Perciformes,Percidae,Etheostoma,2.0,,,,,,
Etheostoma proeliare,Cypress darter,Perciformes,Percidae,Etheostoma,2.0,,,,,,
Etheostoma punctulatum,Stippled darter,Perciformes,Percidae,Etheostoma,4.0,,,,,,
Etheostoma radiosum,Orangebelly darter,Perciformes,Percidae,Etheostoma,4.0,,,,,,
Etheostoma rubrum,Bayou darter,Perciformes,Percidae,Etheostoma,3.0,,,,,,
Etheostoma rufilineatum,Redline darter,Perciformes,Percidae,Etheostoma,4.0,,1.0,,,,
Etheostoma smithi,Slabrock darter,Perciformes,Percidae,Etheostoma,2.0,,,,,,
Etheostoma squamiceps,Spottail darter,Perciformes,Percidae,Etheostoma,3.0,,,,,,
Etheostoma striatulum,Striated darter,Perciformes,Percidae,Etheostoma,2.0,,,,,,
Etheostoma variatum,Variegate darter,Perciformes,Percidae,Etheostoma,4.0,,,,,,
Etheostoma zonale,Banded darter,Perciformes,Percidae,Etheostoma,4.0,,,,,,
Perca flavescens,Yellow perch,Perciformes,Percidae,Perca,12.0,1055.25,,0.0438356164383562,,,
Perca fluviatilis,Eurasian perch,Perciformes,Percidae,Perca,22.0,2612.5,2.9986301369863,,,,
Percina aurantiaca,Tangerine darter,Perciformes,Percidae,Percina,4.5,,,,,,
Percina burtoni,Blotchside logperch,Perciformes,Percidae,Percina,4.0,,,,,,
Percina caprodes,Logperch,Perciformes,Percidae,Percina,3.0,,,0.0191780821917808,,,
Percina evides,Gilt darter,Perciformes,Percidae,Percina,4.0,,,,,,
Percina macrocephala,Longhead darter,Perciformes,Percidae,Percina,4.0,,,,,,
Percina maculata,Blackside darter,Perciformes,Percidae,Percina,4.0,,,,,,
Percina pantherina,Leopard darter,Perciformes,Percidae,Percina,3.0,,,,,,
Percina phoxocephala,Slenderhead darter,Perciformes,Percidae,Percina,3.0,,,,,,
Percina rex,Roanoke logperch,Perciformes,Percidae,Percina,6.0,,,,,,
Percina roanoka,Roanoke darter,Perciformes,Percidae,Percina,3.0,,,,,,
Percina sciera,Dusky darter,Perciformes,Percidae,Percina,4.0,,,,,,
Percina shumardi,River darter,Perciformes,Percidae,Percina,3.0,,,,,,
Percina tanasi,Snail darter,Perciformes,Percidae,Percina,4.0,,,,,,
Percina vigil,Saddleback darter,Perciformes,Percidae,Percina,2.0,,,,,,
Sander canadensis,Sauger,Perciformes,Percidae,Sander,18.0,2000.0,2.0,0.0547945205479452,,,
Sander lucioperca,Zander,Perciformes,Percidae,Sander,16.0,11000.0,3.66575342465753,,,,
Sander vitreus,Walleye,Perciformes,Percidae,Sander,29.0,11000.0,,,,,
Pholis gunnellus,Rock gunnel,Perciformes,Pholidae,Pholis,5.0,,,,,,
Acanthoclinus fuscus,Taumaka,Perciformes,Plesiopidae,Acanthoclinus,9.0,,,,,,
Polydactylus macrochir,King threadfin,Perciformes,Polynemidae,Polydactylus,20.0,24750.0,,,,,
Polyprion oxygeneios,Hapuka,Perciformes,Polyprionidae,Polyprion,60.0,55000.0,11.4986301369863,,,,
Stereolepis gigas,Giant sea bass,Perciformes,Polyprionidae,Stereolepis,75.0,140580.0,,,,,
Centropyge bicolor,Black and gold angelfish,Perciformes,Pomacanthidae,Centropyge,13.0,,,,,,
Centropyge flavissima,Lemonpeel angelfish,Perciformes,Pomacanthidae,Centropyge,11.0,,,,,,
Pomacanthus navarchus,Bluegirdled angelfish,Perciformes,Pomacanthidae,Pomacanthus,15.0,,,,,,
Pygoplites diacanthus,Royal angelfish,Perciformes,Pomacanthidae,Pygoplites,14.5,,,,,,
Amphiprion clarkii,Black clown,Perciformes,Pomacentridae,Amphiprion,11.0,,,,,,
Amphiprion ephippium,Red saddleback anemonefish,Perciformes,Pomacentridae,Amphiprion,16.0,,,,,,
Amphiprion melanopus,Black anemonefish,Perciformes,Pomacentridae,Amphiprion,5.0,,,,,,
Pomatomus saltatrix,Bluefish,Perciformes,Pomatomidae,Pomatomus,9.0,7920.0,,,,,
Cookeolus japonicus,Bulleye,Perciformes,Priacanthidae,Cookeolus,9.0,1144.0,,,,,
Rachycentron canadum,Cobia,Perciformes,Rachycentridae,Rachycentron,15.0,37400.0,,,,,
Chlorurus gibbus,Heavybeak parrotfish,Perciformes,Scaridae,Chlorurus,14.0,2200.0,,,,,
Scarus frenatus,Bridled parrotfish,Perciformes,Scaridae,Scarus,20.0,,,,,,
Scarus ghobban,Flame parrotfish,Perciformes,Scaridae,Scarus,13.0,,,,,,
Scarus psittacus,Palenose parrotfish,Perciformes,Scaridae,Scarus,5.0,,,,,,
Scarus rubroviolaceus,Bicolor parrotfish,Perciformes,Scaridae,Scarus,20.0,,,,,,
Aplodinotus grunniens,Freshwater drum,Perciformes,Sciaenidae,Aplodinotus,13.0,13292.5,,0.00547945205479452,,,
Argyrosomus japonicus,Southern meagre,Perciformes,Sciaenidae,Argyrosomus,30.0,41250.0,,,,,
Atractoscion nobilis,White seabass,Perciformes,Sciaenidae,Atractoscion,20.0,22550.0,,,,,
Cheilotrema saturnum,Black croaker,Perciformes,Sciaenidae,Cheilotrema,20.0,385.0,,,,,
Cynoscion nebulosus,Spotted seatrout,Perciformes,Sciaenidae,Cynoscion,18.0,4356.0,,,,,
Genyonemus lineatus,White croaker,Perciformes,Sciaenidae,Genyonemus,15.0,,,,,,
Leiostomus xanthurus,Spot,Perciformes,Sciaenidae,Leiostomus,4.0,247.5,,,,,
Menticirrhus undulatus,California corbina,Perciformes,Sciaenidae,Menticirrhus,8.0,2145.0,,,,,
Micropogonias furnieri,Whitemouth drummer,Perciformes,Sciaenidae,Micropogonias,7.0,,3.4986301369863,,,,
Micropogonias undulatus,Atlantic croaker,Perciformes,Sciaenidae,Micropogonias,5.0,1419.0,1.0,,,,
Pogonias cromis,Black drum,Perciformes,Sciaenidae,Pogonias,43.0,28215.0,,,,,
Sciaenops ocellatus,Red drum,Perciformes,Sciaenidae,Sciaenops,50.0,24750.0,3.9986301369863,,,,
Totoaba macdonaldi,Totoaba,Perciformes,Sciaenidae,Totoaba,15.0,,,,,,
Auxis thazard,Frigate tuna,Perciformes,Scombridae,Auxis,5.0,,,,,,
Euthynnus affinis,Little tunny,Perciformes,Scombridae,Euthynnus,10.0,7700.0,,,,,
Katsuwonus pelamis,Skipjack tuna,Perciformes,Scombridae,Katsuwonus,12.0,18975.0,3.0,,,,
Rastrelliger brachysoma,Indian mackerel,Perciformes,Scombridae,Rastrelliger,4.0,,,,,,
Sarda sarda,Atlantic bonito,Perciformes,Scombridae,Sarda,5.0,6050.0,1.0,,,,
Scomber japonicus,Chub mackerel,Perciformes,Scombridae,Scomber,18.0,1595.0,2.24931506849315,,,,
Scomber scombrus,Atlantic mackerel,Perciformes,Scombridae,Scomber,17.0,1870.0,2.14794520547945,,,,
Scomberomorus commerson,King mackerel,Perciformes,Scombridae,Scomberomorus,14.0,38500.0,2.4986301369863,,,,
Scomberomorus maculatus,Spanish mackerel,Perciformes,Scombridae,Scomberomorus,5.0,3239.5,2.5,,,,
Scomberomorus tritor,West African Spanish mackerel,Perciformes,Scombridae,Scomberomorus,5.0,3300.0,,,,,
Thunnus alalunga,Albacore,Perciformes,Scombridae,Thunnus,13.0,33165.0,5.0,,,,
Thunnus albacares,Yellowfin tuna,Perciformes,Scombridae,Thunnus,9.0,,,,,,
Thunnus maccoyii,Southern bluefin tuna,Perciformes,Scombridae,Thunnus,20.0,143000.0,8.4986301369863,,,,
Thunnus obesus,Bigeye tuna,Perciformes,Scombridae,Thunnus,11.0,115500.0,,,,,
Thunnus thynnus,Horse mackerel,Perciformes,Scombridae,Thunnus,15.0,376200.0,3.74794520547945,,,,
Centropristis striata,Black sea bass,Perciformes,Serranidae,Centropristis,20.0,2365.0,,,,,
Cephalopholis miniata,Bluespot rockcod,Perciformes,Serranidae,Cephalopholis,25.0,,,,,,
Epinephelus areolatus,Areolate grouper,Perciformes,Serranidae,Epinephelus,15.0,770.0,,,,,
Epinephelus chlorostigma,Brownspotted grouper,Perciformes,Serranidae,Epinephelus,29.0,3850.0,3.0,,,,
Epinephelus coioides,Orange-spotted grouper,Perciformes,Serranidae,Epinephelus,22.0,8250.0,2.4986301369863,,,,
Epinephelus drummondhayi,Speckled hind,Perciformes,Serranidae,Epinephelus,25.0,16500.0,,,,,
Epinephelus flavolimbatus,Yellowedge grouper,Perciformes,Serranidae,Epinephelus,32.0,10230.0,,,,,
Epinephelus marginatus,Dusky grouper,Perciformes,Serranidae,Epinephelus,50.0,33000.0,11.0,,,,
Epinephelus niveatus,Snowy grouper,Perciformes,Serranidae,Epinephelus,27.0,16500.0,5.0,,,,
Epinephelus striatus,Nassau grouper,Perciformes,Serranidae,Epinephelus,16.0,13750.0,,,,,
Mycteroperca interstitialis,Yellowmouth grouper,Perciformes,Serranidae,Mycteroperca,41.0,5610.0,,,,,
Mycteroperca phenax,Scamp,Perciformes,Serranidae,Mycteroperca,21.0,7810.0,,,,,
Paralabrax clathratus,Kelp bass,Perciformes,Serranidae,Paralabrax,31.0,3850.0,,,,,
Paralabrax nebulifer,Barred sand bass,Perciformes,Serranidae,Paralabrax,31.0,3289.0,,,,,
Plectropomus leopardus,Bluedotted coraltrout,Perciformes,Serranidae,Plectropomus,26.0,12980.0,3.24931506849315,,,,
Serranus scriba,Painted comber,Perciformes,Serranidae,Serranus,60.0,8250.0,,,,,
Sillaginodes punctatus,Spotted whiting,Perciformes,Sillaginidae,Sillaginodes,15.0,2640.0,3.4986301369863,,,,
Sillago ciliata,Sand whiting,Perciformes,Sillaginidae,Sillago,22.0,770.0,,,,,
Sillago schomburgkii,Western sand whiting,Perciformes,Sillaginidae,Sillago,12.0,,,,,,
Sillago sihama,Northern whiting,Perciformes,Sillaginidae,Sillago,7.0,,,,,,
Acanthopagrus australis,Surf bream,Perciformes,Sparidae,Acanthopagrus,12.0,2475.0,,,,,
Acanthopagrus butcheri,Southern black bream,Perciformes,Sparidae,Acanthopagrus,29.0,2200.0,2.4986301369863,,,,
Archosargus probatocephalus,Sheepshead,Perciformes,Sparidae,Archosargus,20.0,2000.0,2.0,,,,
Calamus nodosus,Knobbed porgy,Perciformes,Sparidae,Calamus,17.0,1446.5,,,,,
Chrysophrys auratus,Squirefish,Perciformes,Sparidae,Chrysophrys,35.0,11000.0,3.4986301369863,,,,
Diplodus annularis,Annular seabream,Perciformes,Sparidae,Diplodus,7.0,,1.5,,,,
Diplodus sargus,White seabream,Perciformes,Sparidae,Diplodus,21.0,1000.0,,,,,
Lithognathus aureti,West coast seabream,Perciformes,Sparidae,Lithognathus,50.0,10615.0,6.92465753424658,,,,
Pagellus bogaraveo,Blackspot seabream,Perciformes,Sparidae,Pagellus,15.0,2200.0,,,,,
Sparus aurata,Gilthead seabream,Perciformes,Sparidae,Sparus,11.0,9460.0,,,,,
Spondyliosoma cantharus,Black sea bream,Perciformes,Sparidae,Spondyliosoma,15.0,671.0,,,,,
Stenotomus chrysops,Scup,Perciformes,Sparidae,Stenotomus,19.0,1133.0,,,,,
Sphyraena argentea,Pacific barracuda,Perciformes,Sphyraenidae,Sphyraena,11.0,6600.0,,,,,
Sphyraena barracuda,Great barracuda,Perciformes,Sphyraenidae,Sphyraena,14.0,24000.0,3.0,,,,
Trichiurus lepturus,Atlantic cutlassfish,Perciformes,Trichiuridae,Trichiurus,15.0,2750.0,,,,,
Bellapiscis lesleyae,Mottled twister,Perciformes,Tripterygiidae,Bellapiscis,3.0,,,,,,
Forsterygion lapillum,Common triplefin,Perciformes,Tripterygiidae,Forsterygion,3.0,,,,,,
Forsterygion varium,Striped triplefin,Perciformes,Tripterygiidae,Forsterygion,4.0,,,,,,
Kathetostoma giganteum,Flathead,Perciformes,Uranoscopidae,Kathetostoma,20.0,,,,,,
Lycodes pacificus,Blackbelly eelpout,Perciformes,Zoarcidae,Lycodes,5.0,,,,,,
Zoarces americanus,Ocean pout,Perciformes,Zoarcidae,Zoarces,18.0,2989.8,,,,,
Zoarces viviparus,Viviporous blenny,Perciformes,Zoarcidae,Zoarces,10.0,280.5,,,,,
Forbesichthys agassizii,Spring cavefish,Percopsiformes,Amblyopsidae,Forbesichthys,3.0,,,,,,
Typhlichthys subterraneus,Southern cavefish,Percopsiformes,Amblyopsidae,Typhlichthys,4.0,,,,,,
Aphredoderus sayanus,Pirate perch,Percopsiformes,Aphredoderidae,Aphredoderus,4.0,,,,,,
Percopsis omiscomaycus,Trout-perch,Percopsiformes,Percopsidae,Percopsis,4.0,,,,,,
Percopsis transmontana,Sand roller,Percopsiformes,Percopsidae,Percopsis,6.0,,,,,,
Trinectes maculatus,Hogchoker,Pleuronectiformes,Achiridae,Trinectes,6.0,,,,,,
Arnoglossus imperialis,Scaldfish,Pleuronectiformes,Bothidae,Arnoglossus,8.0,,,,,,
Arnoglossus thori,Grohmann's scaldfish,Pleuronectiformes,Bothidae,Arnoglossus,10.0,,,,,,
Etropus crossotus,Fringed flounder,Pleuronectiformes,Paralichthyidae,Etropus,2.0,,,,,,
Paralichthys californicus,California halibut,Pleuronectiformes,Paralichthyidae,Paralichthys,30.0,18150.0,,,,,
Paralichthys lethostigma,Southern flounder,Pleuronectiformes,Paralichthyidae,Paralichthys,8.0,5131.5,,,,,
Pseudorhombus pentophthalmus,Fivespot flounder,Pleuronectiformes,Paralichthyidae,Pseudorhombus,3.0,,,,,,
Atheresthes stomias,Arrowtooth flounder,Pleuronectiformes,Pleuronectidae,Atheresthes,15.0,1100.0,,,,,
Eopsetta jordani,Petrale sole,Pleuronectiformes,Pleuronectidae,Eopsetta,25.0,1980.0,7.5,,,,
Glyptocephalus cynoglossus,Witch flounder,Pleuronectiformes,Pleuronectidae,Glyptocephalus,25.0,1375.0,,,,,
Glyptocephalus zachirus,Rex sole,Pleuronectiformes,Pleuronectidae,Glyptocephalus,24.0,825.0,,,,,
Hippoglossoides platessoides,American plaice,Pleuronectiformes,Pleuronectidae,Hippoglossoides,30.0,3520.0,6.40547945205479,,,,
Hippoglossus hippoglossus,Atlantic halibut,Pleuronectiformes,Pleuronectidae,Hippoglossus,90.0,176000.0,9.1986301369863,,,,
Hippoglossus stenolepis,Pacific halibut,Pleuronectiformes,Pleuronectidae,Hippoglossus,42.0,199650.0,12.9986301369863,,,,
Isopsetta isolepis,Butter sole,Pleuronectiformes,Pleuronectidae,Isopsetta,11.0,,,,,,
Kareius bicoloratus,Stone flounder,Pleuronectiformes,Pleuronectidae,Kareius,12.0,,,,,,
Lepidopsetta bilineata,Rock sole,Pleuronectiformes,Pleuronectidae,Lepidopsetta,22.0,,9.0,,,,
Limanda aspera,Yellowfin sole,Pleuronectiformes,Pleuronectidae,Limanda,26.0,233.75,6.4986301369863,,,,
Limanda ferruginea,Yellowtail flounder,Pleuronectiformes,Pleuronectidae,Limanda,12.0,825.0,4.18082191780822,,,,
Microstomus kitt,Lemon sole,Pleuronectiformes,Pleuronectidae,Microstomus,23.0,1600.0,4.0,,,,
Microstomus pacificus,Dover sole,Pleuronectiformes,Pleuronectidae,Microstomus,45.0,,7.5013698630137,,,,
Platichthys flesus,European flounder,Pleuronectiformes,Pleuronectidae,Platichthys,15.0,7700.0,3.4986301369863,,,,
Platichthys stellatus,Starry flounder,Pleuronectiformes,Pleuronectidae,Platichthys,24.0,5005.0,,,,,
Pleuronectes platessa,Plaice,Pleuronectiformes,Pleuronectidae,Pleuronectes,50.0,3850.0,2.92191780821918,,,,
Pseudopleuronectes americanus,Winter flounder,Pleuronectiformes,Pleuronectidae,Pseudopleuronectes,14.0,1980.0,2.81643835616438,,,,
Reinhardtius hippoglossoides,Greenland halibut,Pleuronectiformes,Pleuronectidae,Reinhardtius,30.0,3850.0,9.49041095890411,,,,
Rhombosolea plebeia,Dab,Pleuronectiformes,Rhombosoleidae,Rhombosolea,12.0,,,,,,
Scophthalmus maximus,Turbot,Pleuronectiformes,Scophthalmidae,Scophthalmus,26.0,13750.0,4.0,,,,
Scophthalmus rhombus,Brill,Pleuronectiformes,Scophthalmidae,Scophthalmus,6.0,4400.0,,,,,
Buglossidium luteum,Solenette,Pleuronectiformes,Soleidae,Buglossidium,13.0,,3.0,,,,
Microchirus variegatus,Thickback sole,Pleuronectiformes,Soleidae,Microchirus,14.0,,,,,,
Pegusa impar,Adriatic sole,Pleuronectiformes,Soleidae,Pegusa,12.0,,,,,,
Pegusa lascaris,Atlantic sole,Pleuronectiformes,Soleidae,Pegusa,15.0,,,,,,
Solea solea,Common sole,Pleuronectiformes,Soleidae,Solea,27.0,1650.0,4.0,,,,
Coregonus albula,Vendace,Salmoniformes,Salmonidae,Coregonus,10.0,550.0,2.0,,,,
Coregonus artedi,Cisco,Salmoniformes,Salmonidae,Coregonus,11.0,1842.0,,,,,
Coregonus clupeaformis,Lake whitefish,Salmoniformes,Salmonidae,Coregonus,50.0,10450.0,,,,,
Coregonus hoyi,Bloater,Salmoniformes,Salmonidae,Coregonus,10.0,,,,,,
Coregonus kiyi,Kiyi,Salmoniformes,Salmonidae,Coregonus,10.0,,,,,,
Coregonus muksun,Muksun,Salmoniformes,Salmonidae,Coregonus,23.0,7590.0,,,,,
Coregonus nasus,Broad whitefish,Salmoniformes,Salmonidae,Coregonus,15.0,8800.0,,,,,
Coregonus nigripinnis,Blackfin cisco,Salmoniformes,Salmonidae,Coregonus,14.0,,,,,,
Coregonus pidschian,Humpback whitefish,Salmoniformes,Salmonidae,Coregonus,14.0,,12.5,,,,
Coregonus pollan,Irish pollan,Salmoniformes,Salmonidae,Coregonus,10.0,247.5,3.4986301369863,,,,
Coregonus reighardi,Shortnose cisco,Salmoniformes,Salmonidae,Coregonus,8.0,296.45,,,,,
Coregonus sardinella,Least cisco,Salmoniformes,Salmonidae,Coregonus,26.0,305.25,5.12465753424657,,,,
Coregonus zenithicus,Longjaw cisco,Salmoniformes,Salmonidae,Coregonus,11.0,,,,,,
Hucho hucho,Danube salmon,Salmoniformes,Salmonidae,Hucho,15.0,28600.0,5.0,,,,
Hucho taimen,Taimen,Salmoniformes,Salmonidae,Hucho,16.0,38500.0,,,,,
Oncorhynchus clarkii,Cutthroat trout,Salmoniformes,Salmonidae,Oncorhynchus,10.0,10230.0,3.0,,,,
Oncorhynchus gorbuscha,Pink salmon,Salmoniformes,Salmonidae,Oncorhynchus,3.0,3740.0,2.0,,,,
Oncorhynchus keta,Chum salmon,Salmoniformes,Salmonidae,Oncorhynchus,7.0,8745.0,3.24931506849315,,,,
Oncorhynchus kisutch,Coho salmon,Salmoniformes,Salmonidae,Oncorhynchus,5.0,8360.0,3.0,,,,
Oncorhynchus mykiss,Steelhead,Salmoniformes,Salmonidae,Oncorhynchus,11.0,12235.0,2.4986301369863,0.0493150684931507,,,
Oncorhynchus nerka,Sockeye salmon,Salmoniformes,Salmonidae,Oncorhynchus,8.0,4240.5,2.0,,,,
Oncorhynchus tshawytscha,Chinook salmon,Salmoniformes,Salmonidae,Oncorhynchus,9.0,33770.0,4.0,,,,
Prosopium coulterii,Pygmy whitefish,Salmoniformes,Salmonidae,Prosopium,9.0,,,,,,
Prosopium cylindraceum,Round whitefish,Salmoniformes,Salmonidae,Prosopium,16.0,1498.0,3.0,0.383561643835616,,,
Prosopium gemmifer,Bonneville cisco,Salmoniformes,Salmonidae,Prosopium,6.0,,,,,,
Prosopium spilonotus,Bonneville whitefish,Salmoniformes,Salmonidae,Prosopium,8.0,,,,,,
Prosopium williamsoni,Mountain whitefish,Salmoniformes,Salmonidae,Prosopium,17.0,1606.0,,,,,
Salmo salar,Atlantic salmon,Salmoniformes,Salmonidae,Salmo,13.0,25740.0,5.0,,,,
Salmo trutta,Brown trout,Salmoniformes,Salmonidae,Salmo,38.0,,,,,,
Salvelinus alpinus,Arctic char,Salmoniformes,Salmonidae,Salvelinus,40.0,,9.0,,,,
Salvelinus fontinalis,Bunnylake brook trout,Salmoniformes,Salmonidae,Salvelinus,24.0,4397.25,2.0,,,,
Salvelinus namaycush,Lake trout,Salmoniformes,Salmonidae,Salvelinus,50.0,17985.0,13.2493150684931,,,,
Stenodus leucichthys,Inconnu,Salmoniformes,Salmonidae,Stenodus,22.0,22000.0,10.5,,,,
Thymallus arcticus,Arctic grayling,Salmoniformes,Salmonidae,Thymallus,18.0,2103.25,,,,,
Agonus cataphractus,Armed bullhead,Scorpaeniformes,Agonidae,Agonus,3.0,,2.4986301369863,,,,
Anoplopoma fimbria,Sablefish,Scorpaeniformes,Anoplopomatidae,Anoplopoma,114.0,31350.0,6.0,,,,
Cottus aleuticus,Coastrange sculpin,Scorpaeniformes,Cottidae,Cottus,8.0,,,,,,
Cottus asper,Prickly sculpin,Scorpaeniformes,Cottidae,Cottus,7.0,,,,,,
Cottus bairdii,Mottled sculpin,Scorpaeniformes,Cottidae,Cottus,6.0,,2.0,,,,
Cottus carolinae,Banded sculpin,Scorpaeniformes,Cottidae,Cottus,4.0,,2.0,,,,
Cottus cognatus,Slimy sculpin,Scorpaeniformes,Cottidae,Cottus,7.0,,,,,,
Cottus confusus,Shorthead sculpin,Scorpaeniformes,Cottidae,Cottus,6.0,,,,,,
Cottus gobio,Bullhead,Scorpaeniformes,Cottidae,Cottus,5.0,,,,,,
Cottus paulus,Pygmy sculpin,Scorpaeniformes,Cottidae,Cottus,2.0,,,,,,
Cottus poecilopus,Alpine bullhead,Scorpaeniformes,Cottidae,Cottus,8.0,,,,,,
Leptocottus armatus,Pacific staghorn sculpin,Scorpaeniformes,Cottidae,Leptocottus,10.0,,,,,,
Myoxocephalus octodecemspinosus,Longhorn sculpin,Scorpaeniformes,Cottidae,Myoxocephalus,11.0,,,,,,
Myoxocephalus quadricornis,Fourhorn sculpin,Scorpaeniformes,Cottidae,Myoxocephalus,14.0,143.0,,,,,
Hexagrammos decagrammus,Kelp greenling,Scorpaeniformes,Hexagrammidae,Hexagrammos,12.0,1155.0,4.0,,,,
Ophiodon elongatus,Lingcod,Scorpaeniformes,Hexagrammidae,Ophiodon,20.0,32505.0,,,,,
Neoplatycephalus richardsoni,Tiger flathead,Scorpaeniformes,Platycephalidae,Neoplatycephalus,12.0,1650.0,,,,,
Platycephalus conatus,Deepwater flathead,Scorpaeniformes,Platycephalidae,Platycephalus,20.0,,4.9986301369863,,,,
Gymnapistes marmoratus,Devilfish,Scorpaeniformes,Scorpaenidae,Gymnapistes,14.0,,2.0,,,,
Helicolenus percoides,Sea perch,Scorpaeniformes,Scorpaenidae,Helicolenus,42.0,770.0,,,,,
Pterois volitans,Red firefish,Scorpaeniformes,Scorpaenidae,Pterois,10.0,,,,,,
Sebastes aleutianus,Rougheye rockfish,Scorpaeniformes,Scorpaenidae,Sebastes,205.0,495.0,,,,,
Sebastes alutus,Pacific ocean perch,Scorpaeniformes,Scorpaenidae,Sebastes,100.0,770.0,9.59178082191781,,,,
Sebastes atrovirens,Kelp rockfish,Scorpaeniformes,Scorpaenidae,Sebastes,20.0,,,,,,
Sebastes auriculatus,Brown rockfish,Scorpaeniformes,Scorpaenidae,Sebastes,20.0,,,,,,
Sebastes babcocki,Redbanded rockfish,Scorpaeniformes,Scorpaenidae,Sebastes,106.0,2442.0,,,,,
Sebastes borealis,Shortraker rockfish,Scorpaeniformes,Scorpaenidae,Sebastes,157.0,8910.0,,,,,
Sebastes brevispinis,Silvergray rockfish,Scorpaeniformes,Scorpaenidae,Sebastes,82.0,2590.5,,,,,
Sebastes carnatus,Gopher rockfish,Scorpaeniformes,Scorpaenidae,Sebastes,30.0,,,,,,
Sebastes caurinus,Copper rockfish,Scorpaeniformes,Scorpaenidae,Sebastes,55.0,1507.0,,,,,
Sebastes chlorostictus,Greenspotted rockfish,Scorpaeniformes,Scorpaenidae,Sebastes,33.0,555.5,,,,,
Sebastes chrysomelas,Black-and-yellow rockfish,Scorpaeniformes,Scorpaenidae,Sebastes,22.0,,,,,,
Sebastes ciliatus,Dusky rockfish,Scorpaeniformes,Scorpaenidae,Sebastes,67.0,995.5,,,,,
Sebastes constellatus,Starry rockfish,Scorpaeniformes,Scorpaenidae,Sebastes,32.0,572.0,,,,,
Sebastes crameri,Darkblotched rockfish,Scorpaeniformes,Scorpaenidae,Sebastes,66.0,,6.74931506849315,,,,
Sebastes dallii,Calico rockfish,Scorpaeniformes,Scorpaenidae,Sebastes,12.0,,,,,,
Sebastes diploproa,Splitnose rockfish,Scorpaeniformes,Scorpaenidae,Sebastes,84.0,445.5,5.0,,,,
Sebastes elongatus,Greenstriped rockfish,Scorpaeniformes,Scorpaenidae,Sebastes,42.0,346.5,,,,,
Sebastes entomelas,Widow rockfish,Scorpaeniformes,Scorpaenidae,Sebastes,60.0,,,,,,
Sebastes flavidus,Yellowtail rockfish,Scorpaeniformes,Scorpaenidae,Sebastes,64.0,1380.5,6.5,,,,
Sebastes goodei,Chilipepper,Scorpaeniformes,Scorpaenidae,Sebastes,27.0,847.0,,,,,
Sebastes helvomaculatus,Rosethorn rockfish,Scorpaeniformes,Scorpaenidae,Sebastes,87.0,,,,,,
Sebastes hopkinsi,Squarespot rockfish,Scorpaeniformes,Scorpaenidae,Sebastes,19.0,,,,,,
Sebastes jordani,Shortbelly rockfish,Scorpaeniformes,Scorpaenidae,Sebastes,31.0,,,,,,
Sebastes levis,Cowcod,Scorpaeniformes,Scorpaenidae,Sebastes,55.0,7150.0,11.5,,,,
Sebastes maliger,Quillback rockfish,Scorpaeniformes,Scorpaenidae,Sebastes,90.0,1804.0,,,,,
Sebastes melanops,Black rockfish,Scorpaeniformes,Scorpaenidae,Sebastes,50.0,2640.0,,,,,
Sebastes mentella,Deepwater redfish,Scorpaeniformes,Scorpaenidae,Sebastes,75.0,,11.5,,,,
Sebastes miniatus,Vermilion rockfish,Scorpaeniformes,Scorpaenidae,Sebastes,43.0,3700.0,,,,,
Sebastes mystinus,Blue rockfish,Scorpaeniformes,Scorpaenidae,Sebastes,44.0,2084.5,3.9986301369863,,,,
Sebastes nebulosus,China rockfish,Scorpaeniformes,Scorpaenidae,Sebastes,79.0,918.5,,,,,
Sebastes nigrocinctus,Tiger rockfish,Scorpaeniformes,Scorpaenidae,Sebastes,116.0,1221.0,,,,,
Sebastes ovalis,Speckled rockfish,Scorpaeniformes,Scorpaenidae,Sebastes,37.0,522.5,,,,,
Sebastes paucispinis,Bocaccio,Scorpaeniformes,Scorpaenidae,Sebastes,50.0,5296.5,4.0,,,,
Sebastes pinniger,Canary rockfish,Scorpaeniformes,Scorpaenidae,Sebastes,84.0,2491.5,5.4986301369863,,,,
Sebastes polyspinis,Northern rockfish,Scorpaeniformes,Scorpaenidae,Sebastes,57.0,,,,,,
Sebastes proriger,Redstripe rockfish,Scorpaeniformes,Scorpaenidae,Sebastes,55.0,,,,,,
Sebastes rastrelliger,Grass rockfish,Scorpaeniformes,Scorpaenidae,Sebastes,23.0,,,,,,
Sebastes reedi,Yellowmouth rockfish,Scorpaeniformes,Scorpaenidae,Sebastes,99.0,,,,,,
Sebastes rosaceus,Rosy rockfish,Scorpaeniformes,Scorpaenidae,Sebastes,14.0,,,,,,
Sebastes rosenblatti,Greenblotched rockfish,Scorpaeniformes,Scorpaenidae,Sebastes,50.0,,,,,,
Sebastes ruberrimus,Rasphead rockfish,Scorpaeniformes,Scorpaenidae,Sebastes,118.0,9790.0,13.4986301369863,,,,
Sebastes rubrivinctus,Flag rockfish,Scorpaeniformes,Scorpaenidae,Sebastes,18.0,797.5,,,,,
Sebastes rufus,Bank rockfish,Scorpaeniformes,Scorpaenidae,Sebastes,53.0,1089.0,,,,,
Sebastes saxicola,Stripetail rockfish,Scorpaeniformes,Scorpaenidae,Sebastes,38.0,,,,,,
Sebastes serranoides,Olive rockfish,Scorpaeniformes,Scorpaenidae,Sebastes,25.0,900.0,,,,,
Sebastes variegatus,Harlequin rockfish,Scorpaeniformes,Scorpaenidae,Sebastes,47.0,,,,,,
Sebastes viviparus,Norway haddock,Scorpaeniformes,Scorpaenidae,Sebastes,40.0,550.0,,,,,
Sebastes wilsoni,Pygmy rockfish,Scorpaeniformes,Scorpaenidae,Sebastes,24.0,,,,,,
Sebastes zacentrus,Sharpchin rockfish,Scorpaeniformes,Scorpaenidae,Sebastes,58.0,,,,,,
Sebastolobus alascanus,Shortspine thornyhead,Scorpaeniformes,Scorpaenidae,Sebastolobus,115.0,1270.5,,,,,
Sebastolobus altivelis,Longspine thornyhead,Scorpaeniformes,Scorpaenidae,Sebastolobus,45.0,,,,,,
Chelidonichthys capensis,Cape gurnard,Scorpaeniformes,Triglidae,Chelidonichthys,16.0,,3.0,,,,
Chelidonichthys cuculus,East Atlantic red gurnard,Scorpaeniformes,Triglidae,Chelidonichthys,21.0,,2.0,,,,
Chelidonichthys kumu,Bluefin searobin,Scorpaeniformes,Triglidae,Chelidonichthys,15.0,825.0,2.4986301369863,,,,
Chelidonichthys lucernus,Tub gurnard,Scorpaeniformes,Triglidae,Chelidonichthys,15.0,3300.0,,,,,
Chelidonichthys queketti,Lesser gurnard,Scorpaeniformes,Triglidae,Chelidonichthys,7.0,,1.6986301369863,,,,
Trigla lyra,Lyre gurnard,Scorpaeniformes,Triglidae,Trigla,7.0,,,,,,
Trigloporus lastoviza,Streaked gurnard,Scorpaeniformes,Triglidae,Trigloporus,18.0,,,,,,
Genidens barbus,White sea catfish,Siluriformes,Ariidae,Genidens,36.0,,,,,,
Bagrus bajad,African catfish,Siluriformes,Bagridae,Bagrus,17.0,6875.0,4.4986301369863,,,,
Corydoras punctatus,South American catfish,Siluriformes,Callichthyidae,Corydoras,8.8,,,,,,
Heteropneustes fossilis,Stinging catfish,Siluriformes,Heteropneustidae,Heteropneustes,17.5,,1.0,,,,
Ameiurus catus,White catfish,Siluriformes,Ictaluridae,Ameiurus,14.0,5362.5,,,,,
Ameiurus melas,Black bullhead,Siluriformes,Ictaluridae,Ameiurus,10.0,1995.5,2.0,0.0191780821917808,,,
Ameiurus natalis,Yellow bullhead,Siluriformes,Ictaluridae,Ameiurus,7.0,1278.0,2.0,,,,
Ameiurus platycephalus,Flat bullhead,Siluriformes,Ictaluridae,Ameiurus,7.0,,,,,,
Ictalurus furcatus,Blue catfish,Siluriformes,Ictaluridae,Ictalurus,21.0,37450.0,,,,,
Ictalurus punctatus,Channel catfish,Siluriformes,Ictaluridae,Ictalurus,16.0,13732.5,,,,,
Noturus albater,Ozark madtom,Siluriformes,Ictaluridae,Noturus,3.0,,,,,,
Noturus eleutherus,Mountain madtom,Siluriformes,Ictaluridae,Noturus,5.0,,,,,,
Noturus exilis,Slender madtom,Siluriformes,Ictaluridae,Noturus,4.0,,,,,,
Noturus flavater,Checkered madtom,Siluriformes,Ictaluridae,Noturus,5.0,,,,,,
Noturus flavipinnis,Yellowfin madtom,Siluriformes,Ictaluridae,Noturus,4.0,,,,,,
Noturus flavus,Stonecat,Siluriformes,Ictaluridae,Noturus,9.0,,3.0,,,,
Noturus gilberti,Orangefin madtom,Siluriformes,Ictaluridae,Noturus,3.0,,,,,,
Noturus gyrinus,Tadpole madtom,Siluriformes,Ictaluridae,Noturus,3.0,,,,,,
Noturus leptacanthus,Speckled madtom,Siluriformes,Ictaluridae,Noturus,3.0,,,,,,
Noturus miurus,Brindled madtom,Siluriformes,Ictaluridae,Noturus,3.0,,,,,,
Noturus nocturnus,Freckled madtom,Siluriformes,Ictaluridae,Noturus,4.0,,,,,,
Pylodictis olivaris,Flathead catfish,Siluriformes,Ictaluridae,Pylodictis,20.0,30717.5,4.5,,,,
Hypostomus punctatus,Suckermouthed catfish,Siluriformes,Loricariidae,Hypostomus,18.0,,,,,,
Malapterurus electricus,Electric catfish,Siluriformes,Malapteruridae,Malapterurus,10.0,,,,,,
Synodontis schall,Upside-down catfish,Siluriformes,Mochokidae,Synodontis,31.0,275.0,,,,,
Cnidoglanis macrocephalus,Cobbler,Siluriformes,Plotosidae,Cnidoglanis,13.0,1375.0,2.4986301369863,,,,
Plotosus lineatus,Striped eel-catfish,Siluriformes,Plotosidae,Plotosus,7.0,,2.0,,,,
Silurus glanis,Sheatfish,Siluriformes,Siluridae,Silurus,60.0,168300.0,2.9986301369863,,,,
Cyclothone braueri,Brauer's bristlemouth,Stomiiformes,Gonostomatidae,Cyclothone,1.0,,,,,,
Aristostomias scintillans,Shiny loosejaw,Stomiiformes,Stomiidae,Aristostomias,7.0,,,,,,
Chauliodus macouni,Pacific viperfish,Stomiiformes,Stomiidae,Chauliodus,8.0,12.87,,,,,
Mola mola,Ocean sunfish,Tetraodontiformes,Molidae,Mola,,1265000.0,,,,,
Nelusetta ayraud,Chinaman-leatherjacket,Tetraodontiformes,Monacanthidae,Nelusetta,9.0,1925.0,3.0,,,,
Contusus richei,Prickly toadfish,Tetraodontiformes,Tetraodontidae,Contusus,7.0,,,,,,
Tetraodon lineatus,Nile globe-fish,Tetraodontiformes,Tetraodontidae,Tetraodon,5.9,,,,,,
Allocyttus niger,Black oreo,Zeiformes,Oreosomatidae,Allocyttus,100.0,825.0,27.0,,,,
Allocyttus verrucosus,Warty oreo,Zeiformes,Oreosomatidae,Allocyttus,140.0,1100.0,,,,,
Neocyttus rhomboidalis,Spiky oreo,Zeiformes,Oreosomatidae,Neocyttus,100.0,1100.0,,,,,
Pseudocyttus maculatus,Smooth oreo,Zeiformes,Oreosomatidae,Pseudocyttus,100.0,2750.0,31.0,,,,
Zeus faber,European john dory,Zeiformes,Zeidae,Zeus,12.0,4400.0,3.4986301369863,,,,
Turritopsis nutricula,Immortal jellyfish,Anthoathecatae,Oceanidae,Turritopsis,,,,,,,
Strongylocentrotus franciscanus,Red sea urchin,Echinoida,Strongylocentrotidae,Strongylocentrotus,200.0,,1.50684931506849,,,,
Strongylocentrotus purpuratus,Purple sea urchin,Echinoida,Strongylocentrotidae,Strongylocentrotus,50.0,,2.0,,,,
Arctica islandica,Ocean quahog clam,Veneroida,Arcticidae,Arctica,507.0,,12.7972602739726,,,,
Caenorhabditis elegans,Roundworm,Rhabditida,Rhabditidae,Caenorhabditis,0.16,,0.00821917808219178,,,,
Cinachyra antarctica,Epibenthic sponge,Spirophorida,Tetillidae,Cinachyra,1550.0,,,,,,
Scolymastra joubini,Hexactinellid sponge,Lyssacinosida,Rossellidae,Scolymastra,15000.0,,,,,,
Pinus longaeva,Great Basin bristlecone pine,Pinales,Pinaceae,Pinus,5062.0,,,,,,
Saccharomyces cerevisiae,Baker's yeast,Saccharomycetales,Saccharomycetaceae,Saccharomyces,0.04,,,,,,
Schizosaccharomyces pombe,Fission yeast,Schizosaccharomycetales,Schizosaccharomycetaceae,Schizosaccharomyces,,,,,,,
Podospora anserina,Filamentous fungus,Sordariales,Lasiosphaeriaceae,Podospora,,,,,,,
Alticola barakshin,,Rodentia,Cricetidae,Alticola,3.8,43.85,0.203431718247844,0.0547945205479452,,,
Amblysomus hottentotus,,Afrosoricida,Chrysochloridae,Amblysomus,4.0,54.75,0.2,0.328767123287671,,,
Apodemus uralensis,,Rodentia,Muridae,Apodemus,6.325,18.26,0.18630137,0.0642074520547945,,,
Asellia tridens,,Chiroptera,Hipposideridae,Asellia,13.0,12.94,2.0,0.181095890410959,,,
Bathyergus janetta,,Rodentia,Bathyergidae,Bathyergus,6.0,388.69,0.610958904,0.142465753424658,,,
Bathyergus suillus,,Rodentia,Bathyergidae,Bathyergus,6.0,866.85,1.0,0.187424657534247,,,
Bradypus variegatus,,Pilosa,Bradypodidae,Bradypus,40.0,4136.36,3.120315397,0.468054794520548,,,
Caenolestes fuliginosus,,Paucituberculata,Caenolestidae,Caenolestes,4.5,36.5,0.12,0.104246575342466,,,
Cervus canadensis,,Artiodactyla,Cervidae,Cervus,25.0,280093.29,2.0,0.687671232876712,,,
Chaerephon pumilus,,Chiroptera,Molossidae,Chaerephon,7.0,10.98,0.386219178082192,0.171424657534247,,,
Cricetulus griseus,,Rodentia,Cricetidae,Cricetulus,5.3,42.0,0.0863013698630137,0.0479452054794521,,,
Cricetulus longicaudatus,,Rodentia,Cricetidae,Cricetulus,4.336111111,32.5,0.168150684931507,0.0447488584474885,,,
Cricetulus migratorius,,Rodentia,Cricetidae,Cricetulus,2.408333333,30.59,0.168150684931507,0.0328767123287671,,,
Crocidura cyanea,,Eulipotyphla,Soricidae,Crocidura,4.0,8.58,0.5,0.0794520547945206,,,
Ctenomys lewisi,,Rodentia,Ctenomyidae,Ctenomys,3.0,117.2,0.888584474885845,0.267575342465753,,,
Ctenomys opimus,,Rodentia,Ctenomyidae,Ctenomys,3.0,327.05,1.0,0.166657534246575,,,
Ctenomys steinbachi,,Rodentia,Ctenomyidae,Ctenomys,3.0,384.99,0.888584474885845,0.267575342465753,,,
Dipus sagitta,,Rodentia,Dipodidae,Dipus,3.0,89.0,0.229312329,0.0753424657534247,,,
Elephantulus myurus,,Macroscelidea,Macroscelididae,Elephantulus,6.0,57.5,0.109095890410959,0.138794520547945,,,
Eozapus setchuanus,,Rodentia,Dipodidae,Eozapus,5.11818181818182,17.2,0.769612671261986,0.0732520547945205,,,
Equus africanus somaliensis,Somali wild ass,Perissodactyla,Equidae,Equus,47.0,250000.0,1.75,1.00684931506849,164.92,177500.0,
Eulemur albifrons,,Primates,Lemuridae,Eulemur,34.59,2231.59,2.6575342465,0.328767123287671,,,
Eulemur collaris,,Primates,Lemuridae,Eulemur,37.0,2333.61,2.073972599,0.336986301369863,,,
Eulemur flavifrons,,Primates,Lemuridae,Eulemur,32.0,2433.0,2.1,0.347945205479452,,,
Eulemur rufus,,Primates,Lemuridae,Eulemur,32.67,2286.44,1.524657534,0.328767123287671,,,
Eulemur sanfordi,,Primates,Lemuridae,Eulemur,32.94,2111.34,1.819178082,0.328767123287671,,,
Galea comes,,Rodentia,Caviidae,Galea,4.05,393.95,0.210986301369863,0.146118721461187,,,
Galea leucoblepharum,,Rodentia,Caviidae,Galea,4.05,393.95,0.210986301369863,0.146118721461187,,,
Galeopterus variegatus,,Dermoptera,Cynocephalidae,Galeopterus,17.5,1300.0,2.5,0.164356164383562,,,
Gerbillus cheesmani,,Rodentia,Muridae,Gerbillus,6.025,28.0,0.208333424657534,0.0575342465753425,,,
Hipposideros ruber,,Chiroptera,Hipposideridae,Hipposideros,13.0,10.61,1.54246575342466,0.253534246575342,,,
Hylomys suillus,,Eulipotyphla,Erinaceidae,Hylomys,2.0,57.61,0.598401826522831,0.0896164383561644,,,
Lagenorhynchus albirostris,,Artiodactyla,Delphinidae,Lagenorhynchus,34.0,200000.0,7.0,0.916665753424658,,,
Lasiopodomys mandarinus,,Rodentia,Cricetidae,Lasiopodomys,4.1,40.0,0.167123288,0.0575342465753425,,,
Leptonycteris yerbabuenae,,Chiroptera,Phyllostomidae,Leptonycteris,10.1,25.0,1.0,0.410958904109589,,,
Meriones rex,,Rodentia,Muridae,Meriones,6.3,53.2,0.108219178082192,0.0684931506849315,,,
Mesoplodon bidens,,Artiodactyla,Ziphiidae,Mesoplodon,35.0,3400000.0,7.0,1.0,,,
Microgale cowani,,Afrosoricida,Tenrecidae,Microgale,4.78388888866667,12.27,1.45694520547945,0.166767123287671,,,
Microgale drouhardi,,Afrosoricida,Tenrecidae,Microgale,4.78388888866667,10.5,1.45694520547945,0.166767123287671,,,
Microgale thomasi,,Afrosoricida,Tenrecidae,Microgale,2.908333333,22.9,1.45694520547945,0.166767123287671,,,
Microtus fortis,,Rodentia,Cricetidae,Microtus,2.166666667,63.0,0.360356164,0.0602739726027397,,,
Microtus gregalis,,Rodentia,Cricetidae,Microtus,3.45151515154545,47.5,0.154465753,0.0588826682549137,,,
Microtus maximowiczii,,Rodentia,Cricetidae,Microtus,3.45151515154545,40.3,0.14862340779452,0.0588826682549137,,,
Microtus mongolicus,,Rodentia,Cricetidae,Microtus,4.8,25.4,0.128767123,0.0575342465753425,,,
Mustela altaica,,Carnivora,Mustelidae,Mustela,8.5,180.24,1.0,0.10958904109589,,,
Myodes gapperi,,Rodentia,Cricetidae,Myodes,1.7,19.83,0.25860274,0.0493150684931507,,,
Neurotrichus gibbsii,,Eulipotyphla,Talpidae,Neurotrichus,4.14615384615385,9.56,0.998236301357877,0.0582739726027397,,,
Ochotona alpina,,Lagomorpha,Ochotonidae,Ochotona,3.0,150.0,0.556,0.0793972602739726,,,
Ochotona dauurica,,Lagomorpha,Ochotonidae,Ochotona,2.3,131.01,0.158,0.0821917808219178,,,
Ochotona pallasi,,Lagomorpha,Ochotonidae,Ochotona,4.0,190.0,0.538,0.0684931506849315,,,
Ochotona rufescens,,Lagomorpha,Ochotonidae,Ochotona,3.325,250.0,0.167178082,0.0705479452054795,,,
Phodopus campbelli,,Rodentia,Cricetidae,Phodopus,3.908333333,27.06,0.127315068,0.0564109589041096,,,
Propithecus coquereli,,Primates,Indriidae,Propithecus,30.59,4189.27,3.81372602739726,0.38627397260274,,,
Rhinolophus alcyone,,Chiroptera,Rhinolophidae,Rhinolophus,24.3,18.62,1.89486301369863,0.25,,,
Rhinopoma hardwickii,,Chiroptera,Rhinopomatidae,Rhinopoma,15.0,13.1,0.876821917808219,0.269260273972603,,,
Rhynchonycteris naso,,Chiroptera,Emballonuridae,Rhynchonycteris,8.5,3.9,1.5,0.405479452054795,,,
Scapanus orarius,,Eulipotyphla,Talpidae,Scapanus,3.0,62.13,0.897589041,0.10958904109589,,,
Smutsia temminckii,,Pholidota,Manidae,Smutsia,20.0,7180.0,2.0,0.380821917808219,,,
Sorex hoyi,,Eulipotyphla,Soricidae,Sorex,1.83125,3.37,0.790336215466667,0.0574364814090019,,,
Sorex isodon,,Eulipotyphla,Soricidae,Sorex,1.83125,12.23,0.790336215466667,0.0493150684931507,,,
Sorex minutissimus,,Eulipotyphla,Soricidae,Sorex,1.83125,2.46,0.790336215466667,0.0574364814090019,,,
Sorex roboratus,,Eulipotyphla,Soricidae,Sorex,3.2,12.99,0.905437753,0.057535397260274,,,
Sorex tundrensis,,Eulipotyphla,Soricidae,Sorex,1.5,7.65,0.953605479,0.0465753424657534,,,
Spalax galili,,Rodentia,Spalacidae,Spalax,15.0,125.0,1.66666575342466,0.0931506849315069,,,
Suncus varilla,,Eulipotyphla,Soricidae,Suncus,2.25,4.99,0.695205479,0.0821917808219178,,,
Sylvilagus brasiliensis,,Lagomorpha,Leporidae,Sylvilagus,2.0,986.74,0.271726027,0.116438356164384,,,
Talpa occidentalis,,Eulipotyphla,Talpidae,Talpa,6.0,51.0,1.0,0.0767123287671233,,,
Tamiasciurus douglasii,,Rodentia,Sciuridae,Tamiasciurus,5.491666667,225.0,0.384383562,0.106794520547945,,,
Thylamys pallidior,,Didelphimorphia,Didelphidae,Thylamys,1.5,15.34,0.714065331928346,0.0395738203957381,,,
Tupaia gracilis,,Scandentia,Tupaiidae,Tupaia,11.86,164.1,0.310787671232876,0.12875799086758,,,
Tupaia longipes,,Scandentia,Tupaiidae,Tupaia,12.0,164.1,0.310787671232876,0.12875799086758,,,
Tursiops aduncus,,Artiodactyla,Delphinidae,Tursiops,49.0,130000.0,6.75,1.0,,,
Urocitellus columbianus,,Rodentia,Sciuridae,Urocitellus,4.241666667,470.94,1.714821918,0.066,,,
Callicebus cupreus,,Primates,Pitheciidae,Callicebus,,,,0.354109589041096,,,
Callicebus discolor,,Primates,Pitheciidae,Callicebus,,,,,,,
Callicebus donacophilus,,Primates,Pitheciidae,Callicebus,,,,,,,
Callicebus dubius,,Primates,Pitheciidae,Callicebus,,,,,,,
Callicebus hoffmannsi,,Primates,Pitheciidae,Callicebus,,,,,,,
Callicebus lucifer,,Primates,Pitheciidae,Callicebus,,,,,,,
Callicebus lugens,,Primates,Pitheciidae,Callicebus,,,,,,,
Callicebus medemi,,Primates,Pitheciidae,Callicebus,,,,,,,
Callicebus melanochir,,Primates,Pitheciidae,Callicebus,,,,,,,
Callicebus modestus,,Primates,Pitheciidae,Callicebus,,,,,,,
Caluromys lanatus,,Didelphimorphia,Didelphidae,Caluromys,5.0,,,,,,
Calyptophractus retusus,,Cingulata,Dasypodidae,Calyptophractus,12.0,,,,,,
Brachiones przewalskii,,Rodentia,Muridae,Brachiones,,,,,,,
Canis simensis,,Carnivora,Canidae,Canis,,,2.06778082191781,0.17427397260274,,,
Cansumys canus,,Rodentia,Cricetidae,Cansumys,,,,,,,
Caperea marginata,,Artiodactyla,Neobalaenidae,Caperea,,,,,,,
Atelerix sclateri,,Eulipotyphla,Erinaceidae,Atelerix,,,,,,,
Ateles hybridus,,Primates,Atelidae,Ateles,,,,,,,
Callicebus moloch,,Primates,Pitheciidae,Callicebus,25.3,,3.45956164383562,0.449315068493151,,,
Callicebus nigrifrons,,Primates,Pitheciidae,Callicebus,,,,,,,
Callicebus oenanthe,,Primates,Pitheciidae,Callicebus,,,,,,,
Callicebus olallae,,Primates,Pitheciidae,Callicebus,,,,,,,
Callicebus ornatus,,Primates,Pitheciidae,Callicebus,,,,,,,
Callicebus pallescens,,Primates,Pitheciidae,Callicebus,,,,,,,
Callicebus personatus,,Primates,Pitheciidae,Callicebus,,,,,,,
Callicebus purinus,,Primates,Pitheciidae,Callicebus,,,,,,,
Callicebus regulus,,Primates,Pitheciidae,Callicebus,,,,,,,
Callicebus stephennashi,,Primates,Pitheciidae,Callicebus,,,,,,,
Callicebus torquatus,,Primates,Pitheciidae,Callicebus,,,4.6127397260274,,,,
Callistomys pictus,,Rodentia,Echimyidae,Callistomys,,,,,,,
Callithrix acariensis,,Primates,Cebidae,Callithrix,,,,,,,
Callithrix argentata,,Primates,Cebidae,Callithrix,16.8,,1.92197260273973,,,,
Callithrix aurita,,Primates,Cebidae,Callithrix,,,,0.383561643835616,,,
Callithrix chrysoleuca,,Primates,Cebidae,Callithrix,,,,,,,
Callithrix emiliae,,Primates,Cebidae,Callithrix,,,,,,,
Callithrix flaviceps,,Primates,Cebidae,Callithrix,,,,0.383561643835616,,,
Callithrix humeralifera,,Primates,Cebidae,Callithrix,15.0,,,,,,
Callithrix humilis,,Primates,Cebidae,Callithrix,,,,,,,
Callithrix intermedia,,Primates,Cebidae,Callithrix,,,,,,,
Callithrix leucippe,,Primates,Cebidae,Callithrix,,,,,,,
Callithrix manicorensis,,Primates,Cebidae,Callithrix,,,,,,,
Callithrix marcai,,Primates,Cebidae,Callithrix,,,,,,,
Callithrix mauesi,,Primates,Cebidae,Callithrix,,,,,,,
Callithrix melanura,,Primates,Cebidae,Callithrix,,,,,,,
Callithrix nigriceps,,Primates,Cebidae,Callithrix,,,,,,,
Callithrix pygmaea,,Primates,Cebidae,Callithrix,15.1,,1.94109589041096,0.368328767123288,,,
Callithrix saterei,,Primates,Cebidae,Callithrix,,,,,,,
Callosciurus albescens,,Rodentia,Sciuridae,Callosciurus,,,,,,,
Callosciurus baluensis,,Rodentia,Sciuridae,Callosciurus,,,,,,,
Callosciurus inornatus,,Rodentia,Sciuridae,Callosciurus,,,,,,,
Callosciurus melanogaster,,Rodentia,Sciuridae,Callosciurus,,,,,,,
Callosciurus nigrovittatus,,Rodentia,Sciuridae,Callosciurus,,,,,,,
Callosciurus orestes,,Rodentia,Sciuridae,Callosciurus,,,,,,,
Callosciurus phayrei,,Rodentia,Sciuridae,Callosciurus,,,,,,,
Callosciurus pygerythrus,,Rodentia,Sciuridae,Callosciurus,,,,,,,
Callosciurus quinquestriatus,,Rodentia,Sciuridae,Callosciurus,,,,,,,
Calomys boliviae,,Rodentia,Cricetidae,Calomys,,,,,,,
Calomys callidus,,Rodentia,Cricetidae,Calomys,,,0.0371780821917808,,,,
Calomys callosus,,Rodentia,Cricetidae,Calomys,,,0.118301369863014,0.0597260273972603,,,
Calomys expulsus,,Rodentia,Cricetidae,Calomys,,,,,,,
Calomys hummelincki,,Rodentia,Cricetidae,Calomys,,,,,,,
Calomys laucha,,Rodentia,Cricetidae,Calomys,,,,0.0684931506849315,,,
Calomys lepidus,,Rodentia,Cricetidae,Calomys,,,,,,,
Calomys musculinus,,Rodentia,Cricetidae,Calomys,,,0.208301369863014,0.0574520547945205,,,
Calomys sorellus,,Rodentia,Cricetidae,Calomys,,,,,,,
Calomys tener,,Rodentia,Cricetidae,Calomys,,,,,,,
Calomys tocantinsi,,Rodentia,Cricetidae,Calomys,,,,,,,
Calomys venustus,,Rodentia,Cricetidae,Calomys,,,,,,,
Calomyscus baluchi,,Rodentia,Calomyscidae,Calomyscus,,,,,,,
Calomyscus elburzensis,,Rodentia,Calomyscidae,Calomyscus,,,,,,,
Calomyscus grandis,,Rodentia,Calomyscidae,Calomyscus,,,,,,,
Calomyscus hotsoni,,Rodentia,Calomyscidae,Calomyscus,,,,,,,
Calomyscus tsolovi,,Rodentia,Calomyscidae,Calomyscus,,,,,,,
Calomyscus urartensis,,Rodentia,Calomyscidae,Calomyscus,,,,,,,
Caloprymnus campestris,,Diprotodontia,Potoroidae,Caloprymnus,13.0,,,,,,
Auliscomys boliviensis,,Rodentia,Cricetidae,Auliscomys,,,,,,,
Auliscomys pictus,,Rodentia,Cricetidae,Auliscomys,,,,,,,
Auliscomys sublimis,,Rodentia,Cricetidae,Auliscomys,,,,,,,
Avahi laniger,,Primates,Indriidae,Avahi,,,,0.373013698630137,,,
Avahi occidentalis,,Primates,Indriidae,Avahi,,,,,,,
Avahi unicolor,,Primates,Indriidae,Avahi,,,,,,,
Babyrousa bolabatuensis,,Artiodactyla,Suidae,Babyrousa,,,,,,,
Babyrousa celebensis,,Artiodactyla,Suidae,Babyrousa,,,,,,,
Balantiopteryx infusca,,Chiroptera,Emballonuridae,Balantiopteryx,,,,,,,
Balantiopteryx io,,Chiroptera,Emballonuridae,Balantiopteryx,,,,,,,
Balantiopteryx plicata,,Chiroptera,Emballonuridae,Balantiopteryx,,,,0.380301369863014,,,
Balionycteris maculata,,Chiroptera,Pteropodidae,Balionycteris,,,,,,,
Bandicota bengalensis,,Rodentia,Muridae,Bandicota,,,0.174027397260274,0.0517534246575342,,,
Bandicota indica,,Rodentia,Muridae,Bandicota,,,0.399479452054795,0.0555068493150685,,,
Cephalophus ogilbyi,,Artiodactyla,Bovidae,Cephalophus,,,,0.333315068493151,,,
Cephalophus spadix,,Artiodactyla,Bovidae,Cephalophus,5.4,,,,,,
Cephalorhynchus eutropia,,Artiodactyla,Delphinidae,Cephalorhynchus,,,,,,,
Cephalorhynchus heavisidii,,Artiodactyla,Delphinidae,Cephalorhynchus,,,,,,,
Cercartetus concinnus,,Diprotodontia,Burramyidae,Cercartetus,,,,0.142849315068493,,,
Cercartetus lepidus,,Diprotodontia,Burramyidae,Cercartetus,,,,,,,
Cercocebus atys,,Primates,Cercopithecidae,Cercocebus,26.8,,3.62101369863014,0.45227397260274,,,
Cercocebus chrysogaster,,Primates,Cercopithecidae,Cercocebus,,,,,,,
Cercocebus sanjei,,Primates,Cercopithecidae,Cercocebus,,,,,,,
Cercopithecus albogularis,,Primates,Cercopithecidae,Cercopithecus,,,,,,,
Cercopithecus denti,,Primates,Cercopithecidae,Cercopithecus,,,,,,,
Cercopithecus doggetti,,Primates,Cercopithecidae,Cercopithecus,,,,,,,
Cercopithecus dryas,,Primates,Cercopithecidae,Cercopithecus,,,,,,,
Cercopithecus erythrotis,,Primates,Cercopithecidae,Cercopithecus,,,,,,,
Cercopithecus kandti,,Primates,Cercopithecidae,Cercopithecus,,,,,,,
Cercopithecus lhoesti,,Primates,Cercopithecidae,Cercopithecus,16.0,,,,,,
Cercopithecus lowei,,Primates,Cercopithecidae,Cercopithecus,,,,,,,
Cercopithecus preussi,,Primates,Cercopithecidae,Cercopithecus,,,,,,,
Cercopithecus roloway,,Primates,Cercopithecidae,Cercopithecus,,,,,,,
Cercopithecus sclateri,,Primates,Cercopithecidae,Cercopithecus,,,,,,,
Cercopithecus solatus,,Primates,Cercopithecidae,Cercopithecus,,,,,,,
Chaerephon aloysiisabaudiae,,Chiroptera,Molossidae,Chaerephon,,,,,,,
Chaerephon ansorgei,,Chiroptera,Molossidae,Chaerephon,,,,0.187479452054795,,,
Chaerephon bemmeleni,,Chiroptera,Molossidae,Chaerephon,,,,,,,
Chaerephon bivittatus,,Chiroptera,Molossidae,Chaerephon,,,,,,,
Chaerephon bregullae,,Chiroptera,Molossidae,Chaerephon,,,,,,,
Chaerephon chapini,,Chiroptera,Molossidae,Chaerephon,,,,,,,
Chaerephon gallagheri,,Chiroptera,Molossidae,Chaerephon,,,,,,,
Chaerephon jobensis,,Chiroptera,Molossidae,Chaerephon,,,,,,,
Chaerephon johorensis,,Chiroptera,Molossidae,Chaerephon,,,,,,,
Chaerephon leucogaster,,Chiroptera,Molossidae,Chaerephon,,,,,,,
Chaerephon major,,Chiroptera,Molossidae,Chaerephon,,,,,,,
Chaerephon nigeriae,,Chiroptera,Molossidae,Chaerephon,,,,,,,
Chaerephon plicatus,,Chiroptera,Molossidae,Chaerephon,,,,0.242849315068493,,,
Chaerephon russatus,,Chiroptera,Molossidae,Chaerephon,,,,,,,
Chaerephon shortridgei,,Chiroptera,Molossidae,Chaerephon,,,,,,,
Chaerephon solomonis,,Chiroptera,Molossidae,Chaerephon,,,,,,,
Chaerephon tomensis,,Chiroptera,Molossidae,Chaerephon,,,,,,,
Chaeropus ecaudatus,,Peramelemorphia,Chaeropodidae,Chaeropus,,,,,,,
Chaetocauda sichuanensis,,Rodentia,Gliridae,Chaetocauda,,,,,,,
Chaetodipus arenarius,,Rodentia,Heteromyidae,Chaetodipus,,,,,,,
Chaetodipus artus,,Rodentia,Heteromyidae,Chaetodipus,,,,,,,
Chaetodipus baileyi,,Rodentia,Heteromyidae,Chaetodipus,,,,,,,
Chaetodipus californicus,,Rodentia,Heteromyidae,Chaetodipus,,,,0.0689315068493151,,,
Chaetodipus dalquesti,,Rodentia,Heteromyidae,Chaetodipus,,,,,,,
Chaetodipus eremicus,,Rodentia,Heteromyidae,Chaetodipus,,,,,,,
Chaetodipus goldmani,,Rodentia,Heteromyidae,Chaetodipus,,,,,,,
Chaetodipus hispidus,,Rodentia,Heteromyidae,Chaetodipus,,,,,,,
Chaetodipus intermedius,,Rodentia,Heteromyidae,Chaetodipus,,,,,,,
Chaetodipus lineatus,,Rodentia,Heteromyidae,Chaetodipus,,,,,,,
Chaetodipus penicillatus,,Rodentia,Heteromyidae,Chaetodipus,,,,0.0712328767123288,,,
Chaetodipus pernix,,Rodentia,Heteromyidae,Chaetodipus,,,,,,,
Chaetodipus rudinoris,,Rodentia,Heteromyidae,Chaetodipus,,,,,,,
Chaetodipus spinatus,,Rodentia,Heteromyidae,Chaetodipus,,,,,,,
Cricetulus kamensis,,Rodentia,Cricetidae,Cricetulus,,,,,,,
Cricetulus sokolovi,,Rodentia,Cricetidae,Cricetulus,,,,,,,
Crocidura aleksandrisi,,Eulipotyphla,Soricidae,Crocidura,,,,,,,
Crocidura allex,,Eulipotyphla,Soricidae,Crocidura,,,,,,,
Crocidura andamanensis,,Eulipotyphla,Soricidae,Crocidura,,,,,,,
Crocidura ansellorum,,Eulipotyphla,Soricidae,Crocidura,,,,,,,
Crocidura arabica,,Eulipotyphla,Soricidae,Crocidura,,,,,,,
Crocidura arispa,,Eulipotyphla,Soricidae,Crocidura,,,,,,,
Crocidura armenica,,Eulipotyphla,Soricidae,Crocidura,,,,,,,
Crocidura attenuata,,Eulipotyphla,Soricidae,Crocidura,,,,,,,
Crocidura attila,,Eulipotyphla,Soricidae,Crocidura,,,,,,,
Crocidura baileyi,,Eulipotyphla,Soricidae,Crocidura,,,,,,,
Crocidura baluensis,,Eulipotyphla,Soricidae,Crocidura,,,,,,,
Crocidura batesi,,Eulipotyphla,Soricidae,Crocidura,,,,,,,
Crocidura beatus,,Eulipotyphla,Soricidae,Crocidura,,,,,,,
Crocidura beccarii,,Eulipotyphla,Soricidae,Crocidura,,,,,,,
Crocidura bottegi,,Eulipotyphla,Soricidae,Crocidura,,,,,,,
Crocidura bottegoides,,Eulipotyphla,Soricidae,Crocidura,,,,,,,
Crocidura brunnea,,Eulipotyphla,Soricidae,Crocidura,,,,,,,
Crocidura buettikoferi,,Eulipotyphla,Soricidae,Crocidura,,,,,,,
Crocidura caliginea,,Eulipotyphla,Soricidae,Crocidura,,,,,,,
Crocidura canariensis,,Eulipotyphla,Soricidae,Crocidura,,,,,,,
Crocidura caspica,,Eulipotyphla,Soricidae,Crocidura,,,,,,,
Crocidura cinderella,,Eulipotyphla,Soricidae,Crocidura,,,,,,,
Crocidura congobelgica,,Eulipotyphla,Soricidae,Crocidura,,,,,,,
Crocidura crenata,,Eulipotyphla,Soricidae,Crocidura,,,,,,,
Crocidura crossei,,Eulipotyphla,Soricidae,Crocidura,,,,,,,
Crocidura denti,,Eulipotyphla,Soricidae,Crocidura,,,,,,,
Crocidura desperata,,Eulipotyphla,Soricidae,Crocidura,,,,,,,
Crocidura dhofarensis,,Eulipotyphla,Soricidae,Crocidura,,,,,,,
Crocidura dolichura,,Eulipotyphla,Soricidae,Crocidura,,,,,,,
Crocidura douceti,,Eulipotyphla,Soricidae,Crocidura,,,,,,,
Crocidura dsinezumi,,Eulipotyphla,Soricidae,Crocidura,,,,,,,
Crocidura eisentrauti,,Eulipotyphla,Soricidae,Crocidura,,,,,,,
Crocidura elgonius,,Eulipotyphla,Soricidae,Crocidura,,,,,,,
Crocidura elongata,,Eulipotyphla,Soricidae,Crocidura,,,,,,,
Crocidura erica,,Eulipotyphla,Soricidae,Crocidura,,,,,,,
Crocidura fischeri,,Eulipotyphla,Soricidae,Crocidura,,,,,,,
Crocidura floweri,,Eulipotyphla,Soricidae,Crocidura,,,,,,,
Crocidura foetida,,Eulipotyphla,Soricidae,Crocidura,,,,,,,
Crocidura foxi,,Eulipotyphla,Soricidae,Crocidura,,,,,,,
Crocidura fuliginosa,,Eulipotyphla,Soricidae,Crocidura,,,,,,,
Crocidura fulvastra,,Eulipotyphla,Soricidae,Crocidura,,,,,,,
Crocidura fumosa,,Eulipotyphla,Soricidae,Crocidura,,,,,,,
Crocidura fuscomurina,,Eulipotyphla,Soricidae,Crocidura,,,,,,,
Crocidura glassi,,Eulipotyphla,Soricidae,Crocidura,,,,,,,
Crocidura gmelini,,Eulipotyphla,Soricidae,Crocidura,,,,,,,
Crocidura goliath,,Eulipotyphla,Soricidae,Crocidura,,,,,,,
Crocidura gracilipes,,Eulipotyphla,Soricidae,Crocidura,,,,,,,
Crocidura grandiceps,,Eulipotyphla,Soricidae,Crocidura,,,,,,,
Crocidura grandis,,Eulipotyphla,Soricidae,Crocidura,,,,,,,
Crocidura grassei,,Eulipotyphla,Soricidae,Crocidura,,,,,,,
Crocidura grayi,,Eulipotyphla,Soricidae,Crocidura,,,,,,,
Crocidura greenwoodi,,Eulipotyphla,Soricidae,Crocidura,,,,,,,
Crocidura harenna,,Eulipotyphla,Soricidae,Crocidura,,,,,,,
Crocidura hildegardeae,,Eulipotyphla,Soricidae,Crocidura,,,,,,,
Crocidura hilliana,,Eulipotyphla,Soricidae,Crocidura,,,,,,,
Crocidura hirta,,Eulipotyphla,Soricidae,Crocidura,,,,0.0493150684931507,,,
Crocidura hispida,,Eulipotyphla,Soricidae,Crocidura,,,,,,,
Crocidura orii,,Eulipotyphla,Soricidae,Crocidura,,,,,,,
Crocidura palawanensis,,Eulipotyphla,Soricidae,Crocidura,,,,,,,
Crocidura paradoxura,,Eulipotyphla,Soricidae,Crocidura,,,,,,,
Crocidura parvipes,,Eulipotyphla,Soricidae,Crocidura,,,,,,,
Crocidura pasha,,Eulipotyphla,Soricidae,Crocidura,,,,,,,
Crocidura pergrisea,,Eulipotyphla,Soricidae,Crocidura,,,,,,,
Crocidura phaeura,,Eulipotyphla,Soricidae,Crocidura,,,,,,,
Crocidura picea,,Eulipotyphla,Soricidae,Crocidura,,,,,,,
Crocidura pitmani,,Eulipotyphla,Soricidae,Crocidura,,,,,,,
Crocidura planiceps,,Eulipotyphla,Soricidae,Crocidura,,,,,,,
Crocidura poensis,,Eulipotyphla,Soricidae,Crocidura,,,,,,,
Crocidura polia,,Eulipotyphla,Soricidae,Crocidura,,,,,,,
Crocidura pullata,,Eulipotyphla,Soricidae,Crocidura,,,,,,,
Crocidura raineyi,,Eulipotyphla,Soricidae,Crocidura,,,,,,,
Crocidura ramona,,Eulipotyphla,Soricidae,Crocidura,,,,,,,
Crocidura rapax,,Eulipotyphla,Soricidae,Crocidura,,,,,,,
Crocidura religiosa,,Eulipotyphla,Soricidae,Crocidura,,,,,,,
Crocidura rhoditis,,Eulipotyphla,Soricidae,Crocidura,,,,,,,
Crocidura roosevelti,,Eulipotyphla,Soricidae,Crocidura,,,,,,,
Crocidura selina,,Eulipotyphla,Soricidae,Crocidura,,,,,,,
Crocidura serezkyensis,,Eulipotyphla,Soricidae,Crocidura,,,,,,,
Crocidura shantungensis,,Eulipotyphla,Soricidae,Crocidura,,,,,,,
Crocidura sibirica,,Eulipotyphla,Soricidae,Crocidura,,,,,,,
Crocidura sicula,,Eulipotyphla,Soricidae,Crocidura,,,,,,,
Crocidura silacea,,Eulipotyphla,Soricidae,Crocidura,,,,,,,
Crocidura smithii,,Eulipotyphla,Soricidae,Crocidura,,,,,,,
Crocidura somalica,,Eulipotyphla,Soricidae,Crocidura,,,,,,,
Crocidura stenocephala,,Eulipotyphla,Soricidae,Crocidura,,,,,,,
Crocidura susiana,,Eulipotyphla,Soricidae,Crocidura,,,,,,,
Eptesicus kobayashii,,Chiroptera,Vespertilionidae,Eptesicus,,,,,,,
Eptesicus matroka,,Chiroptera,Vespertilionidae,Eptesicus,,,,,,,
Eptesicus nasutus,,Chiroptera,Vespertilionidae,Eptesicus,,,,,,,
Eptesicus pachyotis,,Chiroptera,Vespertilionidae,Eptesicus,,,,,,,
Eremitalpa granti,,Afrosoricida,Chrysochloridae,Eremitalpa,2.0,,,,,,
Eremodipus lichtensteini,,Rodentia,Dipodidae,Eremodipus,,,,,,,
Erinaceus roumanicus,,Eulipotyphla,Erinaceidae,Erinaceus,,,,,,,
Eropeplus canus,,Rodentia,Muridae,Eropeplus,,,,,,,
Erophylla bombifrons,,Chiroptera,Phyllostomidae,Erophylla,,,,,,,
Erophylla sezekorni,,Chiroptera,Phyllostomidae,Erophylla,,,,,,,
Eptesicus platyops,,Chiroptera,Vespertilionidae,Eptesicus,,,,,,,
Eptesicus tatei,,Chiroptera,Vespertilionidae,Eptesicus,,,,,,,
Equus burchellii,,Perissodactyla,Equidae,Equus,40.0,,1.94471232876712,1.01698630136986,,,
Genetta bourloni,,Carnivora,Viverridae,Genetta,,,,,,,
Genetta cristata,,Carnivora,Viverridae,Genetta,34.0,,,,,,
Genetta johnstoni,,Carnivora,Viverridae,Genetta,,,,,,,
Genetta piscivora,,Carnivora,Viverridae,Genetta,,,,,,,
Genetta poensis,,Carnivora,Viverridae,Genetta,,,,,,,
Delomys collinus,,Rodentia,Cricetidae,Delomys,,,,,,,
Delomys dorsalis,,Rodentia,Cricetidae,Delomys,,,,,,,
Delomys sublineatus,,Rodentia,Cricetidae,Delomys,,,,,,,
Delphinus capensis,,Artiodactyla,Delphinidae,Delphinus,,,,,,,
Deltamys kempi,,Rodentia,Cricetidae,Deltamys,,,,,,,
Dendrogale melanura,,Scandentia,Tupaiidae,Dendrogale,,,,,,,
Dendrogale murina,,Scandentia,Tupaiidae,Dendrogale,,,,,,,
Dendrohyrax dorsalis,,Hyracoidea,Procaviidae,Dendrohyrax,10.0,,1.20276712328767,0.64813698630137,,,
Bibimys torresi,,Rodentia,Cricetidae,Bibimys,,,,,,,
Biswamoyopterus biswasi,,Rodentia,Sciuridae,Biswamoyopterus,,,,,,,
Blanfordimys afghanus,,Rodentia,Cricetidae,Blanfordimys,,,,,,,
Blanfordimys bucharensis,,Rodentia,Cricetidae,Blanfordimys,,,,,,,
Blarina carolinensis,,Eulipotyphla,Soricidae,Blarina,,,,,,,
Blarina peninsulae,,Eulipotyphla,Soricidae,Blarina,,,,,,,
Babyrousa togeanensis,,Artiodactyla,Suidae,Babyrousa,,,,,,,
Baiomys musculus,,Rodentia,Cricetidae,Baiomys,,,,,,,
Balaenoptera bonaerensis,,Cetacea,Balaenopteridae,Balaenoptera,,,,,,,
Blarinella griselda,,Eulipotyphla,Soricidae,Blarinella,,,,,,,
Blarinella quadraticauda,,Eulipotyphla,Soricidae,Blarinella,,,,,,,
Blarinella wardi,,Eulipotyphla,Soricidae,Blarinella,,,,,,,
Blarinomys breviceps,,Rodentia,Cricetidae,Blarinomys,,,,,,,
Boromys offella,,Rodentia,Echimyidae,Boromys,,,,,,,
Boromys torrei,,Rodentia,Echimyidae,Boromys,,,,,,,
Brachyphylla cavernarum,,Chiroptera,Phyllostomidae,Brachyphylla,,,,,,,
Brachyphylla nana,,Chiroptera,Phyllostomidae,Brachyphylla,,,,,,,
Brachytarsomys albicauda,,Rodentia,Nesomyidae,Brachytarsomys,,,,,,,
Brachytarsomys villosa,,Rodentia,Nesomyidae,Brachytarsomys,,,,,,,
Brachyteles hypoxanthus,,Primates,Atelidae,Brachyteles,,,,,,,
Brachyuromys betsileoensis,,Rodentia,Nesomyidae,Brachyuromys,,,,,,,
Brachyuromys ramirohitra,,Rodentia,Nesomyidae,Brachyuromys,,,,,,,
Bradypus pygmaeus,,Pilosa,Bradypodidae,Bradypus,,,,,,,
Crocidura olivieri,,Eulipotyphla,Soricidae,Crocidura,,,,,,,
Crocidura orientalis,,Eulipotyphla,Soricidae,Crocidura,,,,,,,
Cephalophus leucogaster,,Artiodactyla,Bovidae,Cephalophus,5.3,,,,,,
Chaetomys subspinosus,,Rodentia,Erethizontidae,Chaetomys,,,,,,,
Chalinolobus dwyeri,,Chiroptera,Vespertilionidae,Chalinolobus,,,,,,,
Chalinolobus gouldii,,Chiroptera,Vespertilionidae,Chalinolobus,,,,0.253534246575342,,,
Chalinolobus morio,,Chiroptera,Vespertilionidae,Chalinolobus,,,,,,,
Chalinolobus neocaledonicus,,Chiroptera,Vespertilionidae,Chalinolobus,,,,,,,
Dendrolagus lumholtzi,,Diprotodontia,Macropodidae,Dendrolagus,,,2.23657534246575,,,,
Dendrolagus mbaiso,,Diprotodontia,Macropodidae,Dendrolagus,,,,,,,
Dendrolagus pulcherrimus,,Diprotodontia,Macropodidae,Dendrolagus,,,,,,,
Dendrolagus scottae,,Diprotodontia,Macropodidae,Dendrolagus,,,,,,,
Dendrolagus spadix,,Diprotodontia,Macropodidae,Dendrolagus,,,,,,,
Dendrolagus stellarum,,Diprotodontia,Macropodidae,Dendrolagus,,,,,,,
Dendromus insignis,,Rodentia,Nesomyidae,Dendromus,,,,,,,
Dendromus kahuziensis,,Rodentia,Nesomyidae,Dendromus,,,,,,,
Dendromus leucostomus,,Rodentia,Nesomyidae,Dendromus,,,,,,,
Dendromus lovati,,Rodentia,Nesomyidae,Dendromus,,,,,,,
Dendromus messorius,,Rodentia,Nesomyidae,Dendromus,,,,,,,
Dendromus mystacalis,,Rodentia,Nesomyidae,Dendromus,,,,,,,
Dendromus nyasae,,Rodentia,Nesomyidae,Dendromus,,,,,,,
Dendromus nyikae,,Rodentia,Nesomyidae,Dendromus,,,,,,,
Dendromus oreas,,Rodentia,Nesomyidae,Dendromus,,,,,,,
Dendromus vernayi,,Rodentia,Nesomyidae,Dendromus,,,,,,,
Dendroprionomys rousseloti,,Rodentia,Nesomyidae,Dendroprionomys,,,,,,,
Deomys ferrugineus,,Rodentia,Muridae,Deomys,,,,,,,
Dephomys defua,,Rodentia,Muridae,Dephomys,,,,,,,
Dephomys eburneae,,Rodentia,Muridae,Dephomys,,,,,,,
Desmana moschata,,Eulipotyphla,Talpidae,Desmana,,,,0.127479452054795,,,
Desmodilliscus braueri,,Rodentia,Muridae,Desmodilliscus,,,,0.0826301369863014,,,
Desmomys harringtoni,,Rodentia,Muridae,Desmomys,,,,,,,
Desmomys yaldeni,,Rodentia,Muridae,Desmomys,,,,,,,
Diaemus youngi,,Chiroptera,Phyllostomidae,Diaemus,,,,,,,
Diclidurus albus,,Chiroptera,Emballonuridae,Diclidurus,,,,,,,
Diclidurus ingens,,Chiroptera,Emballonuridae,Diclidurus,,,,,,,
Diclidurus isabellus,,Chiroptera,Emballonuridae,Diclidurus,,,,,,,
Diclidurus scutatus,,Chiroptera,Emballonuridae,Diclidurus,,,,,,,
Dicrostonyx hudsonius,,Rodentia,Cricetidae,Dicrostonyx,,,,0.0547945205479452,,,
Dicrostonyx nelsoni,,Rodentia,Cricetidae,Dicrostonyx,,,,,,,
Dicrostonyx nunatakensis,,Rodentia,Cricetidae,Dicrostonyx,,,,,,,
Dicrostonyx unalascensis,,Rodentia,Cricetidae,Dicrostonyx,,,,0.0575342465753425,,,
Dicrostonyx vinogradovi,,Rodentia,Cricetidae,Dicrostonyx,,,,,,,
Didelphis imperfecta,,Didelphimorphia,Didelphidae,Didelphis,,,,,,,
Didelphis pernigra,,Didelphimorphia,Didelphidae,Didelphis,,,,,,,
Dinaromys bogdanovi,,Rodentia,Cricetidae,Dinaromys,,,,0.0833150684931507,,,
Diomys crumpi,,Rodentia,Muridae,Diomys,,,,,,,
Diplogale hosei,,Carnivora,Viverridae,Diplogale,,,,,,,
Diplomesodon pulchellum,,Eulipotyphla,Soricidae,Diplomesodon,,,,,,,
Diplomys caniceps,,Rodentia,Echimyidae,Diplomys,,,,,,,
Diplomys labilis,,Rodentia,Echimyidae,Diplomys,,,,0.152657534246575,,,
Diplomys rufodorsalis,,Rodentia,Echimyidae,Diplomys,,,,,,,
Diplothrix legata,,Rodentia,Muridae,Diplothrix,,,,,,,
Dipodillus bottai,,Rodentia,Muridae,Dipodillus,,,,,,,
Dipodillus dasyurus,,Rodentia,Muridae,Dipodillus,,,,0.0684931506849315,,,
Dipodillus harwoodi,,Rodentia,Muridae,Dipodillus,,,,,,,
Dipodillus jamesi,,Rodentia,Muridae,Dipodillus,,,,,,,
Dipodillus lowei,,Rodentia,Muridae,Dipodillus,,,,,,,
Dipodillus mackilligini,,Rodentia,Muridae,Dipodillus,,,,,,,
Dipodillus maghrebi,,Rodentia,Muridae,Dipodillus,,,,,,,
Elephantulus fuscus,,Macroscelidea,Macroscelididae,Elephantulus,,,,,,,
Elephantulus revoili,,Macroscelidea,Macroscelididae,Elephantulus,,,,,,,
Elephantulus rupestris,,Macroscelidea,Macroscelididae,Elephantulus,,,,0.153424657534247,,,
Eligmodontia moreni,,Rodentia,Cricetidae,Eligmodontia,,,,,,,
Eligmodontia morgani,,Rodentia,Cricetidae,Eligmodontia,,,,,,,
Eligmodontia puerulus,,Rodentia,Cricetidae,Eligmodontia,,,,,,,
Eliomys munbyanus,,Rodentia,Gliridae,Eliomys,,,,,,,
Eliurus antsingy,,Rodentia,Nesomyidae,Eliurus,,,,,,,
Eliurus ellermani,,Rodentia,Nesomyidae,Eliurus,,,,,,,
Eliurus grandidieri,,Rodentia,Nesomyidae,Eliurus,,,,,,,
Eliurus majori,,Rodentia,Nesomyidae,Eliurus,,,,,,,
Eliurus minor,,Rodentia,Nesomyidae,Eliurus,,,,,,,
Eliurus myoxinus,,Rodentia,Nesomyidae,Eliurus,,,,0.0657260273972603,,,
Eliurus penicillatus,,Rodentia,Nesomyidae,Eliurus,,,,,,,
Eliurus petteri,,Rodentia,Nesomyidae,Eliurus,,,,,,,
Eliurus tanala,,Rodentia,Nesomyidae,Eliurus,,,,,,,
Eliurus webbi,,Rodentia,Nesomyidae,Eliurus,,,,,,,
Ellobius alaicus,,Rodentia,Cricetidae,Ellobius,,,,,,,
Ellobius fuscocapillus,,Rodentia,Cricetidae,Ellobius,,,,,,,
Ellobius lutescens,,Rodentia,Cricetidae,Ellobius,,,,,,,
Ellobius tancrei,,Rodentia,Cricetidae,Ellobius,,,,,,,
Emballonura alecto,,Chiroptera,Emballonuridae,Emballonura,,,,,,,
Emballonura atrata,,Chiroptera,Emballonuridae,Emballonura,,,,,,,
Emballonura beccarii,,Chiroptera,Emballonuridae,Emballonura,,,,,,,
Emballonura dianae,,Chiroptera,Emballonuridae,Emballonura,,,,,,,
Emballonura furax,,Chiroptera,Emballonuridae,Emballonura,,,,,,,
Emballonura monticola,,Chiroptera,Emballonuridae,Emballonura,,,,,,,
Emballonura raffrayana,,Chiroptera,Emballonuridae,Emballonura,,,,,,,
Emballonura semicaudata,,Chiroptera,Emballonuridae,Emballonura,,,,,,,
Emballonura serii,,Chiroptera,Emballonuridae,Emballonura,,,,,,,
Enchisthenes hartii,,Chiroptera,Phyllostomidae,Enchisthenes,,,,,,,
Hesperoptenus doriae,,Chiroptera,Vespertilionidae,Hesperoptenus,,,,,,,
Hesperoptenus gaskelli,,Chiroptera,Vespertilionidae,Hesperoptenus,,,,,,,
Hesperoptenus tickelli,,Chiroptera,Vespertilionidae,Hesperoptenus,,,,,,,
Hesperoptenus tomesi,,Chiroptera,Vespertilionidae,Hesperoptenus,,,,,,,
Heteromys anomalus,,Rodentia,Heteromyidae,Heteromys,,,,,,,
Heteromys australis,,Rodentia,Heteromyidae,Heteromys,,,,,,,
Heteromys desmarestianus,,Rodentia,Heteromyidae,Heteromys,,,0.651643835616438,0.0763287671232877,,,
Lagothrix cana,,Primates,Atelidae,Lagothrix,,,,,,,
Lagothrix lagotricha,,Primates,Atelidae,Lagothrix,30.0,,4.7378904109589,0.613671232876712,,,
Lagothrix lugens,,Primates,Atelidae,Lagothrix,,,,,,,
Lagothrix poeppigii,,Primates,Atelidae,Lagothrix,,,,,,,
Lamottemys okuensis,,Rodentia,Muridae,Lamottemys,,,,,,,
Eudorcas rufina,,Artiodactyla,Bovidae,Eudorcas,,,,,,,
Eulemur albocollaris,,Primates,Lemuridae,Eulemur,,,,,,,
Eulemur cinereiceps,,Primates,Lemuridae,Eulemur,,,,,,,
Galago thomasi,,Primates,Galagidae,Galago,,,,,,,
Galago zanzibaricus,,Primates,Galagidae,Galago,,,0.884246575342466,0.328767123287671,,,
Galea flavidens,,Rodentia,Caviidae,Galea,,,0.211041095890411,0.145205479452055,,,
Galenomys garleppi,,Rodentia,Cricetidae,Galenomys,,,,,,,
Galeopterus variegates,,Dermoptera,Cynocephalidae,Galeopterus,0.3,,,0.164356164383562,,,
Galerella flavescens,,Carnivora,Herpestidae,Galerella,,,,,,,
Galerella ochracea,,Carnivora,Herpestidae,Galerella,,,,,,,
Galidictis fasciata,,Carnivora,Eupleridae,Galidictis,,,,,,,
Galidictis grandidieri,,Carnivora,Eupleridae,Galidictis,,,,,,,
Gazella arabica,,Artiodactyla,Bovidae,Gazella,11.3,,,,,,
Gazella erlangeri,,Artiodactyla,Bovidae,Gazella,,,,,,,
Gazella saudiya,,Artiodactyla,Bovidae,Gazella,,,,,,,
Genetta angolensis,,Carnivora,Viverridae,Genetta,,,,,,,
Gerbillus gleadowi,,Rodentia,Muridae,Gerbillus,,,,0.0547945205479452,,,
Gerbillus grobbeni,,Rodentia,Muridae,Gerbillus,,,,,,,
Bandicota savilei,,Rodentia,Muridae,Bandicota,,,,,,,
Barbastella leucomelas,,Chiroptera,Vespertilionidae,Barbastella,,,,,,,
Bassaricyon beddardi,,Carnivora,Procyonidae,Bassaricyon,,,,,,,
Bassaricyon lasius,,Carnivora,Procyonidae,Bassaricyon,,,,,,,
Bassaricyon pauli,,Carnivora,Procyonidae,Bassaricyon,,,,,,,
Batomys dentatus,,Rodentia,Muridae,Batomys,,,,,,,
Batomys granti,,Rodentia,Muridae,Batomys,,,,,,,
Batomys russatus,,Rodentia,Muridae,Batomys,,,,,,,
Batomys salomonseni,,Rodentia,Muridae,Batomys,,,,,,,
Bauerus dubiaquercus,,Chiroptera,Vespertilionidae,Bauerus,,,,,,,
Bdeogale crassicauda,,Carnivora,Herpestidae,Bdeogale,,,,,,,
Bdeogale jacksoni,,Carnivora,Herpestidae,Bdeogale,,,,,,,
Beamys hindei,,Rodentia,Nesomyidae,Beamys,,,0.496246575342466,0.0624383561643836,,,
Beamys major,,Rodentia,Nesomyidae,Beamys,,,,,,,
Belomys pearsonii,,Rodentia,Sciuridae,Belomys,,,,,,,
Berardius arnuxii,,Artiodactyla,Ziphiidae,Berardius,,,,0.833315068493151,,,
Berylmys berdmorei,,Rodentia,Muridae,Berylmys,,,,,,,
Berylmys bowersi,,Rodentia,Muridae,Berylmys,2.9,,,,,,
Berylmys mackenziei,,Rodentia,Muridae,Berylmys,,,,,,,
Berylmys manipulus,,Rodentia,Muridae,Berylmys,,,,,,,
Bibimys chacoensis,,Rodentia,Cricetidae,Bibimys,,,,,,,
Bibimys labiosus,,Rodentia,Cricetidae,Bibimys,,,,,,,
Brotomys contractus,,Rodentia,Echimyidae,Brotomys,,,,,,,
Brotomys voratus,,Rodentia,Echimyidae,Brotomys,,,,,,,
Brucepattersonius albinasus,,Rodentia,Cricetidae,Brucepattersonius,,,,,,,
Brucepattersonius griserufescens,,Rodentia,Cricetidae,Brucepattersonius,,,,,,,
Brucepattersonius guarani,,Rodentia,Cricetidae,Brucepattersonius,,,,,,,
Brucepattersonius igniventris,,Rodentia,Cricetidae,Brucepattersonius,,,,,,,
Brucepattersonius iheringi,,Rodentia,Cricetidae,Brucepattersonius,,,,,,,
Brucepattersonius misionensis,,Rodentia,Cricetidae,Brucepattersonius,,,,,,,
Brucepattersonius paradisus,,Rodentia,Cricetidae,Brucepattersonius,,,,,,,
Brucepattersonius soricinus,,Rodentia,Cricetidae,Brucepattersonius,,,,,,,
Bullimus bagobus,,Rodentia,Muridae,Bullimus,,,,,,,
Bullimus gamay,,Rodentia,Muridae,Bullimus,,,,,,,
Bullimus luzonicus,,Rodentia,Muridae,Bullimus,,,,,,,
Bunomys andrewsi,,Rodentia,Muridae,Bunomys,,,,,,,
Bunomys chrysocomus,,Rodentia,Muridae,Bunomys,,,,,,,
Bunomys coelestis,,Rodentia,Muridae,Bunomys,,,,,,,
Bunomys fratrorum,,Rodentia,Muridae,Bunomys,,,,,,,
Bunomys penitus,,Rodentia,Muridae,Bunomys,,,,,,,
Bunomys prolatus,,Rodentia,Muridae,Bunomys,,,,,,,
Bunopithecus hoolock,,Primates,Hylobatidae,Bunopithecus,,,7.36734246575342,0.636986301369863,,,
Cheiromeles parvidens,,Chiroptera,Molossidae,Cheiromeles,,,,,,,
Cheiromeles torquatus,,Chiroptera,Molossidae,Cheiromeles,,,,,,,
Chelemys delfini,,Rodentia,Cricetidae,Chelemys,,,,,,,
Chelemys macronyx,,Rodentia,Cricetidae,Chelemys,,,,,,,
Chelemys megalonyx,,Rodentia,Cricetidae,Chelemys,,,,,,,
Chibchanomys orcesi,,Rodentia,Cricetidae,Chibchanomys,,,,,,,
Chibchanomys trichotis,,Rodentia,Cricetidae,Chibchanomys,,,,,,,
Chilomys instans,,Rodentia,Cricetidae,Chilomys,,,,,,,
Chilonatalus micropus,,Chiroptera,Natalidae,Chilonatalus,,,,,,,
Chilonatalus tumidifrons,,Chiroptera,Natalidae,Chilonatalus,,,,,,,
Chimarrogale hantu,,Eulipotyphla,Soricidae,Chimarrogale,,,,,,,
Chimarrogale himalayica,,Eulipotyphla,Soricidae,Chimarrogale,,,,,,,
Chimarrogale phaeura,,Eulipotyphla,Soricidae,Chimarrogale,,,,,,,
Chimarrogale platycephalus,,Eulipotyphla,Soricidae,Chimarrogale,,,,,,,
Chimarrogale styani,,Eulipotyphla,Soricidae,Chimarrogale,,,,,,,
Chimarrogale sumatrana,,Eulipotyphla,Soricidae,Chimarrogale,,,,,,,
Chinchilla chinchilla,,Rodentia,Chinchillidae,Chinchilla,10.0,,0.678027397260274,0.304109589041096,,,
Chinchillula sahamae,,Rodentia,Cricetidae,Chinchillula,,,,,,,
Chionomys gud,,Rodentia,Cricetidae,Chionomys,,,,,,,
Chionomys nivalis,,Rodentia,Cricetidae,Chionomys,,,1.01706849315069,0.0573150684931507,,,
Chionomys roberti,,Rodentia,Cricetidae,Chionomys,,,,,,,
Chiroderma doriae,,Chiroptera,Phyllostomidae,Chiroderma,,,,0.291643835616438,,,
Chiroderma improvisum,,Chiroptera,Phyllostomidae,Chiroderma,,,,,,,
Chiroderma salvini,,Chiroptera,Phyllostomidae,Chiroderma,,,,,,,
Chiroderma trinitatum,,Chiroptera,Phyllostomidae,Chiroderma,,,,,,,
Chiroderma villosum,,Chiroptera,Phyllostomidae,Chiroderma,,,,0.333315068493151,,,
Chiromyscus chiropus,,Rodentia,Muridae,Chiromyscus,,,,,,,
Chironax melanocephalus,,Chiroptera,Pteropodidae,Chironax,,,,,,,
Chiropodomys calamianensis,,Rodentia,Muridae,Chiropodomys,,,,,,,
Chiropodomys karlkoopmani,,Rodentia,Muridae,Chiropodomys,,,,,,,
Chiropodomys major,,Rodentia,Muridae,Chiropodomys,,,,,,,
Chiropodomys muroides,,Rodentia,Muridae,Chiropodomys,,,,,,,
Chiropodomys pusillus,,Rodentia,Muridae,Chiropodomys,,,,,,,
Chiropotes chiropotes,,Primates,Pitheciidae,Chiropotes,,,,,,,
Chiropotes israelita,,Primates,Pitheciidae,Chiropotes,,,,,,,
Chiropotes utahickae,,Primates,Pitheciidae,Chiropotes,,,,,,,
Chiruromys forbesi,,Rodentia,Muridae,Chiruromys,,,,,,,
Chiruromys lamia,,Rodentia,Muridae,Chiruromys,,,,,,,
Chiruromys vates,,Rodentia,Muridae,Chiruromys,,,,,,,
Chlorocebus cynosuros,,Primates,Cercopithecidae,Chlorocebus,,,,,,,
Chlorocebus djamdjamensis,,Primates,Cercopithecidae,Chlorocebus,,,,,,,
Chlorocebus pygerythrus,,Primates,Cercopithecidae,Chlorocebus,,,,,,,
Chlorocebus sabaeus,,Primates,Cercopithecidae,Chlorocebus,,,,,,,
Chlorocebus tantalus,,Primates,Cercopithecidae,Chlorocebus,,,,,,,
Chlorotalpa duthieae,,Afrosoricida,Chrysochloridae,Chlorotalpa,,,,,,,
Cabassous chacoensis,,Cingulata,Dasypodidae,Cabassous,,,,,,,
Cabassous tatouay,,Cingulata,Dasypodidae,Cabassous,,,,,,,
Caenolestes caniventer,,Paucituberculata,Caenolestidae,Caenolestes,,,,,,,
Caenolestes condorensis,,Paucituberculata,Caenolestidae,Caenolestes,,,,,,,
Caenolestes convelatus,,Paucituberculata,Caenolestidae,Caenolestes,,,,,,,
Calcochloris leucorhinus,,Afrosoricida,Chrysochloridae,Calcochloris,,,,,,,
Calcochloris obtusirostris,,Afrosoricida,Chrysochloridae,Calcochloris,,,,,,,
Calcochloris tytonis,,Afrosoricida,Chrysochloridae,Calcochloris,,,,,,,
Callicebus baptista,,Primates,Pitheciidae,Callicebus,,,,,,,
Callicebus barbarabrownae,,Primates,Pitheciidae,Callicebus,,,,,,,
Callicebus bernhardi,,Primates,Pitheciidae,Callicebus,,,,,,,
Callicebus brunneus,,Primates,Pitheciidae,Callicebus,,,,,,,
Callicebus caligatus,,Primates,Pitheciidae,Callicebus,,,,,,,
Callicebus cinerascens,,Primates,Pitheciidae,Callicebus,,,,,,,
Callicebus coimbrai,,Primates,Pitheciidae,Callicebus,,,,,,,
Capra walie,,Artiodactyla,Bovidae,Capra,,,,0.431506849315068,,,
Capricornis milneedwardsii,,Artiodactyla,Bovidae,Capricornis,,,,,,,
Capricornis rubidus,,Artiodactyla,Bovidae,Capricornis,,,,,,,
Capricornis swinhoei,,Artiodactyla,Bovidae,Capricornis,,,,,,,
Capricornis thar,,Artiodactyla,Bovidae,Capricornis,,,,,,,
Caprolagus hispidus,,Lagomorpha,Leporidae,Caprolagus,,,,0.10958904109589,,,
Capromys gundlachianus,,Rodentia,Capromyidae,Capromys,,,,,,,
Cardiocranius paradoxus,,Rodentia,Dipodidae,Cardiocranius,,,,,,,
Cardioderma cor,,Chiroptera,Megadermatidae,Cardioderma,,,,0.253534246575342,,,
Carollia brevicauda,,Chiroptera,Phyllostomidae,Carollia,,,,,,,
Carollia castanea,,Chiroptera,Phyllostomidae,Carollia,,,,,,,
Carollia colombiana,,Chiroptera,Phyllostomidae,Carollia,,,,,,,
Carollia sowelli,,Chiroptera,Phyllostomidae,Carollia,,,,,,,
Carollia subrufa,,Chiroptera,Phyllostomidae,Carollia,,,,,,,
Carpitalpa arendsi,,Afrosoricida,Chrysochloridae,Carpitalpa,,,,,,,
Carpomys melanurus,,Rodentia,Muridae,Carpomys,,,,,,,
Carpomys phaeurus,,Rodentia,Muridae,Carpomys,,,,,,,
Carterodon sulcidens,,Rodentia,Echimyidae,Carterodon,,,,,,,
Caryomys eva,,Rodentia,Cricetidae,Caryomys,,,,,,,
Caryomys inez,,Rodentia,Cricetidae,Caryomys,,,,,,,
Casinycteris argynnis,,Chiroptera,Pteropodidae,Casinycteris,,,,,,,
Catopuma badia,,Carnivora,Felidae,Catopuma,,,,,,,
Cavia fulgida,,Rodentia,Caviidae,Cavia,,,,,,,
Cavia intermedia,,Rodentia,Caviidae,Cavia,,,,,,,
Cavia magna,,Rodentia,Caviidae,Cavia,,,,,,,
Cebus apella,,Primates,Cebidae,Cebus,45.1,,4.82413698630137,0.424630136986301,,,
Cebus kaapori,,Primates,Cebidae,Cebus,,,,,,,
Cebus libidinosus,,Primates,Cebidae,Cebus,,,,,,,
Cebus nigritus,,Primates,Cebidae,Cebus,44.0,,5.84857534246575,,,,
Cebus xanthosternos,,Primates,Cebidae,Cebus,,,,,,,
Centronycteris centralis,,Chiroptera,Emballonuridae,Centronycteris,,,,,,,
Centronycteris maximiliani,,Chiroptera,Emballonuridae,Centronycteris,,,,,,,
Centurio senex,,Chiroptera,Phyllostomidae,Centurio,,,,,,,
Cephalophus adersi,,Artiodactyla,Bovidae,Cephalophus,4.1,,,0.328767123287671,,,
Cephalophus brookei,,Artiodactyla,Bovidae,Cephalophus,,,,,,,
Cephalophus callipygus,,Artiodactyla,Bovidae,Cephalophus,,,,,,,
Crocidura horsfieldii,,Eulipotyphla,Soricidae,Crocidura,,,,,,,
Crocidura hutanis,,Eulipotyphla,Soricidae,Crocidura,,,,,,,
Crocidura ichnusae,,Eulipotyphla,Soricidae,Crocidura,,,,,,,
Crocidura indochinensis,,Eulipotyphla,Soricidae,Crocidura,,,,,,,
Crocidura jacksoni,,Eulipotyphla,Soricidae,Crocidura,,,,,,,
Crocidura jenkinsi,,Eulipotyphla,Soricidae,Crocidura,,,,,,,
Crocidura jouvenetae,,Eulipotyphla,Soricidae,Crocidura,,,,,,,
Crocidura katinka,,Eulipotyphla,Soricidae,Crocidura,,,,,,,
Crocidura kivuana,,Eulipotyphla,Soricidae,Crocidura,,,,,,,
Crocidura lamottei,,Eulipotyphla,Soricidae,Crocidura,,,,,,,
Crocidura lanosa,,Eulipotyphla,Soricidae,Crocidura,,,,,,,
Crocidura lasiura,,Eulipotyphla,Soricidae,Crocidura,,,,,,,
Crocidura latona,,Eulipotyphla,Soricidae,Crocidura,,,,,,,
Crocidura lea,,Eulipotyphla,Soricidae,Crocidura,,,,,,,
Crocidura lepidura,,Eulipotyphla,Soricidae,Crocidura,,,,,,,
Crocidura levicula,,Eulipotyphla,Soricidae,Crocidura,,,,,,,
Crocidura littoralis,,Eulipotyphla,Soricidae,Crocidura,,,,,,,
Crocidura longipes,,Eulipotyphla,Soricidae,Crocidura,,,,,,,
Crocidura lucina,,Eulipotyphla,Soricidae,Crocidura,,,,,,,
Crocidura ludia,,Eulipotyphla,Soricidae,Crocidura,,,,,,,
Crocidura luna,,Eulipotyphla,Soricidae,Crocidura,,,,,,,
Crocidura lusitania,,Eulipotyphla,Soricidae,Crocidura,,,,,,,
Crocidura macarthuri,,Eulipotyphla,Soricidae,Crocidura,,,,,,,
Crocidura macmillani,,Eulipotyphla,Soricidae,Crocidura,,,,,,,
Crocidura macowi,,Eulipotyphla,Soricidae,Crocidura,,,,,,,
Crocidura malayana,,Eulipotyphla,Soricidae,Crocidura,,,,,,,
Crocidura manengubae,,Eulipotyphla,Soricidae,Crocidura,,,,,,,
Crocidura maquassiensis,,Eulipotyphla,Soricidae,Crocidura,,,,,,,
Crocidura mariquensis,,Eulipotyphla,Soricidae,Crocidura,,,,,,,
Crocidura maurisca,,Eulipotyphla,Soricidae,Crocidura,,,,,,,
Crocidura maxi,,Eulipotyphla,Soricidae,Crocidura,,,,,,,
Crocidura mindorus,,Eulipotyphla,Soricidae,Crocidura,,,,,,,
Crocidura miya,,Eulipotyphla,Soricidae,Crocidura,,,,,,,
Crocidura monax,,Eulipotyphla,Soricidae,Crocidura,,,,,,,
Crocidura monticola,,Eulipotyphla,Soricidae,Crocidura,,,,,,,
Crocidura montis,,Eulipotyphla,Soricidae,Crocidura,,,,,,,
Crocidura muricauda,,Eulipotyphla,Soricidae,Crocidura,,,,,,,
Crocidura musseri,,Eulipotyphla,Soricidae,Crocidura,,,,,,,
Crocidura mutesae,,Eulipotyphla,Soricidae,Crocidura,,,,,,,
Crocidura nana,,Eulipotyphla,Soricidae,Crocidura,,,,,,,
Crocidura nanilla,,Eulipotyphla,Soricidae,Crocidura,,,,,,,
Crocidura negligens,,Eulipotyphla,Soricidae,Crocidura,,,,,,,
Crocidura negrina,,Eulipotyphla,Soricidae,Crocidura,,,,,,,
Crocidura nicobarica,,Eulipotyphla,Soricidae,Crocidura,,,,,,,
Crocidura nigeriae,,Eulipotyphla,Soricidae,Crocidura,,,,,,,
Crocidura nigricans,,Eulipotyphla,Soricidae,Crocidura,,,,,,,
Crocidura nigripes,,Eulipotyphla,Soricidae,Crocidura,,,,,,,
Crocidura nigrofusca,,Eulipotyphla,Soricidae,Crocidura,,,,,,,
Crocidura nimbae,,Eulipotyphla,Soricidae,Crocidura,,,,,,,
Crocidura niobe,,Eulipotyphla,Soricidae,Crocidura,,,,,,,
Crocidura obscurior,,Eulipotyphla,Soricidae,Crocidura,,,,,,,
Chalinolobus nigrogriseus,,Chiroptera,Vespertilionidae,Chalinolobus,,,,,,,
Chalinolobus picatus,,Chiroptera,Vespertilionidae,Chalinolobus,,,,,,,
Chalinolobus tuberculatus,,Chiroptera,Vespertilionidae,Chalinolobus,,,,,,,
Cheirogaleus adipicaudatus,,Primates,Cheirogaleidae,Cheirogaleus,,,,,,,
Cheirogaleus crossleyi,,Primates,Cheirogaleidae,Cheirogaleus,,,,,,,
Cheirogaleus minusculus,,Primates,Cheirogaleidae,Cheirogaleus,,,,,,,
Cheirogaleus ravus,,Primates,Cheirogaleidae,Cheirogaleus,,,,,,,
Cheirogaleus sibreei,,Primates,Cheirogaleidae,Cheirogaleus,,,,,,,
Chlorotalpa sclateri,,Afrosoricida,Chrysochloridae,Chlorotalpa,,,,,,,
Chodsigoa caovansunga,,Eulipotyphla,Soricidae,Chodsigoa,,,,,,,
Chodsigoa hypsibia,,Eulipotyphla,Soricidae,Chodsigoa,,,,,,,
Chodsigoa lamula,,Eulipotyphla,Soricidae,Chodsigoa,,,,,,,
Chodsigoa parca,,Eulipotyphla,Soricidae,Chodsigoa,,,,,,,
Chodsigoa parva,,Eulipotyphla,Soricidae,Chodsigoa,,,,,,,
Chodsigoa salenskii,,Eulipotyphla,Soricidae,Chodsigoa,,,,,,,
Chodsigoa smithii,,Eulipotyphla,Soricidae,Chodsigoa,,,,,,,
Chodsigoa sodalis,,Eulipotyphla,Soricidae,Chodsigoa,,,,,,,
Choeroniscus godmani,,Chiroptera,Phyllostomidae,Choeroniscus,,,,,,,
Choeroniscus minor,,Chiroptera,Phyllostomidae,Choeroniscus,,,,,,,
Choeroniscus periosus,,Chiroptera,Phyllostomidae,Choeroniscus,,,,,,,
Choeronycteris mexicana,,Chiroptera,Phyllostomidae,Choeronycteris,,,,,,,
Chrotomys gonzalesi,,Rodentia,Muridae,Chrotomys,,,,,,,
Chrotomys mindorensis,,Rodentia,Muridae,Chrotomys,,,,,,,
Chrotomys silaceus,,Rodentia,Muridae,Chrotomys,,,,,,,
Chrotomys whiteheadi,,Rodentia,Muridae,Chrotomys,,,,,,,
Chrotopterus auritus,,Chiroptera,Phyllostomidae,Chrotopterus,,,,0.23586301369863,,,
Chrysochloris asiatica,,Afrosoricida,Chrysochloridae,Chrysochloris,,,,,,,
Chrysochloris stuhlmanni,,Afrosoricida,Chrysochloridae,Chrysochloris,,,,,,,
Chrysochloris visagiei,,Afrosoricida,Chrysochloridae,Chrysochloris,,,,,,,
Chrysospalax trevelyani,,Afrosoricida,Chrysochloridae,Chrysospalax,4.0,,,0.315068493150685,,,
Chrysospalax villosus,,Afrosoricida,Chrysochloridae,Chrysospalax,,,,,,,
Cistugo lesueuri,,Chiroptera,Vespertilionidae,Cistugo,,,,,,,
Cistugo seabrae,,Chiroptera,Vespertilionidae,Cistugo,,,,,,,
Clidomys osborni,,Rodentia,Heptaxodontidae,Clidomys,,,,,,,
Cloeotis percivali,,Chiroptera,Hipposideridae,Cloeotis,,,,0.249972602739726,,,
Clyomys bishopi,,Rodentia,Echimyidae,Clyomys,,,,,,,
Clyomys laticeps,,Rodentia,Echimyidae,Clyomys,,,,,,,
Coccymys albidens,,Rodentia,Muridae,Coccymys,,,,,,,
Coccymys ruemmleri,,Rodentia,Muridae,Coccymys,,,,,,,
Coelops frithii,,Chiroptera,Hipposideridae,Coelops,,,,,,,
Coelops robinsoni,,Chiroptera,Hipposideridae,Coelops,,,,,,,
Coendou bicolor,,Rodentia,Erethizontidae,Coendou,,,1.82586301369863,,,,
Coendou nycthemera,,Rodentia,Erethizontidae,Coendou,,,,,,,
Coendou rothschildi,,Rodentia,Erethizontidae,Coendou,,,,,,,
Coleura afra,,Chiroptera,Emballonuridae,Coleura,,,,,,,
Coleura seychellensis,,Chiroptera,Emballonuridae,Coleura,,,,,,,
Colobus satanas,,Primates,Cercopithecidae,Colobus,,,,0.528109589041096,,,
Colobus vellerosus,,Primates,Cercopithecidae,Colobus,,,,,,,
Conepatus humboldtii,,Carnivora,Mephitidae,Conepatus,,,,,,,
Conepatus semistriatus,,Carnivora,Mephitidae,Conepatus,,,,,,,
Congosorex polli,,Eulipotyphla,Soricidae,Congosorex,,,,,,,
Congosorex verheyeni,,Eulipotyphla,Soricidae,Congosorex,,,,,,,
Conilurus albipes,,Rodentia,Muridae,Conilurus,,,,,,,
Dasymys montanus,,Rodentia,Muridae,Dasymys,,,,,,,
Dasymys nudipes,,Rodentia,Muridae,Dasymys,,,,,,,
Dasymys rufulus,,Rodentia,Muridae,Dasymys,,,,,,,
Dasymys rwandae,,Rodentia,Muridae,Dasymys,,,,,,,
Dasymys sua,,Rodentia,Muridae,Dasymys,,,,,,,
Dasyprocta coibae,,Rodentia,Dasyproctidae,Dasyprocta,,,,,,,
Dasyprocta guamara,,Rodentia,Dasyproctidae,Dasyprocta,,,,,,,
Dasyprocta kalinowskii,,Rodentia,Dasyproctidae,Dasyprocta,,,,,,,
Dasypus hybridus,,Cingulata,Dasypodidae,Dasypus,,,,0.346301369863014,,,
Dasypus kappleri,,Cingulata,Dasypodidae,Dasypus,,,,,,,
Dasypus pilosus,,Cingulata,Dasypodidae,Dasypus,,,,,,,
Dasypus sabanicola,,Cingulata,Dasypodidae,Dasypus,,,,0.249972602739726,,,
Eumops patagonicus,,Chiroptera,Molossidae,Eumops,,,,,,,
Eumops perotis,,Chiroptera,Molossidae,Eumops,,,,,,,
Eumops trumbulli,,Chiroptera,Molossidae,Eumops,,,,,,,
Eumops underwoodi,,Chiroptera,Molossidae,Eumops,,,,,,,
Euneomys chinchilloides,,Rodentia,Cricetidae,Euneomys,,,,,,,
Euneomys fossor,,Rodentia,Cricetidae,Euneomys,,,,,,,
Euneomys mordax,,Rodentia,Cricetidae,Euneomys,,,,,,,
Euneomys petersoni,,Rodentia,Cricetidae,Euneomys,,,,,,,
Euoticus pallidus,,Primates,Galagidae,Euoticus,,,,,,,
Eupetaurus cinereus,,Rodentia,Sciuridae,Eupetaurus,,,,,,,
Eupleres goudotii,,Carnivora,Eupleridae,Eupleres,,,,0.257150684931507,,,
Euroscaptor grandis,,Eulipotyphla,Talpidae,Euroscaptor,,,,,,,
Euroscaptor klossi,,Eulipotyphla,Talpidae,Euroscaptor,,,,0.0958630136986301,,,
Euroscaptor longirostris,,Eulipotyphla,Talpidae,Euroscaptor,,,,,,,
Euroscaptor micrura,,Eulipotyphla,Talpidae,Euroscaptor,3.0,,,,,,
Euroscaptor mizura,,Eulipotyphla,Talpidae,Euroscaptor,3.0,,,0.10958904109589,,,
Euroscaptor parvidens,,Eulipotyphla,Talpidae,Euroscaptor,,,,,,,
Euryzygomatomys spinosus,,Rodentia,Echimyidae,Euryzygomatomys,,,,,,,
Exilisciurus concinnus,,Rodentia,Sciuridae,Exilisciurus,,,,,,,
Cormura brevirostris,,Chiroptera,Emballonuridae,Cormura,,,,,,,
Corynorhinus mexicanus,,Chiroptera,Vespertilionidae,Corynorhinus,,,,,,,
Coryphomys buehleri,,Rodentia,Muridae,Coryphomys,,,,,,,
Craseonycteris thonglongyai,,Chiroptera,Craseonycteridae,Craseonycteris,,,,,,,
Crateromys australis,,Rodentia,Muridae,Crateromys,,,,,,,
Crateromys paulus,,Rodentia,Muridae,Crateromys,,,,,,,
Cratogeomys fumosus,,Rodentia,Geomyidae,Cratogeomys,,,,,,,
Cratogeomys goldmani,,Rodentia,Geomyidae,Cratogeomys,,,,,,,
Cratogeomys gymnurus,,Rodentia,Geomyidae,Cratogeomys,,,,,,,
Cratogeomys merriami,,Rodentia,Geomyidae,Cratogeomys,,,,,,,
Cratogeomys neglectus,,Rodentia,Geomyidae,Cratogeomys,,,,,,,
Cratogeomys tylorhinus,,Rodentia,Geomyidae,Cratogeomys,,,,,,,
Cratogeomys zinseri,,Rodentia,Geomyidae,Cratogeomys,,,,,,,
Cremnomys cutchicus,,Rodentia,Muridae,Cremnomys,,,,,,,
Cremnomys elvira,,Rodentia,Muridae,Cremnomys,,,,,,,
Cricetomys ansorgei,,Rodentia,Nesomyidae,Cricetomys,,,,,,,
Cricetomys kivuensis,,Rodentia,Nesomyidae,Cricetomys,,,,,,,
Cricetulus alticola,,Rodentia,Cricetidae,Cricetulus,,,,,,,
Crocidura tanakae,,Eulipotyphla,Soricidae,Crocidura,,,,,,,
Crocidura tansaniana,,Eulipotyphla,Soricidae,Crocidura,,,,,,,
Crocidura tarella,,Eulipotyphla,Soricidae,Crocidura,,,,,,,
Crocidura tarfayensis,,Eulipotyphla,Soricidae,Crocidura,,,,,,,
Crocidura telfordi,,Eulipotyphla,Soricidae,Crocidura,,,,,,,
Crocidura tenuis,,Eulipotyphla,Soricidae,Crocidura,,,,,,,
Crocidura thalia,,Eulipotyphla,Soricidae,Crocidura,,,,,,,
Crocidura theresae,,Eulipotyphla,Soricidae,Crocidura,,,,,,,
Crocidura thomensis,,Eulipotyphla,Soricidae,Crocidura,,,,,,,
Crocidura trichura,,Eulipotyphla,Soricidae,Crocidura,,,,,,,
Crocidura turba,,Eulipotyphla,Soricidae,Crocidura,,,,,,,
Crocidura ultima,,Eulipotyphla,Soricidae,Crocidura,,,,,,,
Crocidura usambarae,,Eulipotyphla,Soricidae,Crocidura,,,,,,,
Crocidura viaria,,Eulipotyphla,Soricidae,Crocidura,,,,,,,
Crocidura virgata,,Eulipotyphla,Soricidae,Crocidura,,,,,,,
Crocidura voi,,Eulipotyphla,Soricidae,Crocidura,,,,,,,
Crocidura vorax,,Eulipotyphla,Soricidae,Crocidura,,,,,,,
Crocidura vosmaeri,,Eulipotyphla,Soricidae,Crocidura,,,,,,,
Crocidura watasei,,Eulipotyphla,Soricidae,Crocidura,,,,,,,
Crocidura whitakeri,,Eulipotyphla,Soricidae,Crocidura,,,,,,,
Crocidura wimmeri,,Eulipotyphla,Soricidae,Crocidura,,,,,,,
Crocidura wuchihensis,,Eulipotyphla,Soricidae,Crocidura,,,,,,,
Crocidura xantippe,,Eulipotyphla,Soricidae,Crocidura,,,,,,,
Crocidura yankariensis,,Eulipotyphla,Soricidae,Crocidura,,,,,,,
Crocidura zaphiri,,Eulipotyphla,Soricidae,Crocidura,,,,,,,
Crocidura zarudnyi,,Eulipotyphla,Soricidae,Crocidura,,,,,,,
Crocidura zimmeri,,Eulipotyphla,Soricidae,Crocidura,,,,,,,
Crocidura zimmermanni,,Eulipotyphla,Soricidae,Crocidura,,,,,,,
Crossarchus alexandri,,Carnivora,Herpestidae,Crossarchus,,,,,,,
Crossarchus ansorgei,,Carnivora,Herpestidae,Crossarchus,,,,,,,
Crossarchus platycephalus,,Carnivora,Herpestidae,Crossarchus,,,,,,,
Crossomys moncktoni,,Rodentia,Muridae,Crossomys,,,,,,,
Crunomys celebensis,,Rodentia,Muridae,Crunomys,,,,,,,
Crunomys fallax,,Rodentia,Muridae,Crunomys,,,,,,,
Crunomys melanius,,Rodentia,Muridae,Crunomys,,,,,,,
Crunomys suncoides,,Rodentia,Muridae,Crunomys,,,,,,,
Cryptochloris wintoni,,Afrosoricida,Chrysochloridae,Cryptochloris,,,,,,,
Cryptochloris zyli,,Afrosoricida,Chrysochloridae,Cryptochloris,,,,,,,
Cryptomys amatus,,Rodentia,Bathyergidae,Cryptomys,,,,0.26027397260274,,,
Cryptomys bocagei,,Rodentia,Bathyergidae,Cryptomys,,,,,,,
Cryptomys darlingi,,Rodentia,Bathyergidae,Cryptomys,,,,0.15841095890411,,,
Cryptomys foxi,,Rodentia,Bathyergidae,Cryptomys,,,,,,,
Cryptomys kafuensis,,Rodentia,Bathyergidae,Cryptomys,,,,,,,
Cryptomys ochraceocinereus,,Rodentia,Bathyergidae,Cryptomys,,,,,,,
Cryptomys zechi,,Rodentia,Bathyergidae,Cryptomys,,,,,,,
Cryptotis alticola,,Eulipotyphla,Soricidae,Cryptotis,,,,,,,
Cryptotis brachyonyx,,Eulipotyphla,Soricidae,Cryptotis,,,,,,,
Cryptotis colombiana,,Eulipotyphla,Soricidae,Cryptotis,,,,,,,
Cryptotis endersi,,Eulipotyphla,Soricidae,Cryptotis,,,,,,,
Cryptotis equatoris,,Eulipotyphla,Soricidae,Cryptotis,,,,,,,
Cryptotis goldmani,,Eulipotyphla,Soricidae,Cryptotis,,,,,,,
Cryptotis goodwini,,Eulipotyphla,Soricidae,Cryptotis,,,,,,,
Cryptotis gracilis,,Eulipotyphla,Soricidae,Cryptotis,,,,,,,
Cryptotis griseoventris,,Eulipotyphla,Soricidae,Cryptotis,,,,,,,
Cryptotis hondurensis,,Eulipotyphla,Soricidae,Cryptotis,,,,,,,
Cryptotis magna,,Eulipotyphla,Soricidae,Cryptotis,,,,,,,
Cryptotis mayensis,,Eulipotyphla,Soricidae,Cryptotis,,,,,,,
Cryptotis medellinia,,Eulipotyphla,Soricidae,Cryptotis,,,,,,,
Cryptotis mera,,Eulipotyphla,Soricidae,Cryptotis,,,,,,,
Cryptotis meridensis,,Eulipotyphla,Soricidae,Cryptotis,,,,,,,
Cryptotis merriami,,Eulipotyphla,Soricidae,Cryptotis,,,,,,,
Cryptotis mexicana,,Eulipotyphla,Soricidae,Cryptotis,,,,,,,
Cryptotis montivaga,,Eulipotyphla,Soricidae,Cryptotis,,,,,,,
Cryptotis nelsoni,,Eulipotyphla,Soricidae,Cryptotis,,,,,,,
Cryptotis nigrescens,,Eulipotyphla,Soricidae,Cryptotis,,,,,,,
Cryptotis obscura,,Eulipotyphla,Soricidae,Cryptotis,,,,,,,
Cryptotis orophila,,Eulipotyphla,Soricidae,Cryptotis,,,,,,,
Cryptotis peregrina,,Eulipotyphla,Soricidae,Cryptotis,,,,,,,
Cryptotis peruviensis,,Eulipotyphla,Soricidae,Cryptotis,,,,,,,
Cryptotis phillipsii,,Eulipotyphla,Soricidae,Cryptotis,,,,,,,
Cryptotis squamipes,,Eulipotyphla,Soricidae,Cryptotis,,,,,,,
Cryptotis tamensis,,Eulipotyphla,Soricidae,Cryptotis,,,,,,,
Cryptotis thomasi,,Eulipotyphla,Soricidae,Cryptotis,,,,,,,
Cryptotis tropicalis,,Eulipotyphla,Soricidae,Cryptotis,,,,,,,
Ctenodactylus vali,,Rodentia,Ctenodactylidae,Ctenodactylus,5.0,,0.933260273972603,0.162,,,
Ctenomys argentinus,,Rodentia,Ctenomyidae,Ctenomys,,,,,,,
Ctenomys australis,,Rodentia,Ctenomyidae,Ctenomys,,,,,,,
Ctenomys azarae,,Rodentia,Ctenomyidae,Ctenomys,,,,,,,
Ctenomys bergi,,Rodentia,Ctenomyidae,Ctenomys,,,,,,,
Ctenomys boliviensis,,Rodentia,Ctenomyidae,Ctenomys,,,,,,,
Ctenomys bonettoi,,Rodentia,Ctenomyidae,Ctenomys,,,,,,,
Ctenomys brasiliensis,,Rodentia,Ctenomyidae,Ctenomys,,,,,,,
Ctenomys budini,,Rodentia,Ctenomyidae,Ctenomys,,,,,,,
Ctenomys colburni,,Rodentia,Ctenomyidae,Ctenomys,,,,,,,
Ctenomys coludo,,Rodentia,Ctenomyidae,Ctenomys,,,,,,,
Ctenomys coyhaiquensis,,Rodentia,Ctenomyidae,Ctenomys,,,,,,,
Ctenomys dorbignyi,,Rodentia,Ctenomyidae,Ctenomys,,,,,,,
Ctenomys dorsalis,,Rodentia,Ctenomyidae,Ctenomys,,,,,,,
Ctenomys emilianus,,Rodentia,Ctenomyidae,Ctenomys,,,,,,,
Ctenomys famosus,,Rodentia,Ctenomyidae,Ctenomys,,,,,,,
Ctenomys flamarioni,,Rodentia,Ctenomyidae,Ctenomys,,,,,,,
Ctenomys fochi,,Rodentia,Ctenomyidae,Ctenomys,,,,,,,
Ctenomys fodax,,Rodentia,Ctenomyidae,Ctenomys,,,,,,,
Ctenomys frater,,Rodentia,Ctenomyidae,Ctenomys,,,,,,,
Ctenomys fulvus,,Rodentia,Ctenomyidae,Ctenomys,,,,,,,
Ctenomys goodfellowi,,Rodentia,Ctenomyidae,Ctenomys,,,,,,,
Ctenomys haigi,,Rodentia,Ctenomyidae,Ctenomys,,,,,,,
Ctenomys johannis,,Rodentia,Ctenomyidae,Ctenomys,,,,,,,
Ctenomys juris,,Rodentia,Ctenomyidae,Ctenomys,,,,,,,
Ctenomys knighti,,Rodentia,Ctenomyidae,Ctenomys,,,,,,,
Ctenomys lami,,Rodentia,Ctenomyidae,Ctenomys,,,,,,,
Ctenomys latro,,Rodentia,Ctenomyidae,Ctenomys,,,,,,,
Ctenomys leucodon,,Rodentia,Ctenomyidae,Ctenomys,,,,,,,
Ctenomys magellanicus,,Rodentia,Ctenomyidae,Ctenomys,,,,,,,
Ctenomys maulinus,,Rodentia,Ctenomyidae,Ctenomys,,,,,,,
Ctenomys mendocinus,,Rodentia,Ctenomyidae,Ctenomys,,,,,,,
Ctenomys minutus,,Rodentia,Ctenomyidae,Ctenomys,,,,,,,
Ctenomys occultus,,Rodentia,Ctenomyidae,Ctenomys,,,,,,,
Ctenomys osvaldoreigi,,Rodentia,Ctenomyidae,Ctenomys,,,,,,,
Ctenomys pearsoni,,Rodentia,Ctenomyidae,Ctenomys,,,,,,,
Ctenomys perrensi,,Rodentia,Ctenomyidae,Ctenomys,,,,,,,
Ctenomys peruanus,,Rodentia,Ctenomyidae,Ctenomys,,,1.0,0.331041095890411,,,
Ctenomys pilarensis,,Rodentia,Ctenomyidae,Ctenomys,,,,,,,
Ctenomys pontifex,,Rodentia,Ctenomyidae,Ctenomys,,,,,,,
Ctenomys porteousi,,Rodentia,Ctenomyidae,Ctenomys,,,,,,,
Ctenomys pundti,,Rodentia,Ctenomyidae,Ctenomys,,,,,,,
Ctenomys rionegrensis,,Rodentia,Ctenomyidae,Ctenomys,,,,,,,
Ctenomys roigi,,Rodentia,Ctenomyidae,Ctenomys,,,,,,,
Ctenomys saltarius,,Rodentia,Ctenomyidae,Ctenomys,,,,,,,
Ctenomys scagliai,,Rodentia,Ctenomyidae,Ctenomys,,,,,,,
Ctenomys sericeus,,Rodentia,Ctenomyidae,Ctenomys,,,,,,,
Ctenomys sociabilis,,Rodentia,Ctenomyidae,Ctenomys,,,,,,,
Ctenomys sylvanus,,Rodentia,Ctenomyidae,Ctenomys,,,,,,,
Ctenomys torquatus,,Rodentia,Ctenomyidae,Ctenomys,,,,0.293150684931507,,,
Ctenomys tuconax,,Rodentia,Ctenomyidae,Ctenomys,,,,,,,
Ctenomys tucumanus,,Rodentia,Ctenomyidae,Ctenomys,,,,,,,
Ctenomys tulduco,,Rodentia,Ctenomyidae,Ctenomys,,,,,,,
Ctenomys validus,,Rodentia,Ctenomyidae,Ctenomys,,,,,,,
Ctenomys viperinus,,Rodentia,Ctenomyidae,Ctenomys,,,,,,,
Ctenomys yolandae,,Rodentia,Ctenomyidae,Ctenomys,,,,,,,
Cuscomys ashaninka,,Rodentia,Abrocomidae,Cuscomys,,,,,,,
Cuscomys oblativa,,Rodentia,Abrocomidae,Cuscomys,,,,,,,
Cynomops abrasus,,Chiroptera,Molossidae,Cynomops,,,,,,,
Cynomops greenhalli,,Chiroptera,Molossidae,Cynomops,,,,,,,
Cynomops mexicanus,,Chiroptera,Molossidae,Cynomops,,,,,,,
Cynomops paranus,,Chiroptera,Molossidae,Cynomops,,,,,,,
Cynomops planirostris,,Chiroptera,Molossidae,Cynomops,,,,,,,
Cynomys leucurus,,Rodentia,Sciuridae,Cynomys,,,1.13380821917808,0.0832602739726027,,,
Cynomys mexicanus,,Rodentia,Sciuridae,Cynomys,,,,0.0833150684931507,,,
Cynomys parvidens,,Rodentia,Sciuridae,Cynomys,,,1.01706849315069,,,,
Cynopterus horsfieldii,,Chiroptera,Pteropodidae,Cynopterus,,,,,,,
Cynopterus luzoniensis,,Chiroptera,Pteropodidae,Cynopterus,,,,,,,
Cynopterus minutus,,Chiroptera,Pteropodidae,Cynopterus,,,,,,,
Cynopterus nusatenggara,,Chiroptera,Pteropodidae,Cynopterus,,,,,,,
Cynopterus titthaecheilus,,Chiroptera,Pteropodidae,Cynopterus,,,,,,,
Cyttarops alecto,,Chiroptera,Emballonuridae,Cyttarops,,,,,,,
Dacnomys millardi,,Rodentia,Muridae,Dacnomys,,,,,,,
Dactylomys boliviensis,,Rodentia,Echimyidae,Dactylomys,,,,,,,
Dactylomys dactylinus,,Rodentia,Echimyidae,Dactylomys,,,,,,,
Dactylomys peruanus,,Rodentia,Echimyidae,Dactylomys,,,,,,,
Dactylopsila megalura,,Diprotodontia,Petauridae,Dactylopsila,,,,,,,
Dactylopsila palpator,,Diprotodontia,Petauridae,Dactylopsila,,,,,,,
Dactylopsila tatei,,Diprotodontia,Petauridae,Dactylopsila,,,,,,,
Damaliscus korrigum,,Artiodactyla,Bovidae,Damaliscus,12.6,,2.99827397260274,,,,
Damaliscus superstes,,Artiodactyla,Bovidae,Damaliscus,,,,,,,
Dasymys alleni,,Rodentia,Muridae,Dasymys,,,,,,,
Dasymys cabrali,,Rodentia,Muridae,Dasymys,,,,,,,
Dasymys foxi,,Rodentia,Muridae,Dasymys,,,,,,,
Dasymys incomtus,,Rodentia,Muridae,Dasymys,,,0.198383561643836,,,,
Dasypus yepesi,,Cingulata,Dasypodidae,Dasypus,,,,,,,
Dasyurus albopunctatus,,Dasyuromorphia,Dasyuridae,Dasyurus,3.0,,,0.0528493150684931,,,
Dasyurus spartacus,,Dasyuromorphia,Dasyuridae,Dasyurus,,,,0.0523835616438356,,,
Delanymys brooksi,,Rodentia,Nesomyidae,Delanymys,2.0,,,,,,
Eptesicus japonensis,,Chiroptera,Vespertilionidae,Eptesicus,,,,,,,
Dipodillus rupicola,,Rodentia,Muridae,Dipodillus,,,,,,,
Dipodillus simoni,,Rodentia,Muridae,Dipodillus,,,0.265808219178082,0.069972602739726,,,
Dipodillus somalicus,,Rodentia,Muridae,Dipodillus,,,,,,,
Dipodillus stigmonyx,,Rodentia,Muridae,Dipodillus,,,,,,,
Dipodillus zakariai,,Rodentia,Muridae,Dipodillus,,,,,,,
Dipodomys californicus,,Rodentia,Heteromyidae,Dipodomys,,,,,,,
Dipodomys compactus,,Rodentia,Heteromyidae,Dipodomys,,,,,,,
Dipodomys elator,,Rodentia,Heteromyidae,Dipodomys,,,,,,,
Dipodomys gravipes,,Rodentia,Heteromyidae,Dipodomys,,,,,,,
Dipodomys ingens,,Rodentia,Heteromyidae,Dipodomys,,,,,,,
Dipodomys microps,,Rodentia,Heteromyidae,Dipodomys,,,0.405260273972603,0.0849041095890411,,,
Dipodomys nelsoni,,Rodentia,Heteromyidae,Dipodomys,,,,,,,
Dipodomys panamintinus,,Rodentia,Heteromyidae,Dipodomys,,,,0.0806575342465753,,,
Dipodomys phillipsii,,Rodentia,Heteromyidae,Dipodomys,,,,,,,
Dipodomys simulans,,Rodentia,Heteromyidae,Dipodomys,,,,,,,
Dipodomys stephensi,,Rodentia,Heteromyidae,Dipodomys,,,,,,,
Dipodomys venustus,,Rodentia,Heteromyidae,Dipodomys,,,,,,,
Dobsonia anderseni,,Chiroptera,Pteropodidae,Dobsonia,,,,,,,
Dobsonia beauforti,,Chiroptera,Pteropodidae,Dobsonia,,,,,,,
Dobsonia chapmani,,Chiroptera,Pteropodidae,Dobsonia,,,,,,,
Dobsonia crenulata,,Chiroptera,Pteropodidae,Dobsonia,,,,,,,
Dobsonia emersa,,Chiroptera,Pteropodidae,Dobsonia,,,,,,,
Dobsonia exoleta,,Chiroptera,Pteropodidae,Dobsonia,,,,,,,
Dobsonia inermis,,Chiroptera,Pteropodidae,Dobsonia,,,,,,,
Dobsonia magna,,Chiroptera,Pteropodidae,Dobsonia,,,2.06890410958904,,,,
Dobsonia minor,,Chiroptera,Pteropodidae,Dobsonia,,,,,,,
Dobsonia pannietensis,,Chiroptera,Pteropodidae,Dobsonia,,,,,,,
Dobsonia peronii,,Chiroptera,Pteropodidae,Dobsonia,,,,,,,
Dobsonia praedatrix,,Chiroptera,Pteropodidae,Dobsonia,,,,,,,
Dobsonia viridis,,Chiroptera,Pteropodidae,Dobsonia,,,,,,,
Dolichotis salinicola,,Rodentia,Caviidae,Dolichotis,,,,0.212328767123288,,,
Dologale dybowskii,,Carnivora,Herpestidae,Dologale,,,,,,,
Dorcatragus megalotis,,Artiodactyla,Bovidae,Dorcatragus,14.0,,,,,,
Dorcopsis atrata,,Diprotodontia,Macropodidae,Dorcopsis,8.0,,1.4172602739726,,,,
Dorcopsis hageni,,Diprotodontia,Macropodidae,Dorcopsis,,,1.4172602739726,,,,
Dorcopsulus vanheurni,,Diprotodontia,Macropodidae,Dorcopsulus,,,,,,,
Dremomys everetti,,Rodentia,Sciuridae,Dremomys,,,,,,,
Dremomys gularis,,Rodentia,Sciuridae,Dremomys,,,,,,,
Dremomys pernyi,,Rodentia,Sciuridae,Dremomys,,,,,,,
Dremomys pyrrhomerus,,Rodentia,Sciuridae,Dremomys,,,,,,,
Dremomys rufigenis,,Rodentia,Sciuridae,Dremomys,,,,,,,
Dryomys laniger,,Rodentia,Gliridae,Dryomys,,,,0.0827397260273973,,,
Dryomys niethammeri,,Rodentia,Gliridae,Dryomys,,,,,,,
Dusicyon australis,,Carnivora,Canidae,Dusicyon,,,,,,,
Dyacopterus brooksi,,Chiroptera,Pteropodidae,Dyacopterus,,,,,,,
Dyacopterus spadiceus,,Chiroptera,Pteropodidae,Dyacopterus,,,,,,,
Dymecodon pilirostris,,Eulipotyphla,Talpidae,Dymecodon,,,,0.10958904109589,,,
Echimys chrysurus,,Rodentia,Echimyidae,Echimys,,,,,,,
Echimys saturnus,,Rodentia,Echimyidae,Echimys,,,,,,,
Echimys semivillosus,,Rodentia,Echimyidae,Echimys,,,,,,,
Echinoprocta rufescens,,Rodentia,Erethizontidae,Echinoprocta,,,,,,,
Echiothrix centrosa,,Rodentia,Muridae,Echiothrix,,,,,,,
Echiothrix leucura,,Rodentia,Muridae,Echiothrix,,,,,,,
Echymipera clara,,Peramelemorphia,Peramelidae,Echymipera,,,,,,,
Echymipera davidi,,Peramelemorphia,Peramelidae,Echymipera,,,,,,,
Echymipera echinista,,Peramelemorphia,Peramelidae,Echymipera,,,,,,,
Ectophylla alba,,Chiroptera,Phyllostomidae,Ectophylla,,,,,,,
Eidolon dupreanum,,Chiroptera,Pteropodidae,Eidolon,20.0,,,0.359780821917808,,,
Elasmodontomys obliquus,,Rodentia,Heptaxodontidae,Elasmodontomys,,,,,,,
Elephantulus fuscipes,,Macroscelidea,Macroscelididae,Elephantulus,,,,,,,
Eoglaucomys fimbriatus,,Rodentia,Sciuridae,Eoglaucomys,,,,,,,
Eolagurus luteus,,Rodentia,Cricetidae,Eolagurus,,,0.0682465753424658,,,,
Eolagurus przewalskii,,Rodentia,Cricetidae,Eolagurus,,,,,,,
Eonycteris major,,Chiroptera,Pteropodidae,Eonycteris,,,,,,,
Eonycteris robusta,,Chiroptera,Pteropodidae,Eonycteris,,,,,,,
Eonycteris spelaea,,Chiroptera,Pteropodidae,Eonycteris,5.0,,0.979205479452055,0.416931506849315,,,
Eospalax fontanierii,,Rodentia,Spalacidae,Eospalax,,,,,,,
Eospalax rothschildi,,Rodentia,Spalacidae,Eospalax,,,,,,,
Eospalax smithii,,Rodentia,Spalacidae,Eospalax,,,,,,,
Eothenomys cachinus,,Rodentia,Cricetidae,Eothenomys,,,,,,,
Eothenomys chinensis,,Rodentia,Cricetidae,Eothenomys,,,,,,,
Eothenomys custos,,Rodentia,Cricetidae,Eothenomys,,,,,,,
Eothenomys melanogaster,,Rodentia,Cricetidae,Eothenomys,,,,,,,
Eothenomys miletus,,Rodentia,Cricetidae,Eothenomys,,,,,,,
Eothenomys olitor,,Rodentia,Cricetidae,Eothenomys,,,,,,,
Eothenomys proditor,,Rodentia,Cricetidae,Eothenomys,,,,,,,
Eothenomys wardi,,Rodentia,Cricetidae,Eothenomys,,,,,,,
Episoriculus caudatus,,Eulipotyphla,Soricidae,Episoriculus,,,,,,,
Episoriculus fumidus,,Eulipotyphla,Soricidae,Episoriculus,,,,,,,
Episoriculus leucops,,Eulipotyphla,Soricidae,Episoriculus,,,,,,,
Episoriculus macrurus,,Eulipotyphla,Soricidae,Episoriculus,,,,,,,
Epixerus ebii,,Rodentia,Sciuridae,Epixerus,,,,,,,
Epomophorus angolensis,,Chiroptera,Pteropodidae,Epomophorus,,,,,,,
Epomophorus crypturus,,Chiroptera,Pteropodidae,Epomophorus,,,,0.249972602739726,,,
Epomophorus grandis,,Chiroptera,Pteropodidae,Epomophorus,,,,,,,
Epomophorus labiatus,,Chiroptera,Pteropodidae,Epomophorus,,,,0.428575342465753,,,
Epomophorus minimus,,Chiroptera,Pteropodidae,Epomophorus,,,,,,,
Epomophorus minor,,Chiroptera,Pteropodidae,Epomophorus,,,,,,,
Epomops buettikoferi,,Chiroptera,Pteropodidae,Epomops,,,0.75586301369863,0.383342465753425,,,
Epomops dobsonii,,Chiroptera,Pteropodidae,Epomops,,,,,,,
Epomops franqueti,,Chiroptera,Pteropodidae,Epomops,,,,0.443205479452055,,,
Eptesicus andinus,,Chiroptera,Vespertilionidae,Eptesicus,,,,,,,
Eptesicus bobrinskoi,,Chiroptera,Vespertilionidae,Eptesicus,,,,,,,
Eptesicus bottae,,Chiroptera,Vespertilionidae,Eptesicus,,,,,,,
Eptesicus brasiliensis,,Chiroptera,Vespertilionidae,Eptesicus,,,,,,,
Eptesicus chiriquinus,,Chiroptera,Vespertilionidae,Eptesicus,,,,,,,
Eptesicus diminutus,,Chiroptera,Vespertilionidae,Eptesicus,,,,,,,
Eptesicus dimissus,,Chiroptera,Vespertilionidae,Eptesicus,,,,,,,
Eptesicus floweri,,Chiroptera,Vespertilionidae,Eptesicus,,,,,,,
Eptesicus furinalis,,Chiroptera,Vespertilionidae,Eptesicus,,,0.926931506849315,0.253534246575342,,,
Eptesicus gobiensis,,Chiroptera,Vespertilionidae,Eptesicus,,,,,,,
Eptesicus guadeloupensis,,Chiroptera,Vespertilionidae,Eptesicus,,,,,,,
Eptesicus hottentotus,,Chiroptera,Vespertilionidae,Eptesicus,,,,,,,
Eptesicus innoxius,,Chiroptera,Vespertilionidae,Eptesicus,,,,,,,
Genetta thierryi,,Carnivora,Viverridae,Genetta,,,,,,,
Genetta victoriae,,Carnivora,Viverridae,Genetta,,,,,,,
Geocapromys thoracatus,,Rodentia,Capromyidae,Geocapromys,,,,,,,
Geomys arenarius,,Rodentia,Geomyidae,Geomys,,,,,,,
Geomys attwateri,,Rodentia,Geomyidae,Geomys,,,,,,,
Geomys breviceps,,Rodentia,Geomyidae,Geomys,,,0.24227397260274,,,,
Geomys knoxjonesi,,Rodentia,Geomyidae,Geomys,,,,0.0656986301369863,,,
Geomys pinetis,,Rodentia,Geomyidae,Geomys,,,0.500767123287671,,,,
Geomys texensis,,Rodentia,Geomyidae,Geomys,,,,,,,
Geomys tropicalis,,Rodentia,Geomyidae,Geomys,7.0,,0.431013698630137,,,,
Geoxus valdivianus,,Rodentia,Cricetidae,Geoxus,,,,,,,
Gerbilliscus boehmi,,Rodentia,Muridae,Gerbilliscus,,,,,,,
Gerbilliscus brantsii,,Rodentia,Muridae,Gerbilliscus,,,0.28827397260274,0.062027397260274,,,
Gerbilliscus guineae,,Rodentia,Muridae,Gerbilliscus,,,,,,,
Gerbilliscus inclusus,,Rodentia,Muridae,Gerbilliscus,,,,0.0634246575342466,,,
Gerbilliscus kempi,,Rodentia,Muridae,Gerbilliscus,,,,0.0693972602739726,,,
Gerbilliscus leucogaster,,Rodentia,Muridae,Gerbilliscus,,,,0.0777260273972603,,,
Gerbilliscus nigricaudus,,Rodentia,Muridae,Gerbilliscus,,,,,,,
Gerbilliscus phillipsi,,Rodentia,Muridae,Gerbilliscus,,,,,,,
Gerbilliscus robustus,,Rodentia,Muridae,Gerbilliscus,,,,,,,
Gerbillurus paeba,,Rodentia,Muridae,Gerbillurus,,,0.198383561643836,0.0712328767123288,,,
Gerbillurus setzeri,,Rodentia,Muridae,Gerbillurus,,,,,,,
Gerbillurus tytonis,,Rodentia,Muridae,Gerbillurus,,,,,,,
Gerbillurus vallinus,,Rodentia,Muridae,Gerbillurus,,,,,,,
Gerbillus acticola,,Rodentia,Muridae,Gerbillus,,,,,,,
Gerbillus agag,,Rodentia,Muridae,Gerbillus,,,,,,,
Gerbillus amoenus,,Rodentia,Muridae,Gerbillus,,,,,,,
Gerbillus andersoni,,Rodentia,Muridae,Gerbillus,,,,,,,
Gerbillus aquilus,,Rodentia,Muridae,Gerbillus,,,,,,,
Gerbillus brockmani,,Rodentia,Muridae,Gerbillus,,,,,,,
Gerbillus burtoni,,Rodentia,Muridae,Gerbillus,,,,,,,
Gerbillus dongolanus,,Rodentia,Muridae,Gerbillus,,,,,,,
Gerbillus dunni,,Rodentia,Muridae,Gerbillus,,,,,,,
Gerbillus famulus,,Rodentia,Muridae,Gerbillus,,,,,,,
Gerbillus floweri,,Rodentia,Muridae,Gerbillus,,,,,,,
Gerbillus garamantis,,Rodentia,Muridae,Gerbillus,,,,,,,
Eubalaena japonica,,Cetacea,Balaenidae,Eubalaena,,,,,,,
Euchoreutes naso,,Rodentia,Dipodidae,Euchoreutes,,,,,,,
Euderma maculatum,,Chiroptera,Vespertilionidae,Euderma,,,,,,,
Eudiscopus denticulus,,Chiroptera,Vespertilionidae,Eudiscopus,,,,,,,
Eumops auripendulus,,Chiroptera,Molossidae,Eumops,,,,,,,
Eumops bonariensis,,Chiroptera,Molossidae,Eumops,,,,,,,
Eumops dabbenei,,Chiroptera,Molossidae,Eumops,,,,,,,
Eumops glaucinus,,Chiroptera,Molossidae,Eumops,,,,,,,
Eumops hansae,,Chiroptera,Molossidae,Eumops,,,,,,,
Eumops maurus,,Chiroptera,Molossidae,Eumops,,,,,,,
Exilisciurus exilis,,Rodentia,Sciuridae,Exilisciurus,,,,,,,
Exilisciurus whiteheadi,,Rodentia,Sciuridae,Exilisciurus,,,,,,,
Falsistrellus affinis,,Chiroptera,Vespertilionidae,Falsistrellus,,,,,,,
Falsistrellus mackenziei,,Chiroptera,Vespertilionidae,Falsistrellus,,,,,,,
Falsistrellus mordax,,Chiroptera,Vespertilionidae,Falsistrellus,,,,,,,
Falsistrellus petersi,,Chiroptera,Vespertilionidae,Falsistrellus,,,,,,,
Falsistrellus tasmaniensis,,Chiroptera,Vespertilionidae,Falsistrellus,,,,,,,
Felis bieti,,Carnivora,Felidae,Felis,,,,,,,
Graphiurus ocularis,,Rodentia,Gliridae,Graphiurus,,,,,,,
Graphiurus rupicola,,Rodentia,Gliridae,Graphiurus,,,,,,,
Graphiurus surdus,,Rodentia,Gliridae,Graphiurus,,,,,,,
Gymnuromys roberti,,Rodentia,Nesomyidae,Gymnuromys,,,,,,,
Habromys chinanteco,,Rodentia,Cricetidae,Habromys,,,,,,,
Habromys delicatulus,,Rodentia,Cricetidae,Habromys,,,,,,,
Habromys ixtlani,,Rodentia,Cricetidae,Habromys,,,,,,,
Habromys lepturus,,Rodentia,Cricetidae,Habromys,,,,,,,
Habromys lophurus,,Rodentia,Cricetidae,Habromys,,,,,,,
Habromys simulatus,,Rodentia,Cricetidae,Habromys,,,,,,,
Hadromys humei,,Rodentia,Muridae,Hadromys,,,,,,,
Hadromys yunnanensis,,Rodentia,Muridae,Hadromys,,,,,,,
Haeromys margarettae,,Rodentia,Muridae,Haeromys,,,,,,,
Haeromys minahassae,,Rodentia,Muridae,Haeromys,,,,,,,
Haeromys pusillus,,Rodentia,Muridae,Haeromys,,,,,,,
Handleyomys fuscatus,,Rodentia,Cricetidae,Handleyomys,,,,,,,
Handleyomys intectus,,Rodentia,Cricetidae,Handleyomys,,,,,,,
Hapalemur alaotrensis,,Primates,Lemuridae,Hapalemur,,,,,,,
Hapalemur occidentalis,,Primates,Lemuridae,Hapalemur,,,,,,,
Hapalomys delacouri,,Rodentia,Muridae,Hapalomys,,,,,,,
Hapalomys longicaudatus,,Rodentia,Muridae,Hapalomys,,,,,,,
Harpiocephalus harpia,,Chiroptera,Vespertilionidae,Harpiocephalus,,,,,,,
Harpiocephalus mordax,,Chiroptera,Vespertilionidae,Harpiocephalus,,,,,,,
Harpyionycteris celebensis,,Chiroptera,Pteropodidae,Harpyionycteris,,,,,,,
Harpyionycteris whiteheadi,,Chiroptera,Pteropodidae,Harpyionycteris,,,,0.363671232876712,,,
Heimyscus fumosus,,Rodentia,Muridae,Heimyscus,,,,,,,
Herpestes fuscus,,Carnivora,Herpestidae,Herpestes,,,,,,,
Herpestes semitorquatus,,Carnivora,Herpestidae,Herpestes,,,,,,,
Felovia vae,,Rodentia,Ctenodactylidae,Felovia,,,,,,,
Feresa attenuata,,Artiodactyla,Delphinidae,Feresa,,,,,,,
Feroculus feroculus,,Eulipotyphla,Soricidae,Feroculus,,,,,,,
Funambulus layardi,,Rodentia,Sciuridae,Funambulus,,,,,,,
Funambulus sublineatus,,Rodentia,Sciuridae,Funambulus,,,,,,,
Funambulus tristriatus,,Rodentia,Sciuridae,Funambulus,,,,,,,
Funisciurus bayonii,,Rodentia,Sciuridae,Funisciurus,,,,,,,
Funisciurus carruthersi,,Rodentia,Sciuridae,Funisciurus,,,,,,,
Funisciurus isabella,,Rodentia,Sciuridae,Funisciurus,,,,,,,
Funisciurus lemniscatus,,Rodentia,Sciuridae,Funisciurus,,,,,,,
Funisciurus leucogenys,,Rodentia,Sciuridae,Funisciurus,,,,,,,
Furipterus horrens,,Chiroptera,Furipteridae,Furipterus,,,,,,,
Galago alleni,,Primates,Galagidae,Galago,12.0,,0.775835616438356,0.364383561643836,,,
Galago cameronensis,,Primates,Galagidae,Galago,,,,,,,
Galago demidoff,,Primates,Galagidae,Galago,14.0,,0.94586301369863,0.304109589041096,,,
Galago gabonensis,,Primates,Galagidae,Galago,,,,,,,
Galago gallarum,,Primates,Galagidae,Galago,,,,,,,
Galago granti,,Primates,Galagidae,Galago,,,,,,,
Galago matschiei,,Primates,Galagidae,Galago,,,,,,,
Galago nyasae,,Primates,Galagidae,Galago,,,,,,,
Galago orinus,,Primates,Galagidae,Galago,,,,,,,
Galago rondoensis,,Primates,Galagidae,Galago,,,,,,,
Gerbillus henleyi,,Rodentia,Muridae,Gerbillus,,,,,,,
Gerbillus hesperinus,,Rodentia,Muridae,Gerbillus,,,,,,,
Gerbillus hoogstraali,,Rodentia,Muridae,Gerbillus,,,,,,,
Gerbillus latastei,,Rodentia,Muridae,Gerbillus,,,,,,,
Gerbillus mauritaniae,,Rodentia,Muridae,Gerbillus,,,,,,,
Gerbillus mesopotamiae,,Rodentia,Muridae,Gerbillus,,,,,,,
Gerbillus muriculus,,Rodentia,Muridae,Gerbillus,,,,,,,
Gerbillus nancillus,,Rodentia,Muridae,Gerbillus,,,,,,,
Gerbillus nigeriae,,Rodentia,Muridae,Gerbillus,,,,,,,
Gerbillus occiduus,,Rodentia,Muridae,Gerbillus,,,,,,,
Gerbillus poecilops,,Rodentia,Muridae,Gerbillus,,,,,,,
Gerbillus principulus,,Rodentia,Muridae,Gerbillus,,,,,,,
Gerbillus pulvinatus,,Rodentia,Muridae,Gerbillus,,,,,,,
Gerbillus pusillus,,Rodentia,Muridae,Gerbillus,,,,,,,
Gerbillus rosalinda,,Rodentia,Muridae,Gerbillus,,,,,,,
Gerbillus syrticus,,Rodentia,Muridae,Gerbillus,,,,,,,
Gerbillus tarabuli,,Rodentia,Muridae,Gerbillus,,,,,,,
Gerbillus vivax,,Rodentia,Muridae,Gerbillus,,,,,,,
Gerbillus watersi,,Rodentia,Muridae,Gerbillus,,,,,,,
Glauconycteris alboguttata,,Chiroptera,Vespertilionidae,Glauconycteris,,,,,,,
Glauconycteris argentata,,Chiroptera,Vespertilionidae,Glauconycteris,,,,,,,
Glauconycteris beatrix,,Chiroptera,Vespertilionidae,Glauconycteris,,,,,,,
Glauconycteris curryae,,Chiroptera,Vespertilionidae,Glauconycteris,,,,,,,
Glauconycteris egeria,,Chiroptera,Vespertilionidae,Glauconycteris,,,,,,,
Glauconycteris gleni,,Chiroptera,Vespertilionidae,Glauconycteris,,,,,,,
Glauconycteris humeralis,,Chiroptera,Vespertilionidae,Glauconycteris,,,,,,,
Glauconycteris kenyacola,,Chiroptera,Vespertilionidae,Glauconycteris,,,,,,,
Glauconycteris machadoi,,Chiroptera,Vespertilionidae,Glauconycteris,,,,,,,
Glauconycteris poensis,,Chiroptera,Vespertilionidae,Glauconycteris,,,,,,,
Glauconycteris superba,,Chiroptera,Vespertilionidae,Glauconycteris,,,,,,,
Glauconycteris variegata,,Chiroptera,Vespertilionidae,Glauconycteris,,,,,,,
Glironia venusta,,Didelphimorphia,Didelphidae,Glironia,,,,,,,
Glischropus javanus,,Chiroptera,Vespertilionidae,Glischropus,,,,,,,
Glischropus tylopus,,Chiroptera,Vespertilionidae,Glischropus,,,,,,,
Glossophaga commissarisi,,Chiroptera,Phyllostomidae,Glossophaga,,,,,,,
Glossophaga leachii,,Chiroptera,Phyllostomidae,Glossophaga,,,,,,,
Glossophaga longirostris,,Chiroptera,Phyllostomidae,Glossophaga,,,,,,,
Glossophaga morenoi,,Chiroptera,Phyllostomidae,Glossophaga,,,,,,,
Glyphonycteris behnii,,Chiroptera,Phyllostomidae,Glyphonycteris,,,,,,,
Glyphonycteris daviesi,,Chiroptera,Phyllostomidae,Glyphonycteris,,,,,,,
Glyphonycteris sylvestris,,Chiroptera,Phyllostomidae,Glyphonycteris,,,,,,,
Glyphotes simus,,Rodentia,Sciuridae,Glyphotes,,,,,,,
Golunda ellioti,,Rodentia,Muridae,Golunda,,,,,,,
Gorilla beringei,,Primates,Hominidae,Gorilla,,,,,,,
Gracilinanus aceramarcae,,Didelphimorphia,Didelphidae,Gracilinanus,,,,,,,
Gracilinanus agricolai,,Didelphimorphia,Didelphidae,Gracilinanus,,,,,,,
Gracilinanus dryas,,Didelphimorphia,Didelphidae,Gracilinanus,,,,,,,
Gracilinanus emiliae,,Didelphimorphia,Didelphidae,Gracilinanus,,,,,,,
Gracilinanus formosus,,Didelphimorphia,Didelphidae,Gracilinanus,,,,,,,
Gracilinanus ignitus,,Didelphimorphia,Didelphidae,Gracilinanus,,,,,,,
Gracilinanus marica,,Didelphimorphia,Didelphidae,Gracilinanus,,,,,,,
Grammomys gigas,,Rodentia,Muridae,Grammomys,,,,,,,
Grammomys ibeanus,,Rodentia,Muridae,Grammomys,,,,,,,
Grammomys kuru,,Rodentia,Muridae,Grammomys,,,,,,,
Grammomys macmillani,,Rodentia,Muridae,Grammomys,,,,,,,
Grammomys minnae,,Rodentia,Muridae,Grammomys,,,,,,,
Grammomys poensis,,Rodentia,Muridae,Grammomys,,,0.328767123287671,0.0675342465753425,,,
Graomys centralis,,Rodentia,Cricetidae,Graomys,,,,,,,
Graomys domorum,,Rodentia,Cricetidae,Graomys,,,,,,,
Graomys edithae,,Rodentia,Cricetidae,Graomys,,,,,,,
Graomys griseoflavus,,Rodentia,Cricetidae,Graomys,,,,,,,
Graphiurus angolensis,,Rodentia,Gliridae,Graphiurus,,,,,,,
Graphiurus christyi,,Rodentia,Gliridae,Graphiurus,,,,,,,
Graphiurus crassicaudatus,,Rodentia,Gliridae,Graphiurus,,,,,,,
Graphiurus johnstoni,,Rodentia,Gliridae,Graphiurus,,,,,,,
Graphiurus kelleni,,Rodentia,Gliridae,Graphiurus,,,,,,,
Graphiurus lorraineus,,Rodentia,Gliridae,Graphiurus,,,,,,,
Graphiurus microtis,,Rodentia,Gliridae,Graphiurus,,,,,,,
Graphiurus monardi,,Rodentia,Gliridae,Graphiurus,,,,,,,
Graphiurus nagtglasii,,Rodentia,Gliridae,Graphiurus,,,,,,,
Gracilinanus microtarsus,,Didelphimorphia,Didelphidae,Gracilinanus,,,,,,,
Grammomys aridulus,,Rodentia,Muridae,Grammomys,,,,,,,
Grammomys buntingi,,Rodentia,Muridae,Grammomys,,,,,,,
Grammomys caniceps,,Rodentia,Muridae,Grammomys,,,,,,,
Grammomys cometes,,Rodentia,Muridae,Grammomys,,,,,,,
Isthmomys flavidus,,Rodentia,Cricetidae,Isthmomys,,,,,,,
Isthmomys pirrensis,,Rodentia,Cricetidae,Isthmomys,,,,,,,
Jaculus blanfordi,,Rodentia,Dipodidae,Jaculus,,,,,,,
Juliomys pictipes,,Rodentia,Cricetidae,Juliomys,,,,,,,
Juliomys rimofrons,,Rodentia,Cricetidae,Juliomys,,,,,,,
Juscelinomys candango,,Rodentia,Cricetidae,Juscelinomys,,,,,,,
Juscelinomys guaporensis,,Rodentia,Cricetidae,Juscelinomys,,,,,,,
Juscelinomys huanchacae,,Rodentia,Cricetidae,Juscelinomys,,,,,,,
Kadarsanomys sodyi,,Rodentia,Muridae,Kadarsanomys,,,,,,,
Kannabateomys amblyonyx,,Rodentia,Echimyidae,Kannabateomys,1.6,,,,,,
Kerivoula africana,,Chiroptera,Vespertilionidae,Kerivoula,,,,,,,
Kerivoula agnella,,Chiroptera,Vespertilionidae,Kerivoula,,,,,,,
Kerivoula argentata,,Chiroptera,Vespertilionidae,Kerivoula,,,,,,,
Kerivoula cuprosa,,Chiroptera,Vespertilionidae,Kerivoula,,,,,,,
Grammomys dryas,,Rodentia,Muridae,Grammomys,,,,,,,
Heliosciurus gambianus,,Rodentia,Sciuridae,Heliosciurus,,,,,,,
Heliosciurus mutabilis,,Rodentia,Sciuridae,Heliosciurus,,,,,,,
Heliosciurus punctatus,,Rodentia,Sciuridae,Heliosciurus,,,,,,,
Heliosciurus ruwenzorii,,Rodentia,Sciuridae,Heliosciurus,,,,,,,
Heliosciurus undulatus,,Rodentia,Sciuridae,Heliosciurus,,,,,,,
Helogale hirtula,,Carnivora,Herpestidae,Helogale,,,,,,,
Hemicentetes nigriceps,,Afrosoricida,Tenrecidae,Hemicentetes,2.6,,0.169506849315068,0.151561643835616,,,
Hemiechinus collaris,,Eulipotyphla,Erinaceidae,Hemiechinus,,,,0.105452054794521,,,
Heteropsomys antillensis,,Rodentia,Echimyidae,Heteropsomys,,,,,,,
Heteropsomys insulans,,Rodentia,Echimyidae,Heteropsomys,,,,,,,
Hexolobodon phenax,,Rodentia,Capromyidae,Hexolobodon,,,,,,,
Hipposideros abae,,Chiroptera,Hipposideridae,Hipposideros,,,,0.249972602739726,,,
Hipposideros armiger,,Chiroptera,Hipposideridae,Hipposideros,,,,,,,
Hipposideros ater,,Chiroptera,Hipposideridae,Hipposideros,,,0.895369863013699,0.534246575342466,,,
Hipposideros beatus,,Chiroptera,Hipposideridae,Hipposideros,,,,,,,
Hipposideros bicolor,,Chiroptera,Hipposideridae,Hipposideros,,,1.61035616438356,0.115342465753425,,,
Hipposideros breviceps,,Chiroptera,Hipposideridae,Hipposideros,,,,,,,
Hipposideros caffer,,Chiroptera,Hipposideridae,Hipposideros,,,1.59391780821918,0.383342465753425,,,
Hipposideros calcaratus,,Chiroptera,Hipposideridae,Hipposideros,,,,,,,
Hipposideros camerunensis,,Chiroptera,Hipposideridae,Hipposideros,,,,,,,
Hipposideros cervinus,,Chiroptera,Hipposideridae,Hipposideros,,,,,,,
Hipposideros cineraceus,,Chiroptera,Hipposideridae,Hipposideros,,,,,,,
Hipposideros commersoni,,Chiroptera,Hipposideridae,Hipposideros,,,2.03413698630137,0.411890410958904,,,
Hipposideros coronatus,,Chiroptera,Hipposideridae,Hipposideros,,,,,,,
Hipposideros corynophyllus,,Chiroptera,Hipposideridae,Hipposideros,,,,,,,
Hipposideros coxi,,Chiroptera,Hipposideridae,Hipposideros,,,,,,,
Hipposideros crumeniferus,,Chiroptera,Hipposideridae,Hipposideros,,,,,,,
Hipposideros curtus,,Chiroptera,Hipposideridae,Hipposideros,,,,,,,
Hipposideros cyclops,,Chiroptera,Hipposideridae,Hipposideros,,,,0.291643835616438,,,
Hipposideros demissus,,Chiroptera,Hipposideridae,Hipposideros,,,,,,,
Hipposideros diadema,,Chiroptera,Hipposideridae,Hipposideros,,,,,,,
Hipposideros dinops,,Chiroptera,Hipposideridae,Hipposideros,,,,,,,
Hipposideros doriae,,Chiroptera,Hipposideridae,Hipposideros,,,,,,,
Hipposideros durgadasi,,Chiroptera,Hipposideridae,Hipposideros,,,,,,,
Hipposideros dyacorum,,Chiroptera,Hipposideridae,Hipposideros,,,,,,,
Hipposideros edwardshilli,,Chiroptera,Hipposideridae,Hipposideros,,,,,,,
Hipposideros fuliginosus,,Chiroptera,Hipposideridae,Hipposideros,,,,,,,
Hipposideros galeritus,,Chiroptera,Hipposideridae,Hipposideros,,,,,,,
Hipposideros gigas,,Chiroptera,Hipposideridae,Hipposideros,,,,,,,
Hipposideros grandis,,Chiroptera,Hipposideridae,Hipposideros,,,,,,,
Hipposideros halophyllus,,Chiroptera,Hipposideridae,Hipposideros,,,,,,,
Hipposideros hypophyllus,,Chiroptera,Hipposideridae,Hipposideros,,,,,,,
Hipposideros inexpectatus,,Chiroptera,Hipposideridae,Hipposideros,,,,,,,
Hipposideros inornatus,,Chiroptera,Hipposideridae,Hipposideros,,,,,,,
Hipposideros jonesi,,Chiroptera,Hipposideridae,Hipposideros,,,,,,,
Hipposideros lamottei,,Chiroptera,Hipposideridae,Hipposideros,,,,,,,
Hipposideros lankadiva,,Chiroptera,Hipposideridae,Hipposideros,,,1.39846575342466,0.704164383561644,,,
Hipposideros larvatus,,Chiroptera,Hipposideridae,Hipposideros,,,,,,,
Hipposideros lekaguli,,Chiroptera,Hipposideridae,Hipposideros,,,,,,,
Hipposideros lylei,,Chiroptera,Hipposideridae,Hipposideros,,,,,,,
Hipposideros macrobullatus,,Chiroptera,Hipposideridae,Hipposideros,,,,,,,
Hipposideros madurae,,Chiroptera,Hipposideridae,Hipposideros,,,,,,,
Hipposideros maggietaylorae,,Chiroptera,Hipposideridae,Hipposideros,,,,,,,
Hipposideros marisae,,Chiroptera,Hipposideridae,Hipposideros,,,,,,,
Hipposideros megalotis,,Chiroptera,Hipposideridae,Hipposideros,,,,,,,
Hipposideros muscinus,,Chiroptera,Hipposideridae,Hipposideros,,,,,,,
Hipposideros nequam,,Chiroptera,Hipposideridae,Hipposideros,,,,,,,
Hipposideros obscurus,,Chiroptera,Hipposideridae,Hipposideros,,,,,,,
Hipposideros orbiculus,,Chiroptera,Hipposideridae,Hipposideros,,,,,,,
Hipposideros papua,,Chiroptera,Hipposideridae,Hipposideros,,,,,,,
Hipposideros pelingensis,,Chiroptera,Hipposideridae,Hipposideros,,,,,,,
Hipposideros pomona,,Chiroptera,Hipposideridae,Hipposideros,,,,,,,
Hipposideros pratti,,Chiroptera,Hipposideridae,Hipposideros,,,,,,,
Hipposideros pygmaeus,,Chiroptera,Hipposideridae,Hipposideros,,,,,,,
Hipposideros ridleyi,,Chiroptera,Hipposideridae,Hipposideros,,,,,,,
Hipposideros rotalis,,Chiroptera,Hipposideridae,Hipposideros,,,,,,,
Hipposideros scutinares,,Chiroptera,Hipposideridae,Hipposideros,,,,,,,
Hipposideros semoni,,Chiroptera,Hipposideridae,Hipposideros,,,,,,,
Hipposideros sorenseni,,Chiroptera,Hipposideridae,Hipposideros,,,,,,,
Hipposideros speoris,,Chiroptera,Hipposideridae,Hipposideros,,,0.744767123287671,0.381178082191781,,,
Hipposideros stenotis,,Chiroptera,Hipposideridae,Hipposideros,,,,,,,
Hipposideros sumbae,,Chiroptera,Hipposideridae,Hipposideros,,,,,,,
Hipposideros thomensis,,Chiroptera,Hipposideridae,Hipposideros,,,,,,,
Hipposideros turpis,,Chiroptera,Hipposideridae,Hipposideros,,,,,,,
Hipposideros vittatus,,Chiroptera,Hipposideridae,Hipposideros,,,,,,,
Hipposideros wollastoni,,Chiroptera,Hipposideridae,Hipposideros,,,,,,,
Hippotragus leucophaeus,,Artiodactyla,Bovidae,Hippotragus,,,,,,,
Histiotus alienus,,Chiroptera,Vespertilionidae,Histiotus,,,,,,,
Histiotus humboldti,,Chiroptera,Vespertilionidae,Histiotus,,,,,,,
Histiotus laephotis,,Chiroptera,Vespertilionidae,Histiotus,,,,,,,
Histiotus macrotus,,Chiroptera,Vespertilionidae,Histiotus,,,,,,,
Histiotus magellanicus,,Chiroptera,Vespertilionidae,Histiotus,,,,,,,
Histiotus montanus,,Chiroptera,Vespertilionidae,Histiotus,,,,,,,
Histiotus velatus,,Chiroptera,Vespertilionidae,Histiotus,,,,,,,
Hodomys alleni,,Rodentia,Cricetidae,Hodomys,,,,,,,
Holochilus brasiliensis,,Rodentia,Cricetidae,Holochilus,,,0.245561643835616,0.0778082191780822,,,
Holochilus chacarius,,Rodentia,Cricetidae,Holochilus,,,,,,,
Holochilus sciureus,,Rodentia,Cricetidae,Holochilus,,,,,,,
Hybomys badius,,Rodentia,Muridae,Hybomys,,,,,,,
Hybomys basilii,,Rodentia,Muridae,Hybomys,,,,,,,
Hybomys lunaris,,Rodentia,Muridae,Hybomys,,,,,,,
Hybomys planifrons,,Rodentia,Muridae,Hybomys,,,,,,,
Hybomys trivirgatus,,Rodentia,Muridae,Hybomys,,,,,,,
Hybomys univittatus,,Rodentia,Muridae,Hybomys,,,0.195698630136986,0.0821917808219178,,,
Hydrochoerus isthmius,,Rodentia,Caviidae,Hydrochoerus,,,,0.296465753424658,,,
Hydrodamalis gigas,,Sirenia,Dugongidae,Hydrodamalis,,,,1.0,,,
Hydromys habbema,,Rodentia,Muridae,Hydromys,,,,,,,
Hydromys hussoni,,Rodentia,Muridae,Hydromys,,,,,,,
Hydromys neobritannicus,,Rodentia,Muridae,Hydromys,,,,,,,
Hydromys shawmayeri,,Rodentia,Muridae,Hydromys,,,,,,,
Hyladelphys kalinowskii,,Didelphimorphia,Didelphidae,Hyladelphys,,,,,,,
Hylobates albibarbis,,Primates,Hylobatidae,Hylobates,,,,,,,
Hesperoptenus blanfordi,,Chiroptera,Vespertilionidae,Hesperoptenus,,,,,,,
Heteromys gaumeri,,Rodentia,Heteromyidae,Heteromys,,,,,,,
Heteromys nelsoni,,Rodentia,Heteromyidae,Heteromys,,,,,,,
Heteromys oasicus,,Rodentia,Heteromyidae,Heteromys,,,,,,,
Heteromys oresterus,,Rodentia,Heteromyidae,Heteromys,,,,,,,
Heteromys teleus,,Rodentia,Heteromyidae,Heteromys,,,,,,,
Lagostomus crassus,,Rodentia,Chinchillidae,Lagostomus,,,,,,,
Lampronycteris brachyotis,,Chiroptera,Phyllostomidae,Lampronycteris,,,,,,,
Lariscus hosei,,Rodentia,Sciuridae,Lariscus,,,,,,,
Lariscus niobe,,Rodentia,Sciuridae,Lariscus,,,,,,,
Lariscus obscurus,,Rodentia,Sciuridae,Lariscus,,,,,,,
Lasiurus borealis,,Chiroptera,Vespertilionidae,Lasiurus,,,,0.230712328767123,,,
Lasiurus castaneus,,Chiroptera,Vespertilionidae,Lasiurus,,,,,,,
Lasiurus degelidus,,Chiroptera,Vespertilionidae,Lasiurus,,,,,,,
Lasiurus ebenus,,Chiroptera,Vespertilionidae,Lasiurus,,,,,,,
Lasiurus ega,,Chiroptera,Vespertilionidae,Lasiurus,,,1.0338904109589,0.263616438356164,,,
Lasiurus egregius,,Chiroptera,Vespertilionidae,Lasiurus,,,,,,,
Lasiurus insularis,,Chiroptera,Vespertilionidae,Lasiurus,,,,,,,
Lasiurus intermedius,,Chiroptera,Vespertilionidae,Lasiurus,,,,,,,
Lasiurus minor,,Chiroptera,Vespertilionidae,Lasiurus,,,,,,,
Lasiurus pfeifferi,,Chiroptera,Vespertilionidae,Lasiurus,,,,,,,
Lasiurus salinae,,Chiroptera,Vespertilionidae,Lasiurus,,,,,,,
Lasiurus seminolus,,Chiroptera,Vespertilionidae,Lasiurus,,,,,,,
Lasiurus varius,,Chiroptera,Vespertilionidae,Lasiurus,,,,,,,
Lasiurus xanthinus,,Chiroptera,Vespertilionidae,Lasiurus,,,,,,,
Latidens salimalii,,Chiroptera,Pteropodidae,Latidens,,,,,,,
Lavia frons,,Chiroptera,Megadermatidae,Lavia,,,,0.257150684931507,,,
Leggadina forresti,,Rodentia,Muridae,Leggadina,,,0.250767123287671,,,,
Leggadina lakedownensis,,Rodentia,Muridae,Leggadina,,,0.250767123287671,0.0903835616438356,,,
Leimacomys buettneri,,Rodentia,Muridae,Leimacomys,,,,,,,
Lemmiscus curtatus,,Rodentia,Cricetidae,Lemmiscus,,,0.166082191780822,0.0689315068493151,,,
Margaretamys elegans,,Rodentia,Muridae,Margaretamys,,,,,,,
Margaretamys parvus,,Rodentia,Muridae,Margaretamys,,,,,,,
Marmosa andersoni,,Didelphimorphia,Didelphidae,Marmosa,,,,,,,
Marmosa lepida,,Didelphimorphia,Didelphidae,Marmosa,,,,,,,
Marmosa quichua,,Didelphimorphia,Didelphidae,Marmosa,,,,,,,
Marmosa rubra,,Didelphimorphia,Didelphidae,Marmosa,,,,,,,
Marmosa tyleriana,,Didelphimorphia,Didelphidae,Marmosa,,,,,,,
Marmosa xerophila,,Didelphimorphia,Didelphidae,Marmosa,,,,,,,
Marmosops bishopi,,Didelphimorphia,Didelphidae,Marmosops,,,,,,,
Marmosops cracens,,Didelphimorphia,Didelphidae,Marmosops,,,,,,,
Marmosops dorothea,,Didelphimorphia,Didelphidae,Marmosops,,,,,,,
Marmosops fuscatus,,Didelphimorphia,Didelphidae,Marmosops,,,0.508520547945206,,,,
Marmosops handleyi,,Didelphimorphia,Didelphidae,Marmosops,,,,,,,
Marmosops impavidus,,Didelphimorphia,Didelphidae,Marmosops,,,,,,,
Marmosops incanus,,Didelphimorphia,Didelphidae,Marmosops,,,,,,,
Marmosops invictus,,Didelphimorphia,Didelphidae,Marmosops,,,,,,,
Marmosops juninensis,,Didelphimorphia,Didelphidae,Marmosops,,,,,,,
Marmosops neblina,,Didelphimorphia,Didelphidae,Marmosops,,,,,,,
Hylomys megalotis,,Eulipotyphla,Erinaceidae,Hylomys,,,,,,,
Hylomys parvus,,Eulipotyphla,Erinaceidae,Hylomys,,,,,,,
Hylomyscus aeta,,Rodentia,Muridae,Hylomyscus,,,,,,,
Hylomyscus alleni,,Rodentia,Muridae,Hylomyscus,,,,0.0794520547945206,,,
Hylomyscus baeri,,Rodentia,Muridae,Hylomyscus,,,,,,,
Hylomyscus carillus,,Rodentia,Muridae,Hylomyscus,,,,,,,
Hylomyscus denniae,,Rodentia,Muridae,Hylomyscus,,,,,,,
Hylomyscus grandis,,Rodentia,Muridae,Hylomyscus,,,,,,,
Hylomyscus parvus,,Rodentia,Muridae,Hylomyscus,,,,,,,
Hylomyscus stella,,Rodentia,Muridae,Hylomyscus,,,0.118027397260274,0.0807945205479452,,,
Hylonycteris underwoodi,,Chiroptera,Phyllostomidae,Hylonycteris,,,,,,,
Hylopetes alboniger,,Rodentia,Sciuridae,Hylopetes,,,,,,,
Hylopetes bartelsi,,Rodentia,Sciuridae,Hylopetes,,,,,,,
Hylopetes lepidus,,Rodentia,Sciuridae,Hylopetes,,,,0.10958904109589,,,
Hylopetes nigripes,,Rodentia,Sciuridae,Hylopetes,,,,,,,
Hylopetes phayrei,,Rodentia,Sciuridae,Hylopetes,,,,,,,
Hylopetes platyurus,,Rodentia,Sciuridae,Hylopetes,,,,,,,
Hylopetes sipora,,Rodentia,Sciuridae,Hylopetes,,,,,,,
Hylopetes spadiceus,,Rodentia,Sciuridae,Hylopetes,,,,,,,
Hylopetes winstoni,,Rodentia,Sciuridae,Hylopetes,,,,,,,
Hyomys dammermani,,Rodentia,Muridae,Hyomys,,,,,,,
Hyomys goliath,,Rodentia,Muridae,Hyomys,,,,,,,
Hyosciurus heinrichi,,Rodentia,Sciuridae,Hyosciurus,,,,,,,
Hyosciurus ileile,,Rodentia,Sciuridae,Hyosciurus,,,,,,,
Hyperacrius fertilis,,Rodentia,Cricetidae,Hyperacrius,,,,,,,
Hyperacrius wynnei,,Rodentia,Cricetidae,Hyperacrius,,,,,,,
Hyperoodon planifrons,,Artiodactyla,Ziphiidae,Hyperoodon,,,,,,,
Hypsugo alaschanicus,,Chiroptera,Vespertilionidae,Hypsugo,,,,,,,
Hypsugo anchietae,,Chiroptera,Vespertilionidae,Hypsugo,,,,,,,
Hypsugo anthonyi,,Chiroptera,Vespertilionidae,Hypsugo,,,,,,,
Hypsugo arabicus,,Chiroptera,Vespertilionidae,Hypsugo,,,,,,,
Hypsugo ariel,,Chiroptera,Vespertilionidae,Hypsugo,,,,,,,
Hypsugo bodenheimeri,,Chiroptera,Vespertilionidae,Hypsugo,,,,,,,
Hypsugo cadornae,,Chiroptera,Vespertilionidae,Hypsugo,,,,,,,
Hypsugo crassulus,,Chiroptera,Vespertilionidae,Hypsugo,,,,,,,
Hypsugo eisentrauti,,Chiroptera,Vespertilionidae,Hypsugo,,,,,,,
Hypsugo imbricatus,,Chiroptera,Vespertilionidae,Hypsugo,,,,,,,
Hypsugo joffrei,,Chiroptera,Vespertilionidae,Hypsugo,,,,,,,
Hypsugo kitcheneri,,Chiroptera,Vespertilionidae,Hypsugo,,,,,,,
Hypsugo lophurus,,Chiroptera,Vespertilionidae,Hypsugo,,,,,,,
Hypsugo macrotis,,Chiroptera,Vespertilionidae,Hypsugo,,,,,,,
Hypsugo musciculus,,Chiroptera,Vespertilionidae,Hypsugo,,,,,,,
Hypsugo pulveratus,,Chiroptera,Vespertilionidae,Hypsugo,,,,,,,
Hypsugo savii,,Chiroptera,Vespertilionidae,Hypsugo,,,0.215506849315068,,,,
Hypsugo vordermanni,,Chiroptera,Vespertilionidae,Hypsugo,,,,,,,
Hystrix crassispinis,,Rodentia,Hystricidae,Hystrix,,,,0.306849315068493,,,
Hystrix javanica,,Rodentia,Hystricidae,Hystrix,,,,0.306849315068493,,,
Ia io,,Chiroptera,Vespertilionidae,Ia,,,,,,,
Ichthyomys hydrobates,,Rodentia,Cricetidae,Ichthyomys,,,,,,,
Ichthyomys pittieri,,Rodentia,Cricetidae,Ichthyomys,,,,,,,
Ichthyomys stolzmanni,,Rodentia,Cricetidae,Ichthyomys,,,,,,,
Ichthyomys tweedii,,Rodentia,Cricetidae,Ichthyomys,,,,,,,
Ictonyx libyca,,Carnivora,Mustelidae,Ictonyx,5.0,,,0.103506849315068,,,
Idionycteris phyllotis,,Chiroptera,Vespertilionidae,Idionycteris,3.2,,,,,,
Idiurus macrotis,,Rodentia,Anomaluridae,Idiurus,,,,,,,
Idiurus zenkeri,,Rodentia,Anomaluridae,Idiurus,,,,,,,
Indopacetus pacificus,,Artiodactyla,Ziphiidae,Indopacetus,,,,,,,
Indri indri,,Primates,Indriidae,Indri,,,4.39915068493151,0.373972602739726,,,
Iomys horsfieldii,,Rodentia,Sciuridae,Iomys,,,,,,,
Iomys sipora,,Rodentia,Sciuridae,Iomys,,,,,,,
Irenomys tarsalis,,Rodentia,Cricetidae,Irenomys,,,,,,,
Isolobodon montanus,,Rodentia,Capromyidae,Isolobodon,,,,,,,
Isolobodon portoricensis,,Rodentia,Capromyidae,Isolobodon,,,,,,,
Isothrix bistriata,,Rodentia,Echimyidae,Isothrix,,,,,,,
Isothrix negrensis,,Rodentia,Echimyidae,Isothrix,,,,,,,
Isothrix pagurus,,Rodentia,Echimyidae,Isothrix,,,,,,,
Isothrix sinnamariensis,,Rodentia,Echimyidae,Isothrix,,,,,,,
Kerivoula eriophora,,Chiroptera,Vespertilionidae,Kerivoula,,,,,,,
Kerivoula flora,,Chiroptera,Vespertilionidae,Kerivoula,,,,,,,
Kerivoula hardwickii,,Chiroptera,Vespertilionidae,Kerivoula,,,,,,,
Kerivoula intermedia,,Chiroptera,Vespertilionidae,Kerivoula,,,,,,,
Kerivoula lanosa,,Chiroptera,Vespertilionidae,Kerivoula,,,,,,,
Kerivoula lenis,,Chiroptera,Vespertilionidae,Kerivoula,,,,,,,
Kerivoula minuta,,Chiroptera,Vespertilionidae,Kerivoula,,,,,,,
Kerivoula muscina,,Chiroptera,Vespertilionidae,Kerivoula,,,,,,,
Kerivoula myrella,,Chiroptera,Vespertilionidae,Kerivoula,,,,,,,
Kerivoula papillosa,,Chiroptera,Vespertilionidae,Kerivoula,,,,,,,
Kerivoula pellucida,,Chiroptera,Vespertilionidae,Kerivoula,,,,,,,
Kerivoula phalaena,,Chiroptera,Vespertilionidae,Kerivoula,,,,,,,
Kerivoula picta,,Chiroptera,Vespertilionidae,Kerivoula,,,,,,,
Kerivoula smithii,,Chiroptera,Vespertilionidae,Kerivoula,,,,,,,
Kerivoula whiteheadi,,Chiroptera,Vespertilionidae,Kerivoula,,,,,,,
Kerodon acrobata,,Rodentia,Caviidae,Kerodon,,,,,,,
Kobus vardonii,,Artiodactyla,Bovidae,Kobus,,,,0.707095890410959,,,
Kogia sima,,Artiodactyla,Physeteridae,Kogia,,,,0.75,,,
Komodomys rintjanus,,Rodentia,Muridae,Komodomys,,,,,,,
Kunsia fronto,,Rodentia,Cricetidae,Kunsia,,,,,,,
Kunsia tomentosus,,Rodentia,Cricetidae,Kunsia,,,,,,,
Laephotis angolensis,,Chiroptera,Vespertilionidae,Laephotis,,,,,,,
Laephotis botswanae,,Chiroptera,Vespertilionidae,Laephotis,,,,,,,
Laephotis namibensis,,Chiroptera,Vespertilionidae,Laephotis,,,,,,,
Laephotis wintoni,,Chiroptera,Vespertilionidae,Laephotis,,,,,,,
Lagenorhynchus australis,,Artiodactyla,Delphinidae,Lagenorhynchus,,,,,,,
Lagenorhynchus cruciger,,Artiodactyla,Delphinidae,Lagenorhynchus,,,,,,,
Lagenorhynchus obscurus,,Artiodactyla,Delphinidae,Lagenorhynchus,,,,,,,
Lagidium wolffsohni,,Rodentia,Chinchillidae,Lagidium,,,,,,,
Lagorchestes asomatus,,Diprotodontia,Macropodidae,Lagorchestes,,,,,,,
Lagorchestes leporides,,Diprotodontia,Macropodidae,Lagorchestes,,,,,,,
Manis gigantea,,Pholidota,Manidae,Manis,,,2.06890410958904,,,,
Manis javanica,,Pholidota,Manidae,Manis,,,2.06890410958904,,,,
Manis temminckii,,Pholidota,Manidae,Manis,,,2.06890410958904,0.380821917808219,,,
Manis tetradactyla,,Pholidota,Manidae,Manis,,,2.06890410958904,,,,
Manis tricuspis,,Pholidota,Manidae,Manis,,,2.06890410958904,0.347534246575342,,,
Margaretamys beccarii,,Rodentia,Muridae,Margaretamys,,,,,,,
Meriones sacramenti,,Rodentia,Muridae,Meriones,,,,,,,
Meriones tristrami,,Rodentia,Muridae,Meriones,,,,0.0657260273972603,,,
Meriones zarudnyi,,Rodentia,Muridae,Meriones,,,,,,,
Mesechinus dauuricus,,Eulipotyphla,Erinaceidae,Mesechinus,,,,,,,
Mesechinus hughi,,Eulipotyphla,Erinaceidae,Mesechinus,,,,,,,
Megaerops kusnotoi,,Chiroptera,Pteropodidae,Megaerops,,,,,,,
Megaerops niphanae,,Chiroptera,Pteropodidae,Megaerops,,,,,,,
Megaerops wetmorei,,Chiroptera,Pteropodidae,Megaerops,,,,,,,
Megaloglossus woermanni,,Chiroptera,Pteropodidae,Megaloglossus,,,,,,,
Molossus pretiosus,,Chiroptera,Molossidae,Molossus,,,,,,,
Molossus rufus,,Chiroptera,Molossidae,Molossus,,,,,,,
Molossus sinaloae,,Chiroptera,Molossidae,Molossus,,,,,,,
Monachus tropicalis,,Carnivora,Phocidae,Monachus,,,,,,,
Monodelphis americana,,Didelphimorphia,Didelphidae,Monodelphis,,,,,,,
Monodelphis dimidiata,,Didelphimorphia,Didelphidae,Monodelphis,1.0,,,,,,
Monodelphis emiliae,,Didelphimorphia,Didelphidae,Monodelphis,,,,,,,
Monodelphis glirina,,Didelphimorphia,Didelphidae,Monodelphis,,,,,,,
Monodelphis iheringi,,Didelphimorphia,Didelphidae,Monodelphis,,,,,,,
Monodelphis kunsi,,Didelphimorphia,Didelphidae,Monodelphis,,,,,,,
Monodelphis maraxina,,Didelphimorphia,Didelphidae,Monodelphis,,,,,,,
Monodelphis osgoodi,,Didelphimorphia,Didelphidae,Monodelphis,,,,,,,
Monodelphis palliolata,,Didelphimorphia,Didelphidae,Monodelphis,,,,,,,
Megalomys desmarestii,,Rodentia,Cricetidae,Megalomys,,,,,,,
Megalomys luciae,,Rodentia,Cricetidae,Megalomys,,,,,,,
Megaoryzomys curioi,,Rodentia,Cricetidae,Megaoryzomys,,,,,,,
Megasorex gigas,,Eulipotyphla,Soricidae,Megasorex,,,,,,,
Melanomys caliginosus,,Rodentia,Cricetidae,Melanomys,,,,,,,
Melanomys robustulus,,Rodentia,Cricetidae,Melanomys,,,,,,,
Melanomys zunigae,,Rodentia,Cricetidae,Melanomys,,,,,,,
Melasmothrix naso,,Rodentia,Muridae,Melasmothrix,,,,,,,
Meles anakuma,,Carnivora,Mustelidae,Meles,,,,,,,
Meles leucurus,,Carnivora,Mustelidae,Meles,,,,,,,
Mirza coquereli,,Primates,Cheirogaleidae,Mirza,15.3,,0.941753424657534,0.242684931506849,,,
Mogera imaizumii,,Eulipotyphla,Talpidae,Mogera,3.5,,,,,,
Mogera insularis,,Eulipotyphla,Talpidae,Mogera,,,,,,,
Mogera tokudae,,Eulipotyphla,Talpidae,Mogera,,,,0.10958904109589,,,
Mogera uchidai,,Eulipotyphla,Talpidae,Mogera,,,,,,,
Molossops aequatorianus,,Chiroptera,Molossidae,Molossops,,,,,,,
Molossops mattogrossensis,,Chiroptera,Molossidae,Molossops,,,,,,,
Molossops neglectus,,Chiroptera,Molossidae,Molossops,,,,,,,
Molossops temminckii,,Chiroptera,Molossidae,Molossops,,,,,,,
Molossus aztecus,,Chiroptera,Molossidae,Molossus,,,,,,,
Molossus barnesi,,Chiroptera,Molossidae,Molossus,,,,,,,
Molossus coibensis,,Chiroptera,Molossidae,Molossus,,,,,,,
Molossus currentium,,Chiroptera,Molossidae,Molossus,,,,,,,
Monodelphis rubida,,Didelphimorphia,Didelphidae,Monodelphis,,,,,,,
Monodelphis scalops,,Didelphimorphia,Didelphidae,Monodelphis,,,,,,,
Monodelphis sorex,,Didelphimorphia,Didelphidae,Monodelphis,,,,,,,
Monodelphis theresa,,Didelphimorphia,Didelphidae,Monodelphis,,,,,,,
Monodelphis umbristriata,,Didelphimorphia,Didelphidae,Monodelphis,,,,,,,
Monodelphis unistriata,,Didelphimorphia,Didelphidae,Monodelphis,,,,,,,
Monophyllus plethodon,,Chiroptera,Phyllostomidae,Monophyllus,,,,,,,
Monophyllus redmani,,Chiroptera,Phyllostomidae,Monophyllus,,,,,,,
Monticolomys koopmani,,Rodentia,Nesomyidae,Monticolomys,,,,,,,
Mops brachypterus,,Chiroptera,Molossidae,Mops,,,,,,,
Mops condylurus,,Chiroptera,Molossidae,Mops,,,0.782547945205479,0.242849315068493,,,
Mops congicus,,Chiroptera,Molossidae,Mops,,,,,,,
Mops demonstrator,,Chiroptera,Molossidae,Mops,,,,,,,
Mops leucostigma,,Chiroptera,Molossidae,Mops,,,,,,,
Mops midas,,Chiroptera,Molossidae,Mops,,,,,,,
Mops mops,,Chiroptera,Molossidae,Mops,,,,,,,
Mops nanulus,,Chiroptera,Molossidae,Mops,,,,,,,
Mops niangarae,,Chiroptera,Molossidae,Mops,,,,,,,
Mops niveiventer,,Chiroptera,Molossidae,Mops,,,,,,,
Mops petersoni,,Chiroptera,Molossidae,Mops,,,,,,,
Mops sarasinorum,,Chiroptera,Molossidae,Mops,,,,,,,
Mops spurrelli,,Chiroptera,Molossidae,Mops,,,,,,,
Mops thersites,,Chiroptera,Molossidae,Mops,,,,,,,
Mops trevori,,Chiroptera,Molossidae,Mops,,,,,,,
Mormoops blainvillei,,Chiroptera,Mormoopidae,Mormoops,,,,,,,
Mormoops magna,,Chiroptera,Mormoopidae,Mormoops,,,,,,,
Mormoops megalophylla,,Chiroptera,Mormoopidae,Mormoops,,,,,,,
Mormopterus acetabulosus,,Chiroptera,Molossidae,Mormopterus,,,,,,,
Mormopterus beccarii,,Chiroptera,Molossidae,Mormopterus,,,,,,,
Mormopterus doriae,,Chiroptera,Molossidae,Mormopterus,,,,,,,
Mormopterus jugularis,,Chiroptera,Molossidae,Mormopterus,,,,,,,
Mormopterus kalinowskii,,Chiroptera,Molossidae,Mormopterus,,,,,,,
Mormopterus loriae,,Chiroptera,Molossidae,Mormopterus,,,,,,,
Mormopterus minutus,,Chiroptera,Molossidae,Mormopterus,,,,,,,
Mormopterus norfolkensis,,Chiroptera,Molossidae,Mormopterus,,,,,,,
Mormopterus phrudus,,Chiroptera,Molossidae,Mormopterus,,,,,,,
Moschus anhuiensis,,Artiodactyla,Moschidae,Moschus,,,,,,,
Moschus cupreus,,Artiodactyla,Moschidae,Moschus,,,,,,,
Moschus fuscus,,Artiodactyla,Moschidae,Moschus,,,,,,,
Moschus leucogaster,,Artiodactyla,Moschidae,Moschus,,,,,,,
Mosia nigrescens,,Chiroptera,Emballonuridae,Mosia,,,,,,,
Mungos gambianus,,Carnivora,Herpestidae,Mungos,,,,,,,
Muntiacus atherodes,,Artiodactyla,Cervidae,Muntiacus,,,,,,,
Marmosops parvidens,,Didelphimorphia,Didelphidae,Marmosops,,,,,,,
Marmosops paulensis,,Didelphimorphia,Didelphidae,Marmosops,,,,,,,
Marmosops pinheiroi,,Didelphimorphia,Didelphidae,Marmosops,,,,,,,
Marmota baibacina,,Rodentia,Sciuridae,Marmota,,,,0.10958904109589,,,
Marmota broweri,,Rodentia,Sciuridae,Marmota,,,,,,,
Marmota camtschatica,,Rodentia,Sciuridae,Marmota,,,,,,,
Marmota caudata,,Rodentia,Sciuridae,Marmota,,,2.49131506849315,0.0842191780821918,,,
Marmota himalayana,,Rodentia,Sciuridae,Marmota,,,,,,,
Marmota menzbieri,,Rodentia,Sciuridae,Marmota,15.0,,2.58613698630137,,,,
Marmota olympus,,Rodentia,Sciuridae,Marmota,,,3.12808219178082,,,,
Marmota sibirica,,Rodentia,Sciuridae,Marmota,,,2.26764383561644,0.112328767123288,,,
Lemmus amurensis,,Rodentia,Cricetidae,Lemmus,,,,,,,
Lemmus portenkoi,,Rodentia,Cricetidae,Lemmus,,,,,,,
Lemmus sibiricus,,Rodentia,Cricetidae,Lemmus,,,0.121945205479452,0.0568219178082192,,,
Lemmus trimucronatus,,Rodentia,Cricetidae,Lemmus,,,,0.0569041095890411,,,
Lemniscomys bellieri,,Rodentia,Muridae,Lemniscomys,,,,,,,
Lemniscomys griselda,,Rodentia,Muridae,Lemniscomys,,,,,,,
Lemniscomys hoogstraali,,Rodentia,Muridae,Lemniscomys,,,,,,,
Lasiopodomys fuscus,,Rodentia,Cricetidae,Lasiopodomys,,,,,,,
Lasiurus atratus,,Chiroptera,Vespertilionidae,Lasiurus,,,,,,,
Lasiurus blossevillii,,Chiroptera,Vespertilionidae,Lasiurus,,,,,,,
Lemniscomys linulus,,Rodentia,Muridae,Lemniscomys,,,,,,,
Lemniscomys macculus,,Rodentia,Muridae,Lemniscomys,,,,,,,
Lemniscomys mittendorfi,,Rodentia,Muridae,Lemniscomys,,,,,,,
Lemniscomys rosalia,,Rodentia,Muridae,Lemniscomys,,,,,,,
Lemniscomys roseveari,,Rodentia,Muridae,Lemniscomys,,,,,,,
Lemniscomys zebra,,Rodentia,Muridae,Lemniscomys,,,,,,,
Lenomys meyeri,,Rodentia,Muridae,Lenomys,,,,,,,
Lenoxus apicalis,,Rodentia,Cricetidae,Lenoxus,,,,,,,
Leontopithecus caissara,,Primates,Cebidae,Leontopithecus,,,,,,,
Leopardus braccatus,,Carnivora,Felidae,Leopardus,,,,,,,
Leopardus jacobitus,,Carnivora,Felidae,Leopardus,,,,,,,
Leopardus pajeros,,Carnivora,Felidae,Leopardus,,,,,,,
Leopoldamys ciliatus,,Rodentia,Muridae,Leopoldamys,,,,,,,
Leopoldamys edwardsi,,Rodentia,Muridae,Leopoldamys,,,,,,,
Leopoldamys milleti,,Rodentia,Muridae,Leopoldamys,,,,,,,
Leopoldamys neilli,,Rodentia,Muridae,Leopoldamys,,,,,,,
Leopoldamys sabanus,,Rodentia,Muridae,Leopoldamys,2.0,,,,,,
Leopoldamys siporanus,,Rodentia,Muridae,Leopoldamys,,,,,,,
Lepilemur ankaranensis,,Primates,Lepilemuridae,Lepilemur,,,,,,,
Lepilemur dorsalis,,Primates,Lepilemuridae,Lepilemur,,,,,,,
Lepilemur edwardsi,,Primates,Lepilemuridae,Lepilemur,,,,,,,
Lepilemur leucopus,,Primates,Lepilemuridae,Lepilemur,8.6,,1.70071232876712,0.372383561643836,,,
Lepilemur microdon,,Primates,Lepilemuridae,Lepilemur,,,,,,,
Lepilemur septentrionalis,,Primates,Lepilemuridae,Lepilemur,,,1.03443835616438,0.369835616438356,,,
Leporillus apicalis,,Rodentia,Muridae,Leporillus,,,,,,,
Leptomys elegans,,Rodentia,Muridae,Leptomys,,,,,,,
Leptomys ernstmayri,,Rodentia,Muridae,Leptomys,,,,,,,
Leptomys signatus,,Rodentia,Muridae,Leptomys,,,,,,,
Leptonycteris nivalis,,Chiroptera,Phyllostomidae,Leptonycteris,,,,0.333315068493151,,,
Lepus alleni,,Lagomorpha,Leporidae,Lepus,,,,0.115041095890411,,,
Lepus arcticus,,Lagomorpha,Leporidae,Lepus,7.0,,1.03443835616438,0.142438356164384,,,
Lepus callotis,,Lagomorpha,Leporidae,Lepus,,,,,,,
Lepus castroviejoi,,Lagomorpha,Leporidae,Lepus,,,,,,,
Lepus comus,,Lagomorpha,Leporidae,Lepus,,,,,,,
Lepus coreanus,,Lagomorpha,Leporidae,Lepus,,,,,,,
Lepus corsicanus,,Lagomorpha,Leporidae,Lepus,,,,,,,
Lepus fagani,,Lagomorpha,Leporidae,Lepus,,,,,,,
Lepus flavigularis,,Lagomorpha,Leporidae,Lepus,,,,,,,
Lepus granatensis,,Lagomorpha,Leporidae,Lepus,,,,,,,
Lepus habessinicus,,Lagomorpha,Leporidae,Lepus,,,,,,,
Lepus hainanus,,Lagomorpha,Leporidae,Lepus,,,,,,,
Lepus insularis,,Lagomorpha,Leporidae,Lepus,,,,,,,
Lepus mandshuricus,,Lagomorpha,Leporidae,Lepus,,,,,,,
Lepus microtis,,Lagomorpha,Leporidae,Lepus,,,,,,,
Lepus nigricollis,,Lagomorpha,Leporidae,Lepus,,,0.576575342465753,0.0990684931506849,,,
Lepus oiostolus,,Lagomorpha,Leporidae,Lepus,,,,,,,
Lepus othus,,Lagomorpha,Leporidae,Lepus,,,,0.126,,,
Lepus peguensis,,Lagomorpha,Leporidae,Lepus,,,,,,,
Lepus saxatilis,,Lagomorpha,Leporidae,Lepus,,,,0.105452054794521,,,
Lepus sinensis,,Lagomorpha,Leporidae,Lepus,,,,,,,
Lepus starcki,,Lagomorpha,Leporidae,Lepus,,,,,,,
Lepus tibetanus,,Lagomorpha,Leporidae,Lepus,,,,,,,
Lepus tolai,,Lagomorpha,Leporidae,Lepus,,,,,,,
Lepus yarkandensis,,Lagomorpha,Leporidae,Lepus,,,,,,,
Lestodelphys halli,,Didelphimorphia,Didelphidae,Lestodelphys,,,,,,,
Lestoros inca,,Paucituberculata,Caenolestidae,Lestoros,,,,,,,
Liberiictis kuhni,,Carnivora,Herpestidae,Liberiictis,,,,,,,
Lichonycteris obscura,,Chiroptera,Phyllostomidae,Lichonycteris,,,,,,,
Limnogale mergulus,,Afrosoricida,Tenrecidae,Limnogale,,,,,,,
Limnomys bryophilus,,Rodentia,Muridae,Limnomys,,,,,,,
Limnomys sibuanus,,Rodentia,Muridae,Limnomys,,,,,,,
Liomys irroratus,,Rodentia,Heteromyidae,Liomys,,,,,,,
Liomys pictus,,Rodentia,Heteromyidae,Liomys,,,0.30441095890411,0.0689315068493151,,,
Liomys salvini,,Rodentia,Heteromyidae,Liomys,,,,0.0758356164383562,,,
Liomys spectabilis,,Rodentia,Heteromyidae,Liomys,,,,,,,
Lionycteris spurrelli,,Chiroptera,Phyllostomidae,Lionycteris,,,,,,,
Lissodelphis borealis,,Artiodactyla,Delphinidae,Lissodelphis,,,,,,,
Lissodelphis peronii,,Artiodactyla,Delphinidae,Lissodelphis,,,,,,,
Lissonycteris angolensis,,Chiroptera,Pteropodidae,Lissonycteris,,,,0.333315068493151,,,
Lonchophylla bokermanni,,Chiroptera,Phyllostomidae,Lonchophylla,,,,,,,
Lonchophylla dekeyseri,,Chiroptera,Phyllostomidae,Lonchophylla,,,,,,,
Lonchophylla handleyi,,Chiroptera,Phyllostomidae,Lonchophylla,,,,,,,
Lonchophylla hesperia,,Chiroptera,Phyllostomidae,Lonchophylla,,,,,,,
Lonchophylla mordax,,Chiroptera,Phyllostomidae,Lonchophylla,,,,,,,
Lonchophylla robusta,,Chiroptera,Phyllostomidae,Lonchophylla,,,,,,,
Lonchophylla thomasi,,Chiroptera,Phyllostomidae,Lonchophylla,,,,,,,
Lonchorhina aurita,,Chiroptera,Phyllostomidae,Lonchorhina,,,,,,,
Lonchorhina fernandezi,,Chiroptera,Phyllostomidae,Lonchorhina,,,,,,,
Lonchorhina inusitata,,Chiroptera,Phyllostomidae,Lonchorhina,,,,,,,
Lonchorhina marinkellei,,Chiroptera,Phyllostomidae,Lonchorhina,,,,,,,
Lonchorhina orinocensis,,Chiroptera,Phyllostomidae,Lonchorhina,,,,,,,
Lonchothrix emiliae,,Rodentia,Echimyidae,Lonchothrix,,,,,,,
Lontra felina,,Carnivora,Mustelidae,Lontra,,,,0.20813698630137,,,
Lontra provocax,,Carnivora,Mustelidae,Lontra,,,,,,,
Lophocebus aterrimus,,Primates,Cercopithecidae,Lophocebus,26.8,,,,,,
Lophocebus opdenboschi,,Primates,Cercopithecidae,Lophocebus,,,,,,,
Lophostoma brasiliense,,Chiroptera,Phyllostomidae,Lophostoma,,,,,,,
Lophostoma carrikeri,,Chiroptera,Phyllostomidae,Lophostoma,,,,,,,
Lophostoma evotis,,Chiroptera,Phyllostomidae,Lophostoma,,,,,,,
Lophostoma schulzi,,Chiroptera,Phyllostomidae,Lophostoma,,,,,,,
Lophostoma silvicolum,,Chiroptera,Phyllostomidae,Lophostoma,,,,,,,
Lophuromys angolensis,,Rodentia,Muridae,Lophuromys,,,,,,,
Lophuromys ansorgei,,Rodentia,Muridae,Lophuromys,,,,,,,
Lophuromys aquilus,,Rodentia,Muridae,Lophuromys,,,,,,,
Lophuromys brevicaudus,,Rodentia,Muridae,Lophuromys,,,,,,,
Lophuromys brunneus,,Rodentia,Muridae,Lophuromys,,,,,,,
Lophuromys chrysopus,,Rodentia,Muridae,Lophuromys,,,,,,,
Lophuromys dieterleni,,Rodentia,Muridae,Lophuromys,,,,,,,
Lophuromys dudui,,Rodentia,Muridae,Lophuromys,,,,,,,
Lophuromys eisentrauti,,Rodentia,Muridae,Lophuromys,,,,,,,
Lophuromys flavopunctatus,,Rodentia,Muridae,Lophuromys,,,0.167178082191781,0.0841095890410959,,,
Lophuromys huttereri,,Rodentia,Muridae,Lophuromys,,,,,,,
Lophuromys luteogaster,,Rodentia,Muridae,Lophuromys,,,,,,,
Lophuromys medicaudatus,,Rodentia,Muridae,Lophuromys,,,,,,,
Lophuromys melanonyx,,Rodentia,Muridae,Lophuromys,,,,,,,
Lophuromys nudicaudus,,Rodentia,Muridae,Lophuromys,,,,,,,
Lophuromys rahmi,,Rodentia,Muridae,Lophuromys,,,,,,,
Lophuromys roseveari,,Rodentia,Muridae,Lophuromys,,,,,,,
Lophuromys sikapusi,,Rodentia,Muridae,Lophuromys,,,,,,,
Lophuromys verhageni,,Rodentia,Muridae,Lophuromys,,,,,,,
Lophuromys woosnami,,Rodentia,Muridae,Lophuromys,,,,0.0876712328767123,,,
Lophuromys zena,,Rodentia,Muridae,Lophuromys,,,,,,,
Lorentzimys nouhuysi,,Rodentia,Muridae,Lorentzimys,,,,,,,
Loris lydekkerianus,,Primates,Lorisidae,Loris,,,,,,,
Loxodonta cyclotis,,Proboscidea,Elephantidae,Loxodonta,,,,,,,
Loxodontomys micropus,,Rodentia,Cricetidae,Loxodontomys,,,0.188958904109589,,,,
Loxodontomys pikumche,,Rodentia,Cricetidae,Loxodontomys,,,,,,,
Lundomys molitor,,Rodentia,Cricetidae,Lundomys,,,,,,,
Lutra nippon,,Carnivora,Mustelidae,Lutra,,,,,,,
Lutra sumatrana,,Carnivora,Mustelidae,Lutra,,,,,,,
Lycalopex fulvipes,,Carnivora,Canidae,Lycalopex,,,,,,,
Lyncodon patagonicus,,Carnivora,Mustelidae,Lyncodon,,,,,,,
Macaca cyclopis,,Primates,Cercopithecidae,Macaca,,,4.52057534246575,0.441260273972603,,,
Macaca hecki,,Primates,Cercopithecidae,Macaca,,,,,,,
Macaca leonina,,Primates,Cercopithecidae,Macaca,,,,,,,
Macaca nigrescens,,Primates,Cercopithecidae,Macaca,,,,,,,
Macaca pagensis,,Primates,Cercopithecidae,Macaca,30.0,,3.36197260273973,,,,
Macaca siberu,,Primates,Cercopithecidae,Macaca,,,,,,,
Macrogalidia musschenbroekii,,Carnivora,Viverridae,Macrogalidia,,,,,,,
Meriones dahli,,Rodentia,Muridae,Meriones,,,,,,,
Meriones grandis,,Rodentia,Muridae,Meriones,,,,,,,
Meriones hurrianae,,Rodentia,Muridae,Meriones,,,0.127616438356164,0.079972602739726,,,
Mesocapromys angelcabrerai,,Rodentia,Capromyidae,Mesocapromys,,,,,,,
Mesocapromys auritus,,Rodentia,Capromyidae,Mesocapromys,,,,,,,
Mesocapromys melanurus,,Rodentia,Capromyidae,Mesocapromys,,,,,,,
Mesocapromys nanus,,Rodentia,Capromyidae,Mesocapromys,,,,,,,
Mesocapromys sanfelipensis,,Rodentia,Capromyidae,Mesocapromys,,,,,,,
Mesocricetus newtoni,,Rodentia,Cricetidae,Mesocricetus,,,,,,,
Mesocricetus raddei,,Rodentia,Cricetidae,Mesocricetus,,,,,,,
Mesomys hispidus,,Rodentia,Echimyidae,Mesomys,,,,,,,
Mesomys leniceps,,Rodentia,Echimyidae,Mesomys,,,,,,,
Mesomys occultus,,Rodentia,Echimyidae,Mesomys,,,,,,,
Mesomys stimulax,,Rodentia,Echimyidae,Mesomys,,,,,,,
Mesophylla macconnelli,,Chiroptera,Phyllostomidae,Mesophylla,,,,,,,
Mesoplodon bowdoini,,Artiodactyla,Ziphiidae,Mesoplodon,,,,,,,
Mesoplodon carlhubbsi,,Artiodactyla,Ziphiidae,Mesoplodon,,,,1.0,,,
Mesoplodon ginkgodens,,Artiodactyla,Ziphiidae,Mesoplodon,,,,,,,
Mesoplodon grayi,,Artiodactyla,Ziphiidae,Mesoplodon,,,,,,,
Mesoplodon hectori,,Artiodactyla,Ziphiidae,Mesoplodon,,,,,,,
Macroglossus minimus,,Chiroptera,Pteropodidae,Macroglossus,,,,0.342849315068493,,,
Macroglossus sobrinus,,Chiroptera,Pteropodidae,Macroglossus,,,,,,,
Macrophyllum macrophyllum,,Chiroptera,Phyllostomidae,Macrophyllum,,,,,,,
Macropus greyi,,Diprotodontia,Macropodidae,Macropus,,,,,,,
Macropus irma,,Diprotodontia,Macropodidae,Macropus,,,,,,,
Macrotarsomys bastardi,,Rodentia,Nesomyidae,Macrotarsomys,,,,0.0657260273972603,,,
Macrotarsomys ingens,,Rodentia,Nesomyidae,Macrotarsomys,,,,,,,
Macrotis leucura,,Peramelemorphia,Thylacomyidae,Macrotis,,,,,,,
Macruromys elegans,,Rodentia,Muridae,Macruromys,,,,,,,
Macruromys major,,Rodentia,Muridae,Macruromys,,,,,,,
Madoqua piacentinii,,Artiodactyla,Bovidae,Madoqua,14.0,,0.689616438356164,,,,
Madoqua saltiana,,Artiodactyla,Bovidae,Madoqua,14.0,,0.695205479452055,,,,
Madromys blanfordi,,Rodentia,Muridae,Madromys,,,,,,,
Makalata grandis,,Rodentia,Echimyidae,Makalata,,,,,,,
Makalata macrura,,Rodentia,Echimyidae,Makalata,,,,,,,
Makalata obscura,,Rodentia,Echimyidae,Makalata,,,,,,,
Makalata occasius,,Rodentia,Echimyidae,Makalata,,,,,,,
Makalata rhipidura,,Rodentia,Echimyidae,Makalata,,,,,,,
Malacomys cansdalei,,Rodentia,Muridae,Malacomys,,,,,,,
Malacomys edwardsi,,Rodentia,Muridae,Malacomys,,,,,,,
Malacomys longipes,,Rodentia,Muridae,Malacomys,,,,,,,
Malacothrix typica,,Rodentia,Nesomyidae,Malacothrix,,,0.179753424657534,0.0722465753424658,,,
Mallomys aroaensis,,Rodentia,Muridae,Mallomys,,,,,,,
Mallomys gunung,,Rodentia,Muridae,Mallomys,,,,,,,
Mallomys istapantap,,Rodentia,Muridae,Mallomys,,,,,,,
Mallomys rothschildi,,Rodentia,Muridae,Mallomys,,,,,,,
Malpaisomys insularis,,Rodentia,Muridae,Malpaisomys,,,,,,,
Mammelomys lanosus,,Rodentia,Muridae,Mammelomys,,,,,,,
Mammelomys rattoides,,Rodentia,Muridae,Mammelomys,,,0.508520547945206,,,,
Manis culionensis,,Pholidota,Manidae,Manis,,,,,,,
Martes gwatkinsii,,Carnivora,Mustelidae,Martes,,,,,,,
Massoutiera mzabi,,Rodentia,Ctenodactylidae,Massoutiera,,,1.02509589041096,0.152657534246575,,,
Mastacomys fuscus,,Rodentia,Muridae,Mastacomys,,,,0.0971506849315068,,,
Mastomys awashensis,,Rodentia,Muridae,Mastomys,,,,,,,
Mastomys coucha,,Rodentia,Muridae,Mastomys,,,,,,,
Mastomys huberti,,Rodentia,Muridae,Mastomys,,,,,,,
Mastomys kollmannspergeri,,Rodentia,Muridae,Mastomys,,,,,,,
Mastomys natalensis,,Rodentia,Muridae,Mastomys,,,0.164630136986301,0.0647671232876712,,,
Mastomys pernanus,,Rodentia,Muridae,Mastomys,,,,,,,
Mastomys shortridgei,,Rodentia,Muridae,Mastomys,,,,,,,
Maxomys alticola,,Rodentia,Muridae,Maxomys,,,,,,,
Maxomys baeodon,,Rodentia,Muridae,Maxomys,,,,,,,
Maxomys bartelsii,,Rodentia,Muridae,Maxomys,,,,,,,
Maxomys dollmani,,Rodentia,Muridae,Maxomys,,,,,,,
Maxomys hellwaldii,,Rodentia,Muridae,Maxomys,,,,,,,
Maxomys hylomyoides,,Rodentia,Muridae,Maxomys,,,,,,,
Maxomys inas,,Rodentia,Muridae,Maxomys,,,,,,,
Maxomys inflatus,,Rodentia,Muridae,Maxomys,,,,,,,
Maxomys moi,,Rodentia,Muridae,Maxomys,,,,,,,
Maxomys musschenbroekii,,Rodentia,Muridae,Maxomys,,,,,,,
Maxomys ochraceiventer,,Rodentia,Muridae,Maxomys,,,,,,,
Maxomys pagensis,,Rodentia,Muridae,Maxomys,,,,,,,
Maxomys panglima,,Rodentia,Muridae,Maxomys,,,,,,,
Maxomys rajah,,Rodentia,Muridae,Maxomys,,,,,,,
Maxomys surifer,,Rodentia,Muridae,Maxomys,,,,,,,
Maxomys wattsi,,Rodentia,Muridae,Maxomys,,,,,,,
Maxomys whiteheadi,,Rodentia,Muridae,Maxomys,,,,,,,
Mazama bororo,,Artiodactyla,Cervidae,Mazama,,,,,,,
Mazama bricenii,,Artiodactyla,Cervidae,Mazama,,,,,,,
Mazama chunyi,,Artiodactyla,Cervidae,Mazama,,,,0.666657534246575,,,
Mazama nana,,Artiodactyla,Cervidae,Mazama,,,,,,,
Mazama pandora,,Artiodactyla,Cervidae,Mazama,,,,,,,
Mazama rufina,,Artiodactyla,Cervidae,Mazama,,,,0.634630136986301,,,
Mazama temama,,Artiodactyla,Cervidae,Mazama,,,,,,,
Megadendromus nikolausi,,Rodentia,Nesomyidae,Megadendromus,,,,,,,
Megaderma spasma,,Chiroptera,Megadermatidae,Megaderma,,,,0.219178082191781,,,
Megadontomys cryophilus,,Rodentia,Cricetidae,Megadontomys,,,,,,,
Megadontomys nelsoni,,Rodentia,Cricetidae,Megadontomys,,,,,,,
Megadontomys thomasi,,Rodentia,Cricetidae,Megadontomys,,,0.190465753424658,,,,
Megaerops ecaudatus,,Chiroptera,Pteropodidae,Megaerops,,,,,,,
Melogale everetti,,Carnivora,Mustelidae,Melogale,,,,,,,
Melogale orientalis,,Carnivora,Mustelidae,Melogale,,,,,,,
Melomys aerosus,,Rodentia,Muridae,Melomys,,,,,,,
Melomys arcium,,Rodentia,Muridae,Melomys,,,,,,,
Melomys bannisteri,,Rodentia,Muridae,Melomys,,,,,,,
Melomys bougainville,,Rodentia,Muridae,Melomys,,,,,,,
Melomys burtoni,,Rodentia,Muridae,Melomys,,,,,,,
Melomys capensis,,Rodentia,Muridae,Melomys,,,,,,,
Melomys caurinus,,Rodentia,Muridae,Melomys,,,,,,,
Melomys cervinipes,,Rodentia,Muridae,Melomys,,,0.408849315068493,0.0981643835616438,,,
Melomys cooperae,,Rodentia,Muridae,Melomys,,,,,,,
Melomys dollmani,,Rodentia,Muridae,Melomys,,,,,,,
Melomys fraterculus,,Rodentia,Muridae,Melomys,,,,,,,
Melomys frigicola,,Rodentia,Muridae,Melomys,,,,,,,
Melomys fulgens,,Rodentia,Muridae,Melomys,,,,,,,
Melomys howi,,Rodentia,Muridae,Melomys,,,,,,,
Melomys leucogaster,,Rodentia,Muridae,Melomys,,,,,,,
Melomys lutillus,,Rodentia,Muridae,Melomys,,,,,,,
Melomys matambuai,,Rodentia,Muridae,Melomys,,,,,,,
Melomys obiensis,,Rodentia,Muridae,Melomys,,,,,,,
Melomys paveli,,Rodentia,Muridae,Melomys,,,,,,,
Melomys rubicola,,Rodentia,Muridae,Melomys,,,,,,,
Melomys rufescens,,Rodentia,Muridae,Melomys,,,,,,,
Melomys spechti,,Rodentia,Muridae,Melomys,,,,,,,
Melomys talaudium,,Rodentia,Muridae,Melomys,,,,,,,
Melonycteris fardoulisi,,Chiroptera,Pteropodidae,Melonycteris,,,,,,,
Melonycteris melanops,,Chiroptera,Pteropodidae,Melonycteris,,,,,,,
Melonycteris woodfordi,,Chiroptera,Pteropodidae,Melonycteris,,,,,,,
Menetes berdmorei,,Rodentia,Sciuridae,Menetes,4.3,,,,,,
Meriones arimalius,,Rodentia,Muridae,Meriones,,,,,,,
Meriones chengi,,Rodentia,Muridae,Meriones,,,,,,,
Microtus lusitanicus,,Rodentia,Cricetidae,Microtus,,,0.108712328767123,0.0547945205479452,,,
Microtus majori,,Rodentia,Cricetidae,Microtus,,,,,,,
Microtus mexicanus,,Rodentia,Cricetidae,Microtus,,,,,,,
Microtus middendorffii,,Rodentia,Cricetidae,Microtus,,,0.169506849315068,,,,
Microtus miurus,,Rodentia,Cricetidae,Microtus,,,,0.0575342465753425,,,
Microtus montanus,,Rodentia,Cricetidae,Microtus,,,0.0682465753424658,0.0578904109589041,,,
Microtus montebelli,,Rodentia,Cricetidae,Microtus,,,,0.0609315068493151,,,
Microtus mujanensis,,Rodentia,Cricetidae,Microtus,,,,,,,
Microtus multiplex,,Rodentia,Cricetidae,Microtus,,,,,,,
Microtus oaxacensis,,Rodentia,Cricetidae,Microtus,,,,,,,
Microtus oregoni,,Rodentia,Cricetidae,Microtus,1.2,,0.0937808219178082,0.0652876712328767,,,
Microtus paradoxus,,Rodentia,Cricetidae,Microtus,,,,,,,
Microtus qazvinensis,,Rodentia,Cricetidae,Microtus,,,,,,,
Microtus quasiater,,Rodentia,Cricetidae,Microtus,,,,,,,
Microtus sachalinensis,,Rodentia,Cricetidae,Microtus,,,,,,,
Microtus savii,,Rodentia,Cricetidae,Microtus,,,,,,,
Microtus schelkovnikovi,,Rodentia,Cricetidae,Microtus,,,,,,,
Microtus schidlovskii,,Rodentia,Cricetidae,Microtus,,,,,,,
Microtus socialis,,Rodentia,Cricetidae,Microtus,,,,0.0534246575342466,,,
Microtus tatricus,,Rodentia,Cricetidae,Microtus,,,,,,,
Microtus thomasi,,Rodentia,Cricetidae,Microtus,,,,,,,
Microtus townsendii,,Rodentia,Cricetidae,Microtus,,,0.140520547945205,0.0635616438356164,,,
Microtus transcaspicus,,Rodentia,Cricetidae,Microtus,,,,,,,
Microtus umbrosus,,Rodentia,Cricetidae,Microtus,,,,,,,
Microtus xanthognathus,,Rodentia,Cricetidae,Microtus,,,,,,,
Millardia kathleenae,,Rodentia,Muridae,Millardia,,,,,,,
Millardia kondana,,Rodentia,Muridae,Millardia,,,,,,,
Millardia meltada,,Rodentia,Muridae,Millardia,,,0.207780821917808,0.0547945205479452,,,
Mimetillus moloneyi,,Chiroptera,Vespertilionidae,Mimetillus,,,,,,,
Mimon bennettii,,Chiroptera,Phyllostomidae,Mimon,,,,,,,
Mimon cozumelae,,Chiroptera,Phyllostomidae,Mimon,,,,,,,
Mimon crenulatum,,Chiroptera,Phyllostomidae,Mimon,,,,,,,
Mimon koepckeae,,Chiroptera,Phyllostomidae,Mimon,,,,,,,
Miniopterus africanus,,Chiroptera,Vespertilionidae,Miniopterus,,,,,,,
Miniopterus australis,,Chiroptera,Vespertilionidae,Miniopterus,,,1.13380821917808,0.363671232876712,,,
Miniopterus fraterculus,,Chiroptera,Vespertilionidae,Miniopterus,,,,0.424904109589041,,,
Miniopterus fuscus,,Chiroptera,Vespertilionidae,Miniopterus,,,,,,,
Miniopterus gleni,,Chiroptera,Vespertilionidae,Miniopterus,,,,,,,
Miniopterus inflatus,,Chiroptera,Vespertilionidae,Miniopterus,,,2.03413698630137,0.249972602739726,,,
Miniopterus macrocneme,,Chiroptera,Vespertilionidae,Miniopterus,,,,,,,
Miniopterus magnater,,Chiroptera,Vespertilionidae,Miniopterus,,,,,,,
Miniopterus majori,,Chiroptera,Vespertilionidae,Miniopterus,,,,,,,
Miniopterus manavi,,Chiroptera,Vespertilionidae,Miniopterus,,,,,,,
Miniopterus medius,,Chiroptera,Vespertilionidae,Miniopterus,,,,,,,
Miniopterus minor,,Chiroptera,Vespertilionidae,Miniopterus,,,,,,,
Miniopterus natalensis,,Chiroptera,Vespertilionidae,Miniopterus,,,,0.347616438356164,,,
Miniopterus paululus,,Chiroptera,Vespertilionidae,Miniopterus,,,,,,,
Miniopterus pusillus,,Chiroptera,Vespertilionidae,Miniopterus,,,,,,,
Miniopterus robustior,,Chiroptera,Vespertilionidae,Miniopterus,,,,,,,
Miniopterus shortridgei,,Chiroptera,Vespertilionidae,Miniopterus,,,,,,,
Miniopterus tristis,,Chiroptera,Vespertilionidae,Miniopterus,,,,,,,
Miopithecus ogouensis,,Primates,Cercopithecidae,Miopithecus,,,,,,,
Muntiacus gongshanensis,,Artiodactyla,Cervidae,Muntiacus,,,,,,,
Muntiacus puhoatensis,,Artiodactyla,Cervidae,Muntiacus,,,,,,,
Muntiacus putaoensis,,Artiodactyla,Cervidae,Muntiacus,,,,,,,
Muntiacus rooseveltorum,,Artiodactyla,Cervidae,Muntiacus,,,,0.582164383561644,,,
Muntiacus truongsonensis,,Artiodactyla,Cervidae,Muntiacus,,,,,,,
Muntiacus vuquangensis,,Artiodactyla,Cervidae,Muntiacus,,,,,,,
Murexechinus melanurus,,Dasyuromorphia,Dasyuridae,Murexechinus,,,1.02509589041096,,,,
Murexia longicaudata,,Dasyuromorphia,Dasyuridae,Murexia,,,,,,,
Necromys punctulatus,,Rodentia,Cricetidae,Necromys,,,,,,,
Necromys temchuki,,Rodentia,Cricetidae,Necromys,,,,,,,
Necromys urichi,,Rodentia,Cricetidae,Necromys,,,0.230767123287671,,,,
Nectogale elegans,,Eulipotyphla,Soricidae,Nectogale,,,,,,,
Nectomys apicalis,,Rodentia,Cricetidae,Nectomys,,,,,,,
Nectomys magdalenae,,Rodentia,Cricetidae,Nectomys,,,,,,,
Nectomys palmipes,,Rodentia,Cricetidae,Nectomys,,,,,,,
Nectomys rattus,,Rodentia,Cricetidae,Nectomys,,,,,,,
Nectomys squamipes,,Rodentia,Cricetidae,Nectomys,,,,,,,
Muriculus imberbis,,Rodentia,Muridae,Muriculus,,,,,,,
Murina aenea,,Chiroptera,Vespertilionidae,Murina,,,,,,,
Murina aurata,,Chiroptera,Vespertilionidae,Murina,,,,,,,
Murina cyclotis,,Chiroptera,Vespertilionidae,Murina,,,,,,,
Murina florium,,Chiroptera,Vespertilionidae,Murina,,,,,,,
Murina fusca,,Chiroptera,Vespertilionidae,Murina,,,,,,,
Murina grisea,,Chiroptera,Vespertilionidae,Murina,,,,,,,
Murina hilgendorfi,,Chiroptera,Vespertilionidae,Murina,,,,,,,
Murina huttoni,,Chiroptera,Vespertilionidae,Murina,,,,,,,
Murina leucogaster,,Chiroptera,Vespertilionidae,Murina,,,,,,,
Murina puta,,Chiroptera,Vespertilionidae,Murina,,,,,,,
Murina rozendaali,,Chiroptera,Vespertilionidae,Murina,,,,,,,
Murina ryukyuana,,Chiroptera,Vespertilionidae,Murina,,,,,,,
Murina silvatica,,Chiroptera,Vespertilionidae,Murina,,,,,,,
Murina suilla,,Chiroptera,Vespertilionidae,Murina,,,,,,,
Murina tenebrosa,,Chiroptera,Vespertilionidae,Murina,,,,,,,
Mesoplodon layardii,,Artiodactyla,Ziphiidae,Mesoplodon,,,,,,,
Mesoplodon mirus,,Artiodactyla,Ziphiidae,Mesoplodon,,,,,,,
Mesoplodon perrini,,Artiodactyla,Ziphiidae,Mesoplodon,,,,,,,
Mesoplodon peruvianus,,Artiodactyla,Ziphiidae,Mesoplodon,,,,,,,
Mesoplodon stejnegeri,,Artiodactyla,Ziphiidae,Mesoplodon,,,,,,,
Mesoplodon traversii,,Artiodactyla,Ziphiidae,Mesoplodon,,,,,,,
Micaelamys granti,,Rodentia,Muridae,Micaelamys,,,,,,,
Micaelamys namaquensis,,Rodentia,Muridae,Micaelamys,,,,0.0602465753424657,,,
Micoureus alstoni,,Didelphimorphia,Didelphidae,Micoureus,,,,,,,
Micoureus constantiae,,Didelphimorphia,Didelphidae,Micoureus,,,,,,,
Micoureus demerarae,,Didelphimorphia,Didelphidae,Micoureus,,,0.885287671232877,,,,
Micoureus paraguayanus,,Didelphimorphia,Didelphidae,Micoureus,,,,,,,
Micoureus phaeus,,Didelphimorphia,Didelphidae,Micoureus,,,,,,,
Micoureus regina,,Didelphimorphia,Didelphidae,Micoureus,,,,,,,
Microakodontomys transitorius,,Rodentia,Cricetidae,Microakodontomys,,,,,,,
Microcavia australis,,Rodentia,Caviidae,Microcavia,,,0.245397260273973,0.150438356164384,,,
Microcavia niata,,Rodentia,Caviidae,Microcavia,,,,0.147945205479452,,,
Microcavia shiptoni,,Rodentia,Caviidae,Microcavia,,,,0.147945205479452,,,
Microcebus berthae,,Primates,Cheirogaleidae,Microcebus,,,,,,,
Microcebus griseorufus,,Primates,Cheirogaleidae,Microcebus,,,,,,,
Microcebus myoxinus,,Primates,Cheirogaleidae,Microcebus,,,,0.164356164383562,,,
Microcebus ravelobensis,,Primates,Cheirogaleidae,Microcebus,,,,,,,
Microcebus sambiranensis,,Primates,Cheirogaleidae,Microcebus,,,,,,,
Microcebus tavaratra,,Primates,Cheirogaleidae,Microcebus,,,,,,,
Microdillus peeli,,Rodentia,Muridae,Microdillus,,,,,,,
Microdipodops pallidus,,Rodentia,Heteromyidae,Microdipodops,,,,,,,
Microgale brevicaudata,,Afrosoricida,Tenrecidae,Microgale,,,,,,,
Microgale dryas,,Afrosoricida,Tenrecidae,Microgale,,,,,,,
Microgale fotsifotsy,,Afrosoricida,Tenrecidae,Microgale,,,,,,,
Microgale gracilis,,Afrosoricida,Tenrecidae,Microgale,,,,,,,
Microgale gymnorhyncha,,Afrosoricida,Tenrecidae,Microgale,,,,,,,
Microgale longicaudata,,Afrosoricida,Tenrecidae,Microgale,,,,,,,
Microgale monticola,,Afrosoricida,Tenrecidae,Microgale,,,,,,,
Microgale nasoloi,,Afrosoricida,Tenrecidae,Microgale,,,,,,,
Microgale parvula,,Afrosoricida,Tenrecidae,Microgale,,,,,,,
Microgale principula,,Afrosoricida,Tenrecidae,Microgale,,,,,,,
Microgale pusilla,,Afrosoricida,Tenrecidae,Microgale,,,,,,,
Microgale soricoides,,Afrosoricida,Tenrecidae,Microgale,,,,,,,
Microgale taiva,,Afrosoricida,Tenrecidae,Microgale,,,,,,,
Microgale talazaci,,Afrosoricida,Tenrecidae,Microgale,5.8,,1.08101369863014,0.16641095890411,,,
Microhydromys musseri,,Rodentia,Muridae,Microhydromys,,,,,,,
Microhydromys richardsoni,,Rodentia,Muridae,Microhydromys,,,,,,,
Micromurexia habbema,,Dasyuromorphia,Dasyuridae,Micromurexia,,,,,,,
Micronycteris brosseti,,Chiroptera,Phyllostomidae,Micronycteris,,,,,,,
Micronycteris hirsuta,,Chiroptera,Phyllostomidae,Micronycteris,,,,,,,
Micronycteris homezi,,Chiroptera,Phyllostomidae,Micronycteris,,,,,,,
Micronycteris matses,,Chiroptera,Phyllostomidae,Micronycteris,,,,,,,
Micronycteris megalotis,,Chiroptera,Phyllostomidae,Micronycteris,,,,0.333315068493151,,,
Micronycteris microtis,,Chiroptera,Phyllostomidae,Micronycteris,,,,,,,
Micronycteris minuta,,Chiroptera,Phyllostomidae,Micronycteris,,,,,,,
Micronycteris sanborni,,Chiroptera,Phyllostomidae,Micronycteris,,,,,,,
Micronycteris schmidtorum,,Chiroptera,Phyllostomidae,Micronycteris,,,,,,,
Microperoryctes longicauda,,Peramelemorphia,Peramelidae,Microperoryctes,,,,,,,
Microperoryctes murina,,Peramelemorphia,Peramelidae,Microperoryctes,,,,,,,
Microperoryctes papuensis,,Peramelemorphia,Peramelidae,Microperoryctes,,,,,,,
Micropotamogale lamottei,,Afrosoricida,Tenrecidae,Micropotamogale,,,,,,,
Micropotamogale ruwenzorii,,Afrosoricida,Tenrecidae,Micropotamogale,,,,,,,
Micropteropus intermedius,,Chiroptera,Pteropodidae,Micropteropus,,,,,,,
Micropteropus pusillus,,Chiroptera,Pteropodidae,Micropteropus,,,0.553643835616438,0.443205479452055,,,
Microryzomys altissimus,,Rodentia,Cricetidae,Microryzomys,,,,,,,
Microryzomys minutus,,Rodentia,Cricetidae,Microryzomys,,,,,,,
Microsciurus alfari,,Rodentia,Sciuridae,Microsciurus,,,,,,,
Microsciurus flaviventer,,Rodentia,Sciuridae,Microsciurus,,,,,,,
Microsciurus mimulus,,Rodentia,Sciuridae,Microsciurus,,,,,,,
Microsciurus santanderensis,,Rodentia,Sciuridae,Microsciurus,,,,,,,
Microtus abbreviatus,,Rodentia,Cricetidae,Microtus,,,,0.0582739726027397,,,
Microtus anatolicus,,Rodentia,Cricetidae,Microtus,,,,,,,
Microtus bavaricus,,Rodentia,Cricetidae,Microtus,,,,,,,
Microtus brachycercus,,Rodentia,Cricetidae,Microtus,,,,,,,
Microtus breweri,,Rodentia,Cricetidae,Microtus,,,,0.0575342465753425,,,
Microtus cabrerae,,Rodentia,Cricetidae,Microtus,,,,,,,
Microtus californicus,,Rodentia,Cricetidae,Microtus,,,0.0652328767123288,0.058027397260274,,,
Microtus canicaudus,,Rodentia,Cricetidae,Microtus,,,0.0621095890410959,0.0629315068493151,,,
Microtus chrotorrhinus,,Rodentia,Cricetidae,Microtus,,,,0.0547945205479452,,,
Microtus clarkei,,Rodentia,Cricetidae,Microtus,,,,,,,
Microtus daghestanicus,,Rodentia,Cricetidae,Microtus,,,,,,,
Microtus dogramacii,,Rodentia,Cricetidae,Microtus,,,,,,,
Myotis rosseti,,Chiroptera,Vespertilionidae,Myotis,,,,,,,
Myotis ruber,,Chiroptera,Vespertilionidae,Myotis,,,,,,,
Myotis schaubi,,Chiroptera,Vespertilionidae,Myotis,,,,,,,
Myotis scotti,,Chiroptera,Vespertilionidae,Myotis,,,,,,,
Myotis septentrionalis,,Chiroptera,Vespertilionidae,Myotis,,,,,,,
Myotis sicarius,,Chiroptera,Vespertilionidae,Myotis,,,,,,,
Myotis siligorensis,,Chiroptera,Vespertilionidae,Myotis,,,,,,,
Myotis simus,,Chiroptera,Vespertilionidae,Myotis,,,,,,,
Myotis stalkeri,,Chiroptera,Vespertilionidae,Myotis,,,,,,,
Myotis tricolor,,Chiroptera,Vespertilionidae,Myotis,,,0.432438356164384,0.21213698630137,,,
Myotis welwitschii,,Chiroptera,Vespertilionidae,Myotis,,,,,,,
Myotis yanbarensis,,Chiroptera,Vespertilionidae,Myotis,,,,,,,
Myotis yesoensis,,Chiroptera,Vespertilionidae,Myotis,,,,,,,
Myotomys sloggetti,,Rodentia,Muridae,Myotomys,,,0.263041095890411,0.104109589041096,,,
Myotomys unisulcatus,,Rodentia,Muridae,Myotomys,,,0.129835616438356,0.100191780821918,,,
Mysateles garridoi,,Rodentia,Capromyidae,Mysateles,,,,,,,
Mysateles meridionalis,,Rodentia,Capromyidae,Mysateles,,,,,,,
Mysateles prehensilis,,Rodentia,Capromyidae,Mysateles,,,,,,,
Mystacina robusta,,Chiroptera,Mystacinidae,Mystacina,,,,,,,
Myzopoda aurita,,Chiroptera,Myzopodidae,Myzopoda,,,,,,,
Naemorhedus griseus,,Artiodactyla,Bovidae,Naemorhedus,17.3,,,,,,
Microtus evoronensis,,Rodentia,Cricetidae,Microtus,,,,,,,
Microtus felteni,,Rodentia,Cricetidae,Microtus,,,,,,,
Microtus gerbei,,Rodentia,Cricetidae,Microtus,,,,,,,
Microtus guatemalensis,,Rodentia,Cricetidae,Microtus,,,,,,,
Microtus ilaeus,,Rodentia,Cricetidae,Microtus,,,,,,,
Microtus irani,,Rodentia,Cricetidae,Microtus,,,,,,,
Microtus kikuchii,,Rodentia,Cricetidae,Microtus,,,,,,,
Microtus levis,,Rodentia,Cricetidae,Microtus,,,,,,,
Microtus liechtensteini,,Rodentia,Cricetidae,Microtus,,,,,,,
Microtus limnophilus,,Rodentia,Cricetidae,Microtus,,,,,,,
Murina tubinaris,,Chiroptera,Vespertilionidae,Murina,,,,,,,
Murina ussuriensis,,Chiroptera,Vespertilionidae,Murina,,,,,,,
Mus baoulei,,Rodentia,Muridae,Mus,,,,,,,
Mus booduga,,Rodentia,Muridae,Mus,,,,,,,
Mus bufo,,Rodentia,Muridae,Mus,,,,,,,
Mus callewaerti,,Rodentia,Muridae,Mus,,,,,,,
Mus cookii,,Rodentia,Muridae,Mus,,,,,,,
Mus crociduroides,,Rodentia,Muridae,Mus,,,,,,,
Mus famulus,,Rodentia,Muridae,Mus,,,,,,,
Mus fernandoni,,Rodentia,Muridae,Mus,,,,,,,
Mus fragilicauda,,Rodentia,Muridae,Mus,,,,,,,
Mus goundae,,Rodentia,Muridae,Mus,,,,,,,
Mus haussa,,Rodentia,Muridae,Mus,,,,,,,
Mus indutus,,Rodentia,Muridae,Mus,,,,,,,
Mus macedonicus,,Rodentia,Muridae,Mus,,,,,,,
Mus mahomet,,Rodentia,Muridae,Mus,,,,,,,
Mus mattheyi,,Rodentia,Muridae,Mus,,,,,,,
Mus mayori,,Rodentia,Muridae,Mus,,,,,,,
Mus neavei,,Rodentia,Muridae,Mus,,,,,,,
Mus orangiae,,Rodentia,Muridae,Mus,,,,,,,
Mus oubanguii,,Rodentia,Muridae,Mus,,,,,,,
Mus pahari,,Rodentia,Muridae,Mus,,,,,,,
Mus phillipsi,,Rodentia,Muridae,Mus,,,,,,,
Mus platythrix,,Rodentia,Muridae,Mus,,,,,,,
Mus saxicola,,Rodentia,Muridae,Mus,,,,,,,
Mus setulosus,,Rodentia,Muridae,Mus,,,,,,,
Mus setzeri,,Rodentia,Muridae,Mus,,,,,,,
Mus shortridgei,,Rodentia,Muridae,Mus,,,,,,,
Mus sorella,,Rodentia,Muridae,Mus,,,,,,,
Mus spretus,,Rodentia,Muridae,Mus,,,0.110575342465753,,,,
Mus tenellus,,Rodentia,Muridae,Mus,,,,,,,
Mus terricolor,,Rodentia,Muridae,Mus,,,,,,,
Mus triton,,Rodentia,Muridae,Mus,,,0.139315068493151,,,,
Mus vulcani,,Rodentia,Muridae,Mus,,,,,,,
Musonycteris harrisoni,,Chiroptera,Phyllostomidae,Musonycteris,,,,,,,
Mustela africana,,Carnivora,Mustelidae,Mustela,,,,,,,
Mustela felipei,,Carnivora,Mustelidae,Mustela,,,,,,,
Mustela itatsi,,Carnivora,Mustelidae,Mustela,,,,,,,
Mustela kathiah,,Carnivora,Mustelidae,Mustela,,,,,,,
Mustela lutreolina,,Carnivora,Mustelidae,Mustela,,,,,,,
Mustela nudipes,,Carnivora,Mustelidae,Mustela,,,,,,,
Mustela strigidorsa,,Carnivora,Mustelidae,Mustela,,,,,,,
Mustela subpalmata,,Carnivora,Mustelidae,Mustela,,,,,,,
Mydaus javanensis,,Carnivora,Mephitidae,Mydaus,,,,,,,
Mydaus marchei,,Carnivora,Mephitidae,Mydaus,,,,,,,
Mylomys dybowskii,,Rodentia,Muridae,Mylomys,,,,,,,
Mylomys rex,,Rodentia,Muridae,Mylomys,,,,,,,
Myodes andersoni,,Rodentia,Cricetidae,Myodes,,,,,,,
Myodes californicus,,Rodentia,Cricetidae,Myodes,,,,0.0493150684931507,,,
Myodes centralis,,Rodentia,Cricetidae,Myodes,,,,,,,
Myodes imaizumii,,Rodentia,Cricetidae,Myodes,,,,,,,
Myodes regulus,,Rodentia,Cricetidae,Myodes,,,,,,,
Myodes rex,,Rodentia,Cricetidae,Myodes,,,,,,,
Myodes rutilus,,Rodentia,Cricetidae,Myodes,,,,0.0656986301369863,,,
Myodes shanseius,,Rodentia,Cricetidae,Myodes,,,,,,,
Myodes smithii,,Rodentia,Cricetidae,Myodes,3.5,,,0.0520547945205479,,,
Myoictis melas,,Dasyuromorphia,Dasyuridae,Myoictis,,,,,,,
Myoictis wallacii,,Dasyuromorphia,Dasyuridae,Myoictis,,,,,,,
Myomimus personatus,,Rodentia,Gliridae,Myomimus,,,,,,,
Myomimus roachi,,Rodentia,Gliridae,Myomimus,,,,,,,
Myomimus setzeri,,Rodentia,Gliridae,Myomimus,,,,,,,
Myomyscus angolensis,,Rodentia,Muridae,Myomyscus,,,,,,,
Myomyscus brockmani,,Rodentia,Muridae,Myomyscus,,,,,,,
Myomyscus verreauxii,,Rodentia,Muridae,Myomyscus,,,,,,,
Myomyscus yemeni,,Rodentia,Muridae,Myomyscus,,,,,,,
Myonycteris brachycephala,,Chiroptera,Pteropodidae,Myonycteris,,,,,,,
Myonycteris relicta,,Chiroptera,Pteropodidae,Myonycteris,,,,,,,
Myonycteris torquata,,Chiroptera,Pteropodidae,Myonycteris,,,,,,,
Myoprocta pratti,,Rodentia,Dasyproctidae,Myoprocta,,,0.376493150684931,0.273013698630137,,,
Myopterus daubentonii,,Chiroptera,Molossidae,Myopterus,,,,,,,
Myopterus whitleyi,,Chiroptera,Molossidae,Myopterus,,,,,,,
Myosciurus pumilio,,Rodentia,Sciuridae,Myosciurus,,,,,,,
Myosorex babaulti,,Eulipotyphla,Soricidae,Myosorex,,,,,,,
Myosorex blarina,,Eulipotyphla,Soricidae,Myosorex,,,,,,,
Myosorex cafer,,Eulipotyphla,Soricidae,Myosorex,,,,,,,
Myosorex eisentrauti,,Eulipotyphla,Soricidae,Myosorex,,,,,,,
Myosorex geata,,Eulipotyphla,Soricidae,Myosorex,,,,,,,
Myosorex kihaulei,,Eulipotyphla,Soricidae,Myosorex,,,,,,,
Myosorex longicaudatus,,Eulipotyphla,Soricidae,Myosorex,,,,,,,
Myosorex okuensis,,Eulipotyphla,Soricidae,Myosorex,,,,,,,
Myosorex rumpii,,Eulipotyphla,Soricidae,Myosorex,,,,,,,
Myosorex schalleri,,Eulipotyphla,Soricidae,Myosorex,,,,,,,
Myosorex sclateri,,Eulipotyphla,Soricidae,Myosorex,,,,,,,
Myosorex tenuis,,Eulipotyphla,Soricidae,Myosorex,,,,,,,
Myosorex zinki,,Eulipotyphla,Soricidae,Myosorex,,,,,,,
Myospalax aspalax,,Rodentia,Spalacidae,Myospalax,,,,,,,
Myospalax myospalax,,Rodentia,Spalacidae,Myospalax,,,,,,,
Myospalax psilurus,,Rodentia,Spalacidae,Myospalax,,,,,,,
Myotis abei,,Chiroptera,Vespertilionidae,Myotis,,,,,,,
Myotis adversus,,Chiroptera,Vespertilionidae,Myotis,,,0.633123287671233,,,,
Myotis aelleni,,Chiroptera,Vespertilionidae,Myotis,,,,,,,
Myotis albescens,,Chiroptera,Vespertilionidae,Myotis,,,0.418520547945205,0.255287671232877,,,
Myotis alcathoe,,Chiroptera,Vespertilionidae,Myotis,,,,,,,
Myotis altarium,,Chiroptera,Vespertilionidae,Myotis,,,,,,,
Myotis anjouanensis,,Chiroptera,Vespertilionidae,Myotis,,,,,,,
Myotis annamiticus,,Chiroptera,Vespertilionidae,Myotis,,,,,,,
Myotis annectans,,Chiroptera,Vespertilionidae,Myotis,,,,,,,
Myotis atacamensis,,Chiroptera,Vespertilionidae,Myotis,,,,,,,
Myotis ater,,Chiroptera,Vespertilionidae,Myotis,,,,,,,
Myotis auriculus,,Chiroptera,Vespertilionidae,Myotis,3.2,,,,,,
Myotis australis,,Chiroptera,Vespertilionidae,Myotis,,,,,,,
Myotis austroriparius,,Chiroptera,Vespertilionidae,Myotis,6.0,,0.516931506849315,,,,
Myotis bocagii,,Chiroptera,Vespertilionidae,Myotis,,,,,,,
Myotis bombinus,,Chiroptera,Vespertilionidae,Myotis,,,,,,,
Myotis bucharensis,,Chiroptera,Vespertilionidae,Myotis,,,,,,,
Myotis californicus,,Chiroptera,Vespertilionidae,Myotis,15.0,,,,,,
Myotis capaccinii,,Chiroptera,Vespertilionidae,Myotis,,,1.03443835616438,0.150657534246575,,,
Myotis chiloensis,,Chiroptera,Vespertilionidae,Myotis,,,,,,,
Myotis chinensis,,Chiroptera,Vespertilionidae,Myotis,,,,,,,
Myotis ciliolabrum,,Chiroptera,Vespertilionidae,Myotis,,,,,,,
Myotis cobanensis,,Chiroptera,Vespertilionidae,Myotis,,,,,,,
Myotis csorbai,,Chiroptera,Vespertilionidae,Myotis,,,,,,,
Myotis davidii,,Chiroptera,Vespertilionidae,Myotis,,,,,,,
Myotis dominicensis,,Chiroptera,Vespertilionidae,Myotis,,,,,,,
Myotis elegans,,Chiroptera,Vespertilionidae,Myotis,,,,,,,
Myotis fimbriatus,,Chiroptera,Vespertilionidae,Myotis,,,,,,,
Myotis findleyi,,Chiroptera,Vespertilionidae,Myotis,,,,,,,
Myotis formosus,,Chiroptera,Vespertilionidae,Myotis,,,,,,,
Myotis fortidens,,Chiroptera,Vespertilionidae,Myotis,,,,,,,
Myotis frater,,Chiroptera,Vespertilionidae,Myotis,,,,,,,
Myotis gomantongensis,,Chiroptera,Vespertilionidae,Myotis,,,,,,,
Myotis goudoti,,Chiroptera,Vespertilionidae,Myotis,,,,,,,
Myotis hajastanicus,,Chiroptera,Vespertilionidae,Myotis,,,,,,,
Myotis hasseltii,,Chiroptera,Vespertilionidae,Myotis,,,,,,,
Myotis hermani,,Chiroptera,Vespertilionidae,Myotis,,,,,,,
Myotis horsfieldii,,Chiroptera,Vespertilionidae,Myotis,,,,,,,
Myotis hosonoi,,Chiroptera,Vespertilionidae,Myotis,,,,,,,
Myotis ikonnikovi,,Chiroptera,Vespertilionidae,Myotis,,,,,,,
Myotis insularum,,Chiroptera,Vespertilionidae,Myotis,,,,,,,
Myotis keaysi,,Chiroptera,Vespertilionidae,Myotis,,,,,,,
Myotis laniger,,Chiroptera,Vespertilionidae,Myotis,,,,,,,
Myotis levis,,Chiroptera,Vespertilionidae,Myotis,,,,,,,
Myotis longipes,,Chiroptera,Vespertilionidae,Myotis,,,,,,,
Myotis macrodactylus,,Chiroptera,Vespertilionidae,Myotis,,,,,,,
Myotis macropus,,Chiroptera,Vespertilionidae,Myotis,,,,,,,
Myotis macrotarsus,,Chiroptera,Vespertilionidae,Myotis,,,,,,,
Myotis martiniquensis,,Chiroptera,Vespertilionidae,Myotis,,,,,,,
Myotis melanorhinus,,Chiroptera,Vespertilionidae,Myotis,,,,,,,
Myotis moluccarum,,Chiroptera,Vespertilionidae,Myotis,,,,,,,
Myotis montivagus,,Chiroptera,Vespertilionidae,Myotis,,,,,,,
Myotis morrisi,,Chiroptera,Vespertilionidae,Myotis,,,,,,,
Myotis muricola,,Chiroptera,Vespertilionidae,Myotis,,,,,,,
Myotis nesopolus,,Chiroptera,Vespertilionidae,Myotis,,,,,,,
Myotis nipalensis,,Chiroptera,Vespertilionidae,Myotis,,,,,,,
Myotis occultus,,Chiroptera,Vespertilionidae,Myotis,,,,,,,
Myotis oreias,,Chiroptera,Vespertilionidae,Myotis,,,,,,,
Myotis oxygnathus,,Chiroptera,Vespertilionidae,Myotis,,,,,,,
Myotis oxyotus,,Chiroptera,Vespertilionidae,Myotis,,,,,,,
Myotis ozensis,,Chiroptera,Vespertilionidae,Myotis,,,,,,,
Myotis peninsularis,,Chiroptera,Vespertilionidae,Myotis,,,,,,,
Myotis pequinius,,Chiroptera,Vespertilionidae,Myotis,,,,,,,
Myotis planiceps,,Chiroptera,Vespertilionidae,Myotis,,,,,,,
Myotis pruinosus,,Chiroptera,Vespertilionidae,Myotis,,,,,,,
Myotis punicus,,Chiroptera,Vespertilionidae,Myotis,,,,,,,
Myotis ricketti,,Chiroptera,Vespertilionidae,Myotis,,,,,,,
Myotis ridleyi,,Chiroptera,Vespertilionidae,Myotis,,,,,,,
Myotis riparius,,Chiroptera,Vespertilionidae,Myotis,,,,,,,
Nannosciurus melanotis,,Rodentia,Sciuridae,Nannosciurus,,,,,,,
Nanonycteris veldkampii,,Chiroptera,Pteropodidae,Nanonycteris,,,,,,,
Nasuella olivacea,,Carnivora,Procyonidae,Nasuella,,,,,,,
Natalus jamaicensis,,Chiroptera,Natalidae,Natalus,,,,,,,
Natalus major,,Chiroptera,Natalidae,Natalus,,,,,,,
Natalus primus,,Chiroptera,Natalidae,Natalus,,,,,,,
Natalus stramineus,,Chiroptera,Natalidae,Natalus,4.8,,,0.670821917808219,,,
Natalus tumidirostris,,Chiroptera,Natalidae,Natalus,,,,,,,
Neacomys dubosti,,Rodentia,Cricetidae,Neacomys,,,,,,,
Neacomys guianae,,Rodentia,Cricetidae,Neacomys,,,,,,,
Neacomys minutus,,Rodentia,Cricetidae,Neacomys,,,,,,,
Neacomys musseri,,Rodentia,Cricetidae,Neacomys,,,,,,,
Neacomys paracou,,Rodentia,Cricetidae,Neacomys,,,,,,,
Neacomys pictus,,Rodentia,Cricetidae,Neacomys,,,,,,,
Neacomys spinosus,,Rodentia,Cricetidae,Neacomys,,,,,,,
Neacomys tenuipes,,Rodentia,Cricetidae,Neacomys,,,0.0854520547945205,,,,
Neamblysomus gunningi,,Afrosoricida,Chrysochloridae,Neamblysomus,,,,,,,
Neamblysomus julianae,,Afrosoricida,Chrysochloridae,Neamblysomus,,,,,,,
Necromys amoenus,,Rodentia,Cricetidae,Necromys,,,,,,,
Necromys benefactus,,Rodentia,Cricetidae,Necromys,,,,,,,
Necromys lactens,,Rodentia,Cricetidae,Necromys,,,,,,,
Necromys lasiurus,,Rodentia,Cricetidae,Necromys,,,0.107013698630137,0.0601917808219178,,,
Necromys lenguarum,,Rodentia,Cricetidae,Necromys,,,,,,,
Necromys obscurus,,Rodentia,Cricetidae,Necromys,,,,,,,
Nelsonia goldmani,,Rodentia,Cricetidae,Nelsonia,,,,,,,
Nelsonia neotomodon,,Rodentia,Cricetidae,Nelsonia,,,,,,,
Neodon forresti,,Rodentia,Cricetidae,Neodon,,,,,,,
Neodon irene,,Rodentia,Cricetidae,Neodon,,,,,,,
Neodon juldaschi,,Rodentia,Cricetidae,Neodon,,,,,,,
Neodon sikimensis,,Rodentia,Cricetidae,Neodon,,,,,,,
Neofiber alleni,,Rodentia,Cricetidae,Neofiber,,,0.262465753424657,0.0774246575342466,,,
Neohylomys hainanensis,,Eulipotyphla,Erinaceidae,Neohylomys,,,,,,,
Neomys teres,,Eulipotyphla,Soricidae,Neomys,,,,,,,
Neonycteris pusilla,,Chiroptera,Phyllostomidae,Neonycteris,,,,,,,
Neophascogale lorentzi,,Dasyuromorphia,Dasyuridae,Neophascogale,,,,,,,
Neopteryx frosti,,Chiroptera,Pteropodidae,Neopteryx,,,,,,,
Neoromicia brunneus,,Chiroptera,Vespertilionidae,Neoromicia,,,,,,,
Neoromicia capensis,,Chiroptera,Vespertilionidae,Neoromicia,,,,,,,
Neoromicia flavescens,,Chiroptera,Vespertilionidae,Neoromicia,,,,,,,
Neoromicia guineensis,,Chiroptera,Vespertilionidae,Neoromicia,,,,,,,
Neoromicia helios,,Chiroptera,Vespertilionidae,Neoromicia,,,,,,,
Neoromicia melckorum,,Chiroptera,Vespertilionidae,Neoromicia,,,,,,,
Neoromicia nanus,,Chiroptera,Vespertilionidae,Neoromicia,,,,0.207013698630137,,,
Neoromicia rendalli,,Chiroptera,Vespertilionidae,Neoromicia,,,,,,,
Neoromicia somalicus,,Chiroptera,Vespertilionidae,Neoromicia,,,,,,,
Neoromicia tenuipinnis,,Chiroptera,Vespertilionidae,Neoromicia,,,,,,,
Neoromicia zuluensis,,Chiroptera,Vespertilionidae,Neoromicia,,,,,,,
Neotetracus sinensis,,Eulipotyphla,Erinaceidae,Neotetracus,,,,,,,
Neotoma angustapalata,,Rodentia,Cricetidae,Neotoma,,,,,,,
Neotoma anthonyi,,Rodentia,Cricetidae,Neotoma,,,,,,,
Neotoma bryanti,,Rodentia,Cricetidae,Neotoma,,,,,,,
Neotoma bunkeri,,Rodentia,Cricetidae,Neotoma,,,,,,,
Neotoma chrysomelas,,Rodentia,Cricetidae,Neotoma,,,,,,,
Neotoma devia,,Rodentia,Cricetidae,Neotoma,,,,,,,
Neotoma fuscipes,,Rodentia,Cricetidae,Neotoma,,,,0.090986301369863,,,
Neotoma goldmani,,Rodentia,Cricetidae,Neotoma,,,,,,,
Neotoma leucodon,,Rodentia,Cricetidae,Neotoma,,,,,,,
Neotoma macrotis,,Rodentia,Cricetidae,Neotoma,,,,,,,
Neotoma magister,,Rodentia,Cricetidae,Neotoma,,,,0.0915890410958904,,,
Neotoma martinensis,,Rodentia,Cricetidae,Neotoma,,,,,,,
Neotoma mexicana,,Rodentia,Cricetidae,Neotoma,,,0.163890410958904,0.090986301369863,,,
Nyctophilus nebulosus,,Chiroptera,Vespertilionidae,Nyctophilus,,,,,,,
Nyctophilus timoriensis,,Chiroptera,Vespertilionidae,Nyctophilus,,,,,,,
Nyctophilus walkeri,,Chiroptera,Vespertilionidae,Nyctophilus,,,,,,,
Ochotona argentata,,Lagomorpha,Ochotonidae,Ochotona,,,,,,,
Ochotona cansus,,Lagomorpha,Ochotonidae,Ochotona,5.0,,1.13380821917808,0.0670958904109589,,,
Ochotona curzoniae,,Lagomorpha,Ochotonidae,Ochotona,,,,0.0616438356164384,,,
Ochotona erythrotis,,Lagomorpha,Ochotonidae,Ochotona,,,,,,,
Ochotona forresti,,Lagomorpha,Ochotonidae,Ochotona,,,,,,,
Ochotona gaoligongensis,,Lagomorpha,Ochotonidae,Ochotona,,,,,,,
Ochotona gloveri,,Lagomorpha,Ochotonidae,Ochotona,,,,,,,
Ochotona himalayana,,Lagomorpha,Ochotonidae,Ochotona,,,,,,,
Ochotona hoffmanni,,Lagomorpha,Ochotonidae,Ochotona,,,,,,,
Ochotona huangensis,,Lagomorpha,Ochotonidae,Ochotona,,,,,,,
Ochotona iliensis,,Lagomorpha,Ochotonidae,Ochotona,,,,,,,
Ochotona koslowi,,Lagomorpha,Ochotonidae,Ochotona,,,,,,,
Ochotona ladacensis,,Lagomorpha,Ochotonidae,Ochotona,,,,,,,
Ochotona macrotis,,Lagomorpha,Ochotonidae,Ochotona,,,1.01706849315069,,,,
Ochotona muliensis,,Lagomorpha,Ochotonidae,Ochotona,,,,,,,
Ochotona nigritia,,Lagomorpha,Ochotonidae,Ochotona,,,,,,,
Ochotona nubrica,,Lagomorpha,Ochotonidae,Ochotona,,,,,,,
Ochotona roylei,,Lagomorpha,Ochotonidae,Ochotona,,,0.919205479452055,,,,
Pelomys campanae,,Rodentia,Muridae,Pelomys,,,,,,,
Pelomys fallax,,Rodentia,Muridae,Pelomys,,,,,,,
Pelomys hopkinsi,,Rodentia,Muridae,Pelomys,,,,,,,
Pelomys isseli,,Rodentia,Muridae,Pelomys,,,,,,,
Pelomys minor,,Rodentia,Muridae,Pelomys,,,,,,,
Pentalagus furnessi,,Lagomorpha,Leporidae,Pentalagus,,,,,,,
Oecomys concolor,,Rodentia,Cricetidae,Oecomys,,,0.254246575342466,,,,
Oecomys flavicans,,Rodentia,Cricetidae,Oecomys,,,,,,,
Oecomys mamorae,,Rodentia,Cricetidae,Oecomys,,,,,,,
Oecomys paricola,,Rodentia,Cricetidae,Oecomys,,,,,,,
Oecomys phaeotis,,Rodentia,Cricetidae,Oecomys,,,,,,,
Oecomys rex,,Rodentia,Cricetidae,Oecomys,,,,,,,
Oecomys roberti,,Rodentia,Cricetidae,Oecomys,,,,,,,
Oecomys rutilus,,Rodentia,Cricetidae,Oecomys,,,,,,,
Oecomys speciosus,,Rodentia,Cricetidae,Oecomys,,,,,,,
Oecomys superans,,Rodentia,Cricetidae,Oecomys,,,,,,,
Oecomys trinitatis,,Rodentia,Cricetidae,Oecomys,,,,,,,
Oenomys hypoxanthus,,Rodentia,Muridae,Oenomys,,,0.320438356164384,,,,
Oenomys ornatus,,Rodentia,Muridae,Oenomys,,,,,,,
Olallamys albicauda,,Rodentia,Echimyidae,Olallamys,,,,,,,
Olallamys edax,,Rodentia,Echimyidae,Olallamys,,,,,,,
Oligoryzomys andinus,,Rodentia,Cricetidae,Oligoryzomys,,,,,,,
Oligoryzomys arenalis,,Rodentia,Cricetidae,Oligoryzomys,,,,,,,
Oligoryzomys brendae,,Rodentia,Cricetidae,Oligoryzomys,,,,,,,
Oligoryzomys chacoensis,,Rodentia,Cricetidae,Oligoryzomys,,,,,,,
Oligoryzomys delticola,,Rodentia,Cricetidae,Oligoryzomys,,,,,,,
Oligoryzomys destructor,,Rodentia,Cricetidae,Oligoryzomys,,,,,,,
Oligoryzomys eliurus,,Rodentia,Cricetidae,Oligoryzomys,,,,,,,
Oligoryzomys flavescens,,Rodentia,Cricetidae,Oligoryzomys,,,,,,,
Oligoryzomys fornesi,,Rodentia,Cricetidae,Oligoryzomys,,,,,,,
Oligoryzomys fulvescens,,Rodentia,Cricetidae,Oligoryzomys,,,,,,,
Oligoryzomys griseolus,,Rodentia,Cricetidae,Oligoryzomys,,,,,,,
Oligoryzomys longicaudatus,,Rodentia,Cricetidae,Oligoryzomys,,,0.075945205479452,,,,
Oligoryzomys magellanicus,,Rodentia,Cricetidae,Oligoryzomys,,,,,,,
Oligoryzomys microtis,,Rodentia,Cricetidae,Oligoryzomys,,,,,,,
Oligoryzomys nigripes,,Rodentia,Cricetidae,Oligoryzomys,,,0.129835616438356,,,,
Oligoryzomys stramineus,,Rodentia,Cricetidae,Oligoryzomys,,,,,,,
Oligoryzomys vegetus,,Rodentia,Cricetidae,Oligoryzomys,,,,,,,
Oligoryzomys victus,,Rodentia,Cricetidae,Oligoryzomys,,,,,,,
Onychogalea lunata,,Diprotodontia,Macropodidae,Onychogalea,,,,,,,
Onychomys arenicola,,Rodentia,Cricetidae,Onychomys,,,,,,,
Oryzomys curasoae,,Rodentia,Cricetidae,Oryzomys,,,,,,,
Oryzomys devius,,Rodentia,Cricetidae,Oryzomys,,,,,,,
Oryzomys dimidiatus,,Rodentia,Cricetidae,Oryzomys,,,,,,,
Oryzomys emmonsae,,Rodentia,Cricetidae,Oryzomys,,,,,,,
Oryzomys galapagoensis,,Rodentia,Cricetidae,Oryzomys,1.7,,,,,,
Oryzomys gorgasi,,Rodentia,Cricetidae,Oryzomys,,,,,,,
Oryzomys hammondi,,Rodentia,Cricetidae,Oryzomys,,,,,,,
Oryzomys keaysi,,Rodentia,Cricetidae,Oryzomys,,,,,,,
Oryzomys lamia,,Rodentia,Cricetidae,Oryzomys,,,,,,,
Oryzomys laticeps,,Rodentia,Cricetidae,Oryzomys,,,,,,,
Oryzomys legatus,,Rodentia,Cricetidae,Oryzomys,,,,,,,
Oryzomys levipes,,Rodentia,Cricetidae,Oryzomys,,,,,,,
Oryzomys macconnelli,,Rodentia,Cricetidae,Oryzomys,,,,,,,
Oryzomys maracajuensis,,Rodentia,Cricetidae,Oryzomys,,,,,,,
Oryzomys marinhus,,Rodentia,Cricetidae,Oryzomys,,,,,,,
Oryzomys megacephalus,,Rodentia,Cricetidae,Oryzomys,3.8,,0.147534246575342,0.0747397260273973,,,
Oryzomys melanotis,,Rodentia,Cricetidae,Oryzomys,,,,,,,
Oryzomys meridensis,,Rodentia,Cricetidae,Oryzomys,,,,,,,
Oryzomys nelsoni,,Rodentia,Cricetidae,Oryzomys,,,,,,,
Oryzomys nitidus,,Rodentia,Cricetidae,Oryzomys,,,,,,,
Oryzomys palustris,,Rodentia,Cricetidae,Oryzomys,2.4,,0.136767123287671,0.0677808219178082,,,
Oryzomys perenensis,,Rodentia,Cricetidae,Oryzomys,,,,,,,
Oryzomys polius,,Rodentia,Cricetidae,Oryzomys,,,,,,,
Oryzomys rhabdops,,Rodentia,Cricetidae,Oryzomys,,,,,,,
Oryzomys rostratus,,Rodentia,Cricetidae,Oryzomys,,,,,,,
Oryzomys russatus,,Rodentia,Cricetidae,Oryzomys,,,,,,,
Oryzomys saturatior,,Rodentia,Cricetidae,Oryzomys,,,,,,,
Oryzomys scotti,,Rodentia,Cricetidae,Oryzomys,,,,,,,
Neotoma nelsoni,,Rodentia,Cricetidae,Neotoma,,,,,,,
Neotoma palatina,,Rodentia,Cricetidae,Neotoma,,,,,,,
Neotoma phenax,,Rodentia,Cricetidae,Neotoma,,,,,,,
Neotoma stephensi,,Rodentia,Cricetidae,Neotoma,,,0.888575342465753,0.0867123287671233,,,
Neotomodon alstoni,,Rodentia,Cricetidae,Neotomodon,,,0.29213698630137,0.0747671232876712,,,
Neotomys ebriosus,,Rodentia,Cricetidae,Neotomys,,,,,,,
Neotragus batesi,,Artiodactyla,Bovidae,Neotragus,14.0,,1.00416438356164,0.496547945205479,,,
Neovison macrodon,,Carnivora,Mustelidae,Neovison,,,,,,,
Nesiotites hidalgo,,Eulipotyphla,Soricidae,Nesiotites,,,,,,,
Nesiotites similis,,Eulipotyphla,Soricidae,Nesiotites,,,,,,,
Nesokia bunnii,,Rodentia,Muridae,Nesokia,,,,,,,
Nesokia indica,,Rodentia,Muridae,Nesokia,,,,0.0465753424657534,,,
Nesolagus netscheri,,Lagomorpha,Leporidae,Nesolagus,,,,,,,
Nesolagus timminsi,,Lagomorpha,Leporidae,Nesolagus,,,,,,,
Nesomys audeberti,,Rodentia,Nesomyidae,Nesomys,,,,,,,
Nesomys lambertoni,,Rodentia,Nesomyidae,Nesomys,,,,,,,
Nesomys rufus,,Rodentia,Nesomyidae,Nesomys,,,,,,,
Nesophontes edithae,,Eulipotyphla,Nesophontidae,Nesophontes,,,,,,,
Nesophontes hypomicrus,,Eulipotyphla,Nesophontidae,Nesophontes,,,,,,,
Nesophontes longirostris,,Eulipotyphla,Nesophontidae,Nesophontes,,,,,,,
Nesophontes major,,Eulipotyphla,Nesophontidae,Nesophontes,,,,,,,
Nesophontes micrus,,Eulipotyphla,Nesophontidae,Nesophontes,,,,,,,
Nesophontes paramicrus,,Eulipotyphla,Nesophontidae,Nesophontes,,,,,,,
Nesophontes submicrus,,Eulipotyphla,Nesophontidae,Nesophontes,,,,,,,
Nesophontes superstes,,Eulipotyphla,Nesophontidae,Nesophontes,,,,,,,
Nesophontes zamicrus,,Eulipotyphla,Nesophontidae,Nesophontes,,,,,,,
Nesoromys ceramicus,,Rodentia,Muridae,Nesoromys,,,,,,,
Nesoryzomys darwini,,Rodentia,Cricetidae,Nesoryzomys,,,,,,,
Nesoryzomys fernandinae,,Rodentia,Cricetidae,Nesoryzomys,,,,,,,
Nesoryzomys indefessus,,Rodentia,Cricetidae,Nesoryzomys,,,,,,,
Nesoryzomys swarthi,,Rodentia,Cricetidae,Nesoryzomys,,,,,,,
Neusticomys monticolus,,Rodentia,Cricetidae,Neusticomys,,,,,,,
Neusticomys mussoi,,Rodentia,Cricetidae,Neusticomys,,,,,,,
Neusticomys oyapocki,,Rodentia,Cricetidae,Neusticomys,,,,,,,
Neusticomys peruviensis,,Rodentia,Cricetidae,Neusticomys,,,,,,,
Neusticomys venezuelae,,Rodentia,Cricetidae,Neusticomys,,,,,,,
Nilopegamys plumbeus,,Rodentia,Muridae,Nilopegamys,,,,,,,
Ningaui yvonnae,,Dasyuromorphia,Dasyuridae,Ningaui,,,,,,,
Niviventer andersoni,,Rodentia,Muridae,Niviventer,,,,,,,
Niviventer brahma,,Rodentia,Muridae,Niviventer,,,,,,,
Niviventer cameroni,,Rodentia,Muridae,Niviventer,,,,,,,
Niviventer confucianus,,Rodentia,Muridae,Niviventer,,,,,,,
Niviventer coninga,,Rodentia,Muridae,Niviventer,,,,,,,
Niviventer cremoriventer,,Rodentia,Muridae,Niviventer,,,,,,,
Niviventer culturatus,,Rodentia,Muridae,Niviventer,,,,,,,
Niviventer eha,,Rodentia,Muridae,Niviventer,,,,,,,
Niviventer excelsior,,Rodentia,Muridae,Niviventer,,,,,,,
Niviventer fraternus,,Rodentia,Muridae,Niviventer,,,,,,,
Niviventer fulvescens,,Rodentia,Muridae,Niviventer,,,,,,,
Niviventer hinpoon,,Rodentia,Muridae,Niviventer,,,,,,,
Niviventer langbianis,,Rodentia,Muridae,Niviventer,,,,,,,
Niviventer lepturus,,Rodentia,Muridae,Niviventer,,,,,,,
Niviventer niviventer,,Rodentia,Muridae,Niviventer,,,,,,,
Niviventer rapit,,Rodentia,Muridae,Niviventer,,,,,,,
Niviventer tenaster,,Rodentia,Muridae,Niviventer,,,,,,,
Noctilio albiventris,,Chiroptera,Noctilionidae,Noctilio,,,,,,,
Nomascus gabriellae,,Primates,Hylobatidae,Nomascus,,,,,,,
Nomascus hainanus,,Primates,Hylobatidae,Nomascus,,,,,,,
Nomascus siki,,Primates,Hylobatidae,Nomascus,,,,,,,
Noronhomys vespuccii,,Rodentia,Cricetidae,Noronhomys,,,,,,,
Notiomys edwardsii,,Rodentia,Cricetidae,Notiomys,,,,,,,
Notiosorex cockrumi,,Eulipotyphla,Soricidae,Notiosorex,,,,,,,
Notiosorex crawfordi,,Eulipotyphla,Soricidae,Notiosorex,1.2,,,,,,
Notiosorex evotis,,Eulipotyphla,Soricidae,Notiosorex,,,,,,,
Notiosorex villai,,Eulipotyphla,Soricidae,Notiosorex,,,,,,,
Notomys amplus,,Rodentia,Muridae,Notomys,,,,,,,
Notomys cervinus,,Rodentia,Muridae,Notomys,,,0.501561643835616,0.113808219178082,,,
Notomys fuscus,,Rodentia,Muridae,Notomys,,,0.222904109589041,0.0958630136986301,,,
Notomys longicaudatus,,Rodentia,Muridae,Notomys,,,,,,,
Notomys macrotis,,Rodentia,Muridae,Notomys,,,,,,,
Notomys mordax,,Rodentia,Muridae,Notomys,,,,,,,
Notopteris macdonaldi,,Chiroptera,Pteropodidae,Notopteris,,,,,,,
Notopteris neocaledonica,,Chiroptera,Pteropodidae,Notopteris,,,,,,,
Notoryctes caurinus,,Notoryctemorphia,Notoryctidae,Notoryctes,,,,,,,
Nyctalus aviator,,Chiroptera,Vespertilionidae,Nyctalus,,,,,,,
Nyctalus azoreum,,Chiroptera,Vespertilionidae,Nyctalus,,,,,,,
Nyctalus furvus,,Chiroptera,Vespertilionidae,Nyctalus,,,,,,,
Nyctalus lasiopterus,,Chiroptera,Vespertilionidae,Nyctalus,,,,,,,
Nyctalus montanus,,Chiroptera,Vespertilionidae,Nyctalus,,,,,,,
Nyctalus plancyi,,Chiroptera,Vespertilionidae,Nyctalus,,,,,,,
Nycteris arge,,Chiroptera,Nycteridae,Nycteris,,,,,,,
Nycteris aurita,,Chiroptera,Nycteridae,Nycteris,,,,,,,
Nycteris gambiensis,,Chiroptera,Nycteridae,Nycteris,,,,,,,
Nycteris grandis,,Chiroptera,Nycteridae,Nycteris,,,,,,,
Nycteris hispida,,Chiroptera,Nycteridae,Nycteris,,,,0.249972602739726,,,
Nycteris intermedia,,Chiroptera,Nycteridae,Nycteris,,,,,,,
Nycteris javanica,,Chiroptera,Nycteridae,Nycteris,,,,,,,
Nycteris macrotis,,Chiroptera,Nycteridae,Nycteris,,,,0.21427397260274,,,
Nycteris madagascariensis,,Chiroptera,Nycteridae,Nycteris,,,,,,,
Nycteris major,,Chiroptera,Nycteridae,Nycteris,,,,,,,
Nycteris nana,,Chiroptera,Nycteridae,Nycteris,,,,0.295808219178082,,,
Nycteris parisii,,Chiroptera,Nycteridae,Nycteris,,,,,,,
Nycteris thebaica,,Chiroptera,Nycteridae,Nycteris,,,,0.314931506849315,,,
Nycteris tragata,,Chiroptera,Nycteridae,Nycteris,,,,,,,
Nycteris vinsoni,,Chiroptera,Nycteridae,Nycteris,,,,,,,
Nycteris woodi,,Chiroptera,Nycteridae,Nycteris,,,,,,,
Nycticebus bengalensis,,Primates,Lorisidae,Nycticebus,,,,,,,
Nycticeinops schlieffeni,,Chiroptera,Vespertilionidae,Nycticeinops,,,,0.215424657534247,,,
Nycticeius aenobarbus,,Chiroptera,Vespertilionidae,Nycticeius,,,,,,,
Nycticeius cubanus,,Chiroptera,Vespertilionidae,Nycticeius,,,,,,,
Nyctiellus lepidus,,Chiroptera,Natalidae,Nyctiellus,,,,,,,
Nyctimene aello,,Chiroptera,Pteropodidae,Nyctimene,,,,,,,
Nyctimene albiventer,,Chiroptera,Pteropodidae,Nyctimene,,,,,,,
Nyctimene cephalotes,,Chiroptera,Pteropodidae,Nyctimene,,,,,,,
Nyctimene certans,,Chiroptera,Pteropodidae,Nyctimene,,,,,,,
Nyctimene cyclotis,,Chiroptera,Pteropodidae,Nyctimene,,,,,,,
Nyctimene draconilla,,Chiroptera,Pteropodidae,Nyctimene,,,,,,,
Nyctimene keasti,,Chiroptera,Pteropodidae,Nyctimene,,,,,,,
Nyctimene major,,Chiroptera,Pteropodidae,Nyctimene,,,,,,,
Nyctimene malaitensis,,Chiroptera,Pteropodidae,Nyctimene,,,,,,,
Nyctimene masalai,,Chiroptera,Pteropodidae,Nyctimene,,,,,,,
Nyctimene minutus,,Chiroptera,Pteropodidae,Nyctimene,,,,,,,
Nyctimene rabori,,Chiroptera,Pteropodidae,Nyctimene,,,0.810465753424658,0.378520547945205,,,
Nyctimene robinsoni,,Chiroptera,Pteropodidae,Nyctimene,,,,,,,
Nyctimene sanctacrucis,,Chiroptera,Pteropodidae,Nyctimene,,,,,,,
Nyctimene vizcaccia,,Chiroptera,Pteropodidae,Nyctimene,,,,,,,
Nyctinomops aurispinosus,,Chiroptera,Molossidae,Nyctinomops,,,,,,,
Nyctinomops femorosaccus,,Chiroptera,Molossidae,Nyctinomops,,,,,,,
Nyctinomops laticaudatus,,Chiroptera,Molossidae,Nyctinomops,,,,,,,
Nyctinomops macrotis,,Chiroptera,Molossidae,Nyctinomops,,,,,,,
Nyctophilus arnhemensis,,Chiroptera,Vespertilionidae,Nyctophilus,,,,,,,
Nyctophilus bifax,,Chiroptera,Vespertilionidae,Nyctophilus,,,,,,,
Nyctophilus geoffroyi,,Chiroptera,Vespertilionidae,Nyctophilus,,,,,,,
Nyctophilus gouldi,,Chiroptera,Vespertilionidae,Nyctophilus,,,0.895369863013699,0.0628493150684932,,,
Nyctophilus heran,,Chiroptera,Vespertilionidae,Nyctophilus,,,,,,,
Nyctophilus howensis,,Chiroptera,Vespertilionidae,Nyctophilus,,,,,,,
Nyctophilus microdon,,Chiroptera,Vespertilionidae,Nyctophilus,,,,,,,
Nyctophilus microtis,,Chiroptera,Vespertilionidae,Nyctophilus,,,,,,,
Ochotona rutila,,Lagomorpha,Ochotonidae,Ochotona,,,1.03443835616438,,,,
Ochotona thibetana,,Lagomorpha,Ochotonidae,Ochotona,,,,,,,
Ochotona thomasi,,Lagomorpha,Ochotonidae,Ochotona,,,,,,,
Ochotona turuchanensis,,Lagomorpha,Ochotonidae,Ochotona,,,,,,,
Octodon bridgesi,,Rodentia,Octodontidae,Octodon,,,,,,,
Octodon lunatus,,Rodentia,Octodontidae,Octodon,,,,,,,
Octodon pacificus,,Rodentia,Octodontidae,Octodon,,,,,,,
Octomys mimax,,Rodentia,Octodontidae,Octomys,,,,,,,
Oecomys auyantepui,,Rodentia,Cricetidae,Oecomys,,,,,,,
Oecomys bicolor,,Rodentia,Cricetidae,Oecomys,,,0.254246575342466,,,,
Oecomys catherinae,,Rodentia,Cricetidae,Oecomys,,,,,,,
Oecomys cleberi,,Rodentia,Cricetidae,Oecomys,,,,,,,
Oreonax flavicauda,,Primates,Atelidae,Oreonax,,,4.6127397260274,0.616438356164384,,,
Orthogeomys cavator,,Rodentia,Geomyidae,Orthogeomys,,,,,,,
Orthogeomys cherriei,,Rodentia,Geomyidae,Orthogeomys,,,,,,,
Orthogeomys cuniculus,,Rodentia,Geomyidae,Orthogeomys,,,,,,,
Orthogeomys dariensis,,Rodentia,Geomyidae,Orthogeomys,,,,,,,
Orthogeomys grandis,,Rodentia,Geomyidae,Orthogeomys,,,,,,,
Orthogeomys heterodus,,Rodentia,Geomyidae,Orthogeomys,,,,,,,
Orthogeomys hispidus,,Rodentia,Geomyidae,Orthogeomys,,,,,,,
Orthogeomys lanius,,Rodentia,Geomyidae,Orthogeomys,,,,,,,
Orthogeomys matagalpae,,Rodentia,Geomyidae,Orthogeomys,,,,,,,
Orthogeomys thaeleri,,Rodentia,Geomyidae,Orthogeomys,,,,,,,
Orthogeomys underwoodi,,Rodentia,Geomyidae,Orthogeomys,,,,,,,
Oryx beisa,,Artiodactyla,Bovidae,Oryx,20.0,,,,,,
Oryzomys albigularis,,Rodentia,Cricetidae,Oryzomys,,,,,,,
Oryzomys alfaroi,,Rodentia,Cricetidae,Oryzomys,,,,,,,
Oryzomys angouya,,Rodentia,Cricetidae,Oryzomys,,,,,,,
Oryzomys auriventer,,Rodentia,Cricetidae,Oryzomys,,,,,,,
Oryzomys balneator,,Rodentia,Cricetidae,Oryzomys,,,,,,,
Oryzomys bolivaris,,Rodentia,Cricetidae,Oryzomys,,,,,,,
Oryzomys caracolus,,Rodentia,Cricetidae,Oryzomys,,,,,,,
Oryzomys chapmani,,Rodentia,Cricetidae,Oryzomys,,,,,,,
Oryzomys couesi,,Rodentia,Cricetidae,Oryzomys,,,,,,,
Oryzomys seuanezi,,Rodentia,Cricetidae,Oryzomys,,,,,,,
Oryzomys subflavus,,Rodentia,Cricetidae,Oryzomys,,,,,,,
Oryzomys talamancae,,Rodentia,Cricetidae,Oryzomys,,,,,,,
Oryzomys tatei,,Rodentia,Cricetidae,Oryzomys,,,,,,,
Oryzomys xanthaeolus,,Rodentia,Cricetidae,Oryzomys,,,,,,,
Oryzomys yunganus,,Rodentia,Cricetidae,Oryzomys,,,,,,,
Oryzorictes hova,,Afrosoricida,Tenrecidae,Oryzorictes,,,,,,,
Oryzorictes tetradactylus,,Afrosoricida,Tenrecidae,Oryzorictes,,,,,,,
Osgoodomys banderanus,,Rodentia,Cricetidae,Osgoodomys,,,,,,,
Otolemur monteiri,,Primates,Galagidae,Otolemur,,,,,,,
Otomops formosus,,Chiroptera,Molossidae,Otomops,,,,,,,
Otomops johnstonei,,Chiroptera,Molossidae,Otomops,,,,,,,
Otomops madagascariensis,,Chiroptera,Molossidae,Otomops,,,,,,,
Otomops martiensseni,,Chiroptera,Molossidae,Otomops,,,1.01706849315069,0.253534246575342,,,
Otomops papuensis,,Chiroptera,Molossidae,Otomops,,,,,,,
Otomops secundus,,Chiroptera,Molossidae,Otomops,,,,,,,
Otomops wroughtoni,,Chiroptera,Molossidae,Otomops,,,,,,,
Otomys anchietae,,Rodentia,Muridae,Otomys,,,,,,,
Otomys angoniensis,,Rodentia,Muridae,Otomys,,,0.164,,,,
Otomys barbouri,,Rodentia,Muridae,Otomys,,,,,,,
Otomys burtoni,,Rodentia,Muridae,Otomys,,,,,,,
Otomys cuanzensis,,Rodentia,Muridae,Otomys,,,,,,,
Otomys dartmouthi,,Rodentia,Muridae,Otomys,,,,,,,
Otomys denti,,Rodentia,Muridae,Otomys,,,,,,,
Otomys dollmani,,Rodentia,Muridae,Otomys,,,,,,,
Otomys jacksoni,,Rodentia,Muridae,Otomys,,,,,,,
Otomys lacustris,,Rodentia,Muridae,Otomys,,,,,,,
Otomys laminatus,,Rodentia,Muridae,Otomys,,,,,,,
Otomys maximus,,Rodentia,Muridae,Otomys,,,,,,,
Otomys occidentalis,,Rodentia,Muridae,Otomys,,,,,,,
Otomys orestes,,Rodentia,Muridae,Otomys,,,,,,,
Otomys saundersiae,,Rodentia,Muridae,Otomys,,,,,,,
Otomys tropicalis,,Rodentia,Muridae,Otomys,,,,,,,
Otomys typus,,Rodentia,Muridae,Otomys,,,0.249972602739726,,,,
Otomys uzungwensis,,Rodentia,Muridae,Otomys,,,,,,,
Otonycteris hemprichii,,Chiroptera,Vespertilionidae,Otonycteris,,,,,,,
Otonyctomys hatti,,Rodentia,Cricetidae,Otonyctomys,,,,,,,
Otopteropus cartilagonodus,,Chiroptera,Pteropodidae,Otopteropus,,,,,,,
Ototylomys phyllotis,,Rodentia,Cricetidae,Ototylomys,,,0.0772054794520548,0.144493150684932,,,
Ovis nivicola,,Artiodactyla,Bovidae,Ovis,,,2.30635616438356,,,,
Oxymycterus akodontius,,Rodentia,Cricetidae,Oxymycterus,,,,,,,
Oxymycterus amazonicus,,Rodentia,Cricetidae,Oxymycterus,,,,,,,
Oxymycterus angularis,,Rodentia,Cricetidae,Oxymycterus,,,,,,,
Oxymycterus caparoae,,Rodentia,Cricetidae,Oxymycterus,,,,,,,
Oxymycterus dasytrichus,,Rodentia,Cricetidae,Oxymycterus,,,,,,,
Oxymycterus delator,,Rodentia,Cricetidae,Oxymycterus,,,,,,,
Oxymycterus hiska,,Rodentia,Cricetidae,Oxymycterus,,,,,,,
Oxymycterus hispidus,,Rodentia,Cricetidae,Oxymycterus,,,,,,,
Oxymycterus hucucha,,Rodentia,Cricetidae,Oxymycterus,,,,,,,
Oxymycterus inca,,Rodentia,Cricetidae,Oxymycterus,,,,,,,
Oxymycterus josei,,Rodentia,Cricetidae,Oxymycterus,,,,,,,
Oxymycterus nasutus,,Rodentia,Cricetidae,Oxymycterus,,,,,,,
Oxymycterus paramensis,,Rodentia,Cricetidae,Oxymycterus,,,,,,,
Oxymycterus quaestor,,Rodentia,Cricetidae,Oxymycterus,,,,,,,
Oxymycterus roberti,,Rodentia,Cricetidae,Oxymycterus,,,,,,,
Oxymycterus rufus,,Rodentia,Cricetidae,Oxymycterus,2.6,,0.248657534246575,,,,
Palawanomys furvus,,Rodentia,Muridae,Palawanomys,,,,,,,
Phocoena dioptrica,,Artiodactyla,Phocoenidae,Phocoena,,,,,,,
Phocoena sinus,,Artiodactyla,Phocoenidae,Phocoena,,,,,,,
Phocoena spinipinnis,,Artiodactyla,Phocoenidae,Phocoena,,,,,,,
Phoniscus aerosa,,Chiroptera,Vespertilionidae,Phoniscus,,,,,,,
Phoniscus atrox,,Chiroptera,Vespertilionidae,Phoniscus,,,,,,,
Phoniscus jagorii,,Chiroptera,Vespertilionidae,Phoniscus,,,,0.342849315068493,,,
Phoniscus papuensis,,Chiroptera,Vespertilionidae,Phoniscus,,,,,,,
Phylloderma stenops,,Chiroptera,Phyllostomidae,Phylloderma,,,,,,,
Phyllomys blainvillii,,Rodentia,Echimyidae,Phyllomys,,,,,,,
Phyllomys brasiliensis,,Rodentia,Echimyidae,Phyllomys,,,,,,,
Phyllomys dasythrix,,Rodentia,Echimyidae,Phyllomys,,,,,,,
Pantholops hodgsonii,,Artiodactyla,Bovidae,Pantholops,,,,0.583315068493151,,,
Papagomys armandvillei,,Rodentia,Muridae,Papagomys,,,,,,,
Papagomys theodorverhoeveni,,Rodentia,Muridae,Papagomys,,,,,,,
Papio anubis,,Primates,Cercopithecidae,Papio,25.2,,,0.490301369863014,,,
Papio cynocephalus,,Primates,Cercopithecidae,Papio,45.0,,7.01523287671233,0.473945205479452,,,
Papio papio,,Primates,Cercopithecidae,Papio,40.0,,,0.505260273972603,,,
Papio ursinus,,Primates,Cercopithecidae,Papio,45.0,,4.22835616438356,0.509369863013699,,,
Pappogeomys alcorni,,Rodentia,Geomyidae,Pappogeomys,,,,,,,
Pappogeomys bulleri,,Rodentia,Geomyidae,Pappogeomys,,,,,,,
Paracoelops megalotis,,Chiroptera,Hipposideridae,Paracoelops,,,,,,,
Paracrocidura graueri,,Eulipotyphla,Soricidae,Paracrocidura,,,,,,,
Paracrocidura maxima,,Eulipotyphla,Soricidae,Paracrocidura,,,,,,,
Paracrocidura schoutedeni,,Eulipotyphla,Soricidae,Paracrocidura,,,,,,,
Paracynictis selousi,,Carnivora,Herpestidae,Paracynictis,,,,,,,
Paradipus ctenodactylus,,Rodentia,Dipodidae,Paradipus,,,,,,,
Paradoxurus jerdoni,,Carnivora,Viverridae,Paradoxurus,12.0,,,,,,
Paradoxurus zeylonensis,,Carnivora,Viverridae,Paradoxurus,,,,,,,
Paraechinus micropus,,Eulipotyphla,Erinaceidae,Paraechinus,,,,0.101369863013699,,,
Paraechinus nudiventris,,Eulipotyphla,Erinaceidae,Paraechinus,,,,,,,
Parahydromys asper,,Rodentia,Muridae,Parahydromys,,,,,,,
Paraleptomys rufilatus,,Rodentia,Muridae,Paraleptomys,,,,,,,
Paraleptomys wilhelmina,,Rodentia,Muridae,Paraleptomys,,,,,,,
Paralomys gerbillus,,Rodentia,Cricetidae,Paralomys,,,,,,,
Paramelomys gressitti,,Rodentia,Muridae,Paramelomys,,,,,,,
Paramelomys levipes,,Rodentia,Muridae,Paramelomys,,,,,,,
Paramelomys lorentzii,,Rodentia,Muridae,Paramelomys,,,,,,,
Paramelomys mollis,,Rodentia,Muridae,Paramelomys,,,,,,,
Paramelomys moncktoni,,Rodentia,Muridae,Paramelomys,,,0.455671232876712,,,,
Paramelomys naso,,Rodentia,Muridae,Paramelomys,,,,,,,
Paramelomys platyops,,Rodentia,Muridae,Paramelomys,,,,,,,
Paramelomys rubex,,Rodentia,Muridae,Paramelomys,,,,,,,
Paramelomys steini,,Rodentia,Muridae,Paramelomys,,,,,,,
Paramurexia rothschildi,,Dasyuromorphia,Dasyuridae,Paramurexia,,,,,,,
Paranyctimene raptor,,Chiroptera,Pteropodidae,Paranyctimene,,,,,,,
Paranyctimene tenax,,Chiroptera,Pteropodidae,Paranyctimene,,,,,,,
Parascaptor leucura,,Eulipotyphla,Talpidae,Parascaptor,,,,,,,
Paraxerus alexandri,,Rodentia,Sciuridae,Paraxerus,,,,,,,
Paraxerus boehmi,,Rodentia,Sciuridae,Paraxerus,,,,,,,
Paraxerus cooperi,,Rodentia,Sciuridae,Paraxerus,,,,,,,
Paraxerus flavovittis,,Rodentia,Sciuridae,Paraxerus,,,,,,,
Paraxerus lucifer,,Rodentia,Sciuridae,Paraxerus,,,,,,,
Paraxerus ochraceus,,Rodentia,Sciuridae,Paraxerus,,,,,,,
Paraxerus palliatus,,Rodentia,Sciuridae,Paraxerus,,,,0.169890410958904,,,
Paraxerus vexillarius,,Rodentia,Sciuridae,Paraxerus,,,,,,,
Paraxerus vincenti,,Rodentia,Sciuridae,Paraxerus,,,,,,,
Parotomys brantsii,,Rodentia,Muridae,Parotomys,,,0.108712328767123,0.102904109589041,,,
Parotomys littledalei,,Rodentia,Muridae,Parotomys,,,,,,,
Paruromys dominator,,Rodentia,Muridae,Paruromys,,,,,,,
Paulamys naso,,Rodentia,Muridae,Paulamys,,,,,,,
Pearsonomys annectens,,Rodentia,Cricetidae,Pearsonomys,,,,,,,
Pedetes surdaster,,Rodentia,Pedetidae,Pedetes,,,,,,,
Penthetor lucasi,,Chiroptera,Pteropodidae,Penthetor,,,,,,,
Perameles eremiana,,Peramelemorphia,Peramelidae,Perameles,,,,,,,
Perognathus alticolus,,Rodentia,Heteromyidae,Perognathus,,,,,,,
Perognathus fasciatus,,Rodentia,Heteromyidae,Perognathus,,,,0.0816438356164384,,,
Perognathus inornatus,,Rodentia,Heteromyidae,Perognathus,,,,,,,
Peromyscus attwateri,,Rodentia,Cricetidae,Peromyscus,1.5,,,,,,
Peromyscus aztecus,,Rodentia,Cricetidae,Peromyscus,,,,,,,
Peromyscus beatae,,Rodentia,Cricetidae,Peromyscus,,,,,,,
Peromyscus boylii,,Rodentia,Cricetidae,Peromyscus,1.5,,0.155260273972603,0.0638356164383562,,,
Peromyscus bullatus,,Rodentia,Cricetidae,Peromyscus,,,,,,,
Peromyscus caniceps,,Rodentia,Cricetidae,Peromyscus,,,,,,,
Peromyscus dickeyi,,Rodentia,Cricetidae,Peromyscus,,,,,,,
Peromyscus difficilis,,Rodentia,Cricetidae,Peromyscus,,,,,,,
Peromyscus eva,,Rodentia,Cricetidae,Peromyscus,,,,,,,
Peromyscus fraterculus,,Rodentia,Cricetidae,Peromyscus,,,,,,,
Peromyscus furvus,,Rodentia,Cricetidae,Peromyscus,,,,,,,
Peromyscus gossypinus,,Rodentia,Cricetidae,Peromyscus,1.3,,0.135835616438356,0.063013698630137,,,
Peromyscus grandis,,Rodentia,Cricetidae,Peromyscus,,,,,,,
Peromyscus gratus,,Rodentia,Cricetidae,Peromyscus,,,,,,,
Peromyscus guardia,,Rodentia,Cricetidae,Peromyscus,,,,,,,
Peromyscus gymnotis,,Rodentia,Cricetidae,Peromyscus,,,,,,,
Peromyscus hooperi,,Rodentia,Cricetidae,Peromyscus,,,0.214328767123288,0.0917808219178082,,,
Peromyscus hylocetes,,Rodentia,Cricetidae,Peromyscus,,,,,,,
Peromyscus interparietalis,,Rodentia,Cricetidae,Peromyscus,,,,,,,
Peromyscus keeni,,Rodentia,Cricetidae,Peromyscus,,,,,,,
Peromyscus levipes,,Rodentia,Cricetidae,Peromyscus,,,,,,,
Pteronotus parnellii,,Chiroptera,Mormoopidae,Pteronotus,,,,0.295808219178082,,,
Pteronotus personatus,,Chiroptera,Mormoopidae,Pteronotus,,,,,,,
Pteronotus pristinus,,Chiroptera,Mormoopidae,Pteronotus,,,,,,,
Pteronotus quadridens,,Chiroptera,Mormoopidae,Pteronotus,,,,0.428575342465753,,,
Pteropus admiralitatum,,Chiroptera,Pteropodidae,Pteropus,,,,,,,
Pteropus aldabrensis,,Chiroptera,Pteropodidae,Pteropus,,,,,,,
Pteropus anetianus,,Chiroptera,Pteropodidae,Pteropus,,,,,,,
Pteropus aruensis,,Chiroptera,Pteropodidae,Pteropus,,,,,,,
Pteropus banakrisi,,Chiroptera,Pteropodidae,Pteropus,,,,,,,
Pteropus brunneus,,Chiroptera,Pteropodidae,Pteropus,,,,,,,
Pteropus caniceps,,Chiroptera,Pteropodidae,Pteropus,,,,,,,
Pteropus capistratus,,Chiroptera,Pteropodidae,Pteropus,,,,,,,
Peromyscus madrensis,,Rodentia,Cricetidae,Peromyscus,,,,,,,
Peromyscus mayensis,,Rodentia,Cricetidae,Peromyscus,,,,,,,
Peromyscus megalops,,Rodentia,Cricetidae,Peromyscus,,,0.148465753424658,,,,
Peromyscus mekisturus,,Rodentia,Cricetidae,Peromyscus,,,,,,,
Peromyscus melanocarpus,,Rodentia,Cricetidae,Peromyscus,,,0.250520547945205,0.0832602739726027,,,
Peromyscus melanophrys,,Rodentia,Cricetidae,Peromyscus,,,,0.0676712328767123,,,
Peromyscus melanotis,,Rodentia,Cricetidae,Peromyscus,,,,0.0685205479452055,,,
Peromyscus melanurus,,Rodentia,Cricetidae,Peromyscus,,,,,,,
Peromyscus merriami,,Rodentia,Cricetidae,Peromyscus,,,,,,,
Peromyscus mexicanus,,Rodentia,Cricetidae,Peromyscus,,,0.145315068493151,0.0827123287671233,,,
Peromyscus nasutus,,Rodentia,Cricetidae,Peromyscus,,,,,,,
Peromyscus ochraventer,,Rodentia,Cricetidae,Peromyscus,,,,,,,
Peromyscus pectoralis,,Rodentia,Cricetidae,Peromyscus,,,,0.063013698630137,,,
Peromyscus pembertoni,,Rodentia,Cricetidae,Peromyscus,,,,,,,
Peromyscus perfulvus,,Rodentia,Cricetidae,Peromyscus,,,,0.118465753424658,,,
Peromyscus polius,,Rodentia,Cricetidae,Peromyscus,,,,,,,
Peromyscus pseudocrinitus,,Rodentia,Cricetidae,Peromyscus,,,,,,,
Peromyscus sagax,,Rodentia,Cricetidae,Peromyscus,,,,,,,
Peromyscus sejugis,,Rodentia,Cricetidae,Peromyscus,,,,,,,
Peromyscus simulus,,Rodentia,Cricetidae,Peromyscus,,,,,,,
Peromyscus slevini,,Rodentia,Cricetidae,Peromyscus,,,,,,,
Peromyscus spicilegus,,Rodentia,Cricetidae,Peromyscus,,,,,,,
Peromyscus stephani,,Rodentia,Cricetidae,Peromyscus,,,,,,,
Peromyscus stirtoni,,Rodentia,Cricetidae,Peromyscus,,,,,,,
Peromyscus winkelmanni,,Rodentia,Cricetidae,Peromyscus,,,,,,,
Peromyscus yucatanicus,,Rodentia,Cricetidae,Peromyscus,,,0.135205479452055,0.0843835616438356,,,
Peromyscus zarhynchus,,Rodentia,Cricetidae,Peromyscus,,,,,,,
Peropteryx kappleri,,Chiroptera,Emballonuridae,Peropteryx,,,,0.377972602739726,,,
Peropteryx leucoptera,,Chiroptera,Emballonuridae,Peropteryx,,,,,,,
Peropteryx macrotis,,Chiroptera,Emballonuridae,Peropteryx,,,,0.354164383561644,,,
Peropteryx trinitatis,,Chiroptera,Emballonuridae,Peropteryx,,,,,,,
Peroryctes broadbenti,,Peramelemorphia,Peramelidae,Peroryctes,,,,0.0328767123287671,,,
Petaurillus emiliae,,Rodentia,Sciuridae,Petaurillus,,,,,,,
Petaurillus hosei,,Rodentia,Sciuridae,Petaurillus,,,,,,,
Petaurillus kinlochii,,Rodentia,Sciuridae,Petaurillus,,,,,,,
Petaurista elegans,,Rodentia,Sciuridae,Petaurista,,,,,,,
Petaurista nobilis,,Rodentia,Sciuridae,Petaurista,,,,,,,
Petaurista xanthotis,,Rodentia,Sciuridae,Petaurista,,,,,,,
Petaurus abidi,,Diprotodontia,Petauridae,Petaurus,,,,,,,
Petaurus biacensis,,Diprotodontia,Petauridae,Petaurus,,,,,,,
Petaurus gracilis,,Diprotodontia,Petauridae,Petaurus,,,,,,,
Petinomys crinitus,,Rodentia,Sciuridae,Petinomys,,,,,,,
Petinomys fuscocapillus,,Rodentia,Sciuridae,Petinomys,,,,,,,
Petinomys genibarbis,,Rodentia,Sciuridae,Petinomys,,,,,,,
Petinomys hageni,,Rodentia,Sciuridae,Petinomys,,,,,,,
Petinomys lugens,,Rodentia,Sciuridae,Petinomys,,,,,,,
Petinomys mindanensis,,Rodentia,Sciuridae,Petinomys,,,,,,,
Petinomys sagitta,,Rodentia,Sciuridae,Petinomys,,,,,,,
Petinomys setosus,,Rodentia,Sciuridae,Petinomys,,,,,,,
Petinomys vordermanni,,Rodentia,Sciuridae,Petinomys,,,,,,,
Petrogale burbidgei,,Diprotodontia,Macropodidae,Petrogale,,,,,,,
Petrogale coenensis,,Diprotodontia,Macropodidae,Petrogale,,,,,,,
Petrogale godmani,,Diprotodontia,Macropodidae,Petrogale,,,,,,,
Petrogale herberti,,Diprotodontia,Macropodidae,Petrogale,,,,,,,
Petrogale inornata,,Diprotodontia,Macropodidae,Petrogale,,,1.67742465753425,0.0849041095890411,,,
Petrogale mareeba,,Diprotodontia,Macropodidae,Petrogale,,,,,,,
Petrogale persephone,,Diprotodontia,Macropodidae,Petrogale,,,2.12164383561644,0.0876712328767123,,,
Petrogale purpureicollis,,Diprotodontia,Macropodidae,Petrogale,,,,,,,
Petrogale rothschildi,,Diprotodontia,Macropodidae,Petrogale,,,,,,,
Petrogale sharmani,,Diprotodontia,Macropodidae,Petrogale,,,,,,,
Petromyscus barbouri,,Rodentia,Nesomyidae,Petromyscus,,,,,,,
Petromyscus collinus,,Rodentia,Nesomyidae,Petromyscus,,,,,,,
Petromyscus monticularis,,Rodentia,Nesomyidae,Petromyscus,,,,,,,
Petromyscus shortridgei,,Rodentia,Nesomyidae,Petromyscus,,,,,,,
Petropseudes dahli,,Diprotodontia,Pseudocheiridae,Petropseudes,,,,,,,
Phacochoerus aethiopicus,,Artiodactyla,Suidae,Phacochoerus,18.8,,1.72909589041096,0.453150684931507,,,
Phaenomys ferrugineus,,Rodentia,Cricetidae,Phaenomys,,,,,,,
Phaiomys leucurus,,Rodentia,Cricetidae,Phaiomys,,,,,,,
Phalanger alexandrae,,Diprotodontia,Phalangeridae,Phalanger,,,,,,,
Phalanger carmelitae,,Diprotodontia,Phalangeridae,Phalanger,,,,,,,
Phalanger intercastellanus,,Diprotodontia,Phalangeridae,Phalanger,,,,,,,
Phalanger lullulae,,Diprotodontia,Phalangeridae,Phalanger,,,,,,,
Phalanger matabiru,,Diprotodontia,Phalangeridae,Phalanger,,,,,,,
Phalanger matanim,,Diprotodontia,Phalangeridae,Phalanger,,,,,,,
Phalanger mimicus,,Diprotodontia,Phalangeridae,Phalanger,,,,,,,
Phalanger ornatus,,Diprotodontia,Phalangeridae,Phalanger,,,,,,,
Phalanger rothschildi,,Diprotodontia,Phalangeridae,Phalanger,,,,,,,
Phalanger sericeus,,Diprotodontia,Phalangeridae,Phalanger,,,,,,,
Phalanger vestitus,,Diprotodontia,Phalangeridae,Phalanger,,,,,,,
Phaner electromontis,,Primates,Cheirogaleidae,Phaner,,,,,,,
Phaner pallescens,,Primates,Cheirogaleidae,Phaner,,,,,,,
Phaner parienti,,Primates,Cheirogaleidae,Phaner,,,,,,,
Pharotis imogene,,Chiroptera,Vespertilionidae,Pharotis,,,,,,,
Phascolosorex doriae,,Dasyuromorphia,Dasyuridae,Phascolosorex,,,,,,,
Phascolosorex dorsalis,,Dasyuromorphia,Dasyuridae,Phascolosorex,,,,,,,
Phascomurexia naso,,Dasyuromorphia,Dasyuridae,Phascomurexia,,,1.02509589041096,,,,
Philander frenatus,,Didelphimorphia,Didelphidae,Philander,,,,,,,
Philander mcilhennyi,,Didelphimorphia,Didelphidae,Philander,2.3,,,,,,
Philetor brachypterus,,Chiroptera,Vespertilionidae,Philetor,,,,,,,
Phyllomys kerri,,Rodentia,Echimyidae,Phyllomys,,,,,,,
Phyllomys lamarum,,Rodentia,Echimyidae,Phyllomys,,,,,,,
Phyllomys lundi,,Rodentia,Echimyidae,Phyllomys,,,,,,,
Phyllomys mantiqueirensis,,Rodentia,Echimyidae,Phyllomys,,,,,,,
Phyllomys medius,,Rodentia,Echimyidae,Phyllomys,,,,,,,
Phyllomys nigrispinus,,Rodentia,Echimyidae,Phyllomys,,,,,,,
Phyllomys pattoni,,Rodentia,Echimyidae,Phyllomys,,,,,,,
Phyllomys thomasi,,Rodentia,Echimyidae,Phyllomys,,,,,,,
Phyllomys unicolor,,Rodentia,Echimyidae,Phyllomys,,,,,,,
Phyllonycteris aphylla,,Chiroptera,Phyllostomidae,Phyllonycteris,,,,,,,
Phyllonycteris major,,Chiroptera,Phyllostomidae,Phyllonycteris,,,,,,,
Phyllonycteris poeyi,,Chiroptera,Phyllostomidae,Phyllonycteris,,,,,,,
Phyllops falcatus,,Chiroptera,Phyllostomidae,Phyllops,,,,,,,
Phyllostomus elongatus,,Chiroptera,Phyllostomidae,Phyllostomus,,,,,,,
Procyon pygmaeus,,Carnivora,Procyonidae,Procyon,,,,,,,
Proechimys canicollis,,Rodentia,Echimyidae,Proechimys,,,,,,,
Proechimys chrysaeolus,,Rodentia,Echimyidae,Proechimys,,,,,,,
Proechimys cuvieri,,Rodentia,Echimyidae,Proechimys,,,,,,,
Proechimys decumanus,,Rodentia,Echimyidae,Proechimys,,,,,,,
Proechimys echinothrix,,Rodentia,Echimyidae,Proechimys,,,,,,,
Proechimys gardneri,,Rodentia,Echimyidae,Proechimys,,,,,,,
Proechimys goeldii,,Rodentia,Echimyidae,Proechimys,,,,,,,
Proechimys hoplomyoides,,Rodentia,Echimyidae,Proechimys,,,,,,,
Proechimys kulinae,,Rodentia,Echimyidae,Proechimys,,,,,,,
Proechimys longicaudatus,,Rodentia,Echimyidae,Proechimys,,,,,,,
Proechimys magdalenae,,Rodentia,Echimyidae,Proechimys,,,,,,,
Proechimys mincae,,Rodentia,Echimyidae,Proechimys,,,,,,,
Proechimys oconnelli,,Rodentia,Echimyidae,Proechimys,,,,,,,
Proechimys pattoni,,Rodentia,Echimyidae,Proechimys,,,,,,,
Proechimys poliopus,,Rodentia,Echimyidae,Proechimys,,,,,,,
Proechimys quadruplicatus,,Rodentia,Echimyidae,Proechimys,,,,,,,
Proechimys roberti,,Rodentia,Echimyidae,Proechimys,,,,,,,
Proechimys simonsi,,Rodentia,Echimyidae,Proechimys,,,,,,,
Proechimys steerei,,Rodentia,Echimyidae,Proechimys,,,,,,,
Proechimys trinitatus,,Rodentia,Echimyidae,Proechimys,,,,,,,
Proechimys urichi,,Rodentia,Echimyidae,Proechimys,,,,,,,
Proedromys bedfordi,,Rodentia,Cricetidae,Proedromys,,,,,,,
Prolagus sardus,,Lagomorpha,Prolagidae,Prolagus,,,,,,,
Prometheomys schaposchnikowi,,Rodentia,Cricetidae,Prometheomys,,,,,,,
Promops centralis,,Chiroptera,Molossidae,Promops,,,,,,,
Promops nasutus,,Chiroptera,Molossidae,Promops,,,,,,,
Pronolagus crassicaudatus,,Lagomorpha,Leporidae,Pronolagus,,,,,,,
Pronolagus randensis,,Lagomorpha,Leporidae,Pronolagus,,,,,,,
Pronolagus rupestris,,Lagomorpha,Leporidae,Pronolagus,,,,,,,
Propithecus deckenii,,Primates,Indriidae,Propithecus,,,,,,,
Propithecus edwardsi,,Primates,Indriidae,Propithecus,,,,,,,
Propithecus perrieri,,Primates,Indriidae,Propithecus,,,,,,,
Prosciurillus abstrusus,,Rodentia,Sciuridae,Prosciurillus,,,,,,,
Prosciurillus leucomus,,Rodentia,Sciuridae,Prosciurillus,,,,,,,
Prosciurillus murinus,,Rodentia,Sciuridae,Prosciurillus,,,,,,,
Prosciurillus rosenbergii,,Rodentia,Sciuridae,Prosciurillus,,,,,,,
Prosciurillus weberi,,Rodentia,Sciuridae,Prosciurillus,,,,,,,
Phyllostomus latifolius,,Chiroptera,Phyllostomidae,Phyllostomus,,,,,,,
Phyllotis amicus,,Rodentia,Cricetidae,Phyllotis,,,,,,,
Phyllotis andium,,Rodentia,Cricetidae,Phyllotis,,,,,,,
Phyllotis bonariensis,,Rodentia,Cricetidae,Phyllotis,,,,,,,
Phyllotis caprinus,,Rodentia,Cricetidae,Phyllotis,,,,,,,
Ptenochirus jagori,,Chiroptera,Pteropodidae,Ptenochirus,8.0,,0.689616438356164,0.342849315068493,,,
Ptenochirus minor,,Chiroptera,Pteropodidae,Ptenochirus,,,,,,,
Pteralopex acrodonta,,Chiroptera,Pteropodidae,Pteralopex,,,,,,,
Pteralopex anceps,,Chiroptera,Pteropodidae,Pteralopex,,,,,,,
Pteralopex atrata,,Chiroptera,Pteropodidae,Pteralopex,,,,,,,
Pteralopex pulchra,,Chiroptera,Pteropodidae,Pteralopex,,,,,,,
Pteralopex taki,,Chiroptera,Pteropodidae,Pteralopex,,,,,,,
Pteromyscus pulverulentus,,Rodentia,Sciuridae,Pteromyscus,,,,,,,
Pteronotus davyi,,Chiroptera,Mormoopidae,Pteronotus,,,,,,,
Pteronotus gymnonotus,,Chiroptera,Mormoopidae,Pteronotus,,,,,,,
Pteronotus macleayii,,Chiroptera,Mormoopidae,Pteronotus,,,,,,,
Pteropus chrysoproctus,,Chiroptera,Pteropodidae,Pteropus,,,,,,,
Pteropus cognatus,,Chiroptera,Pteropodidae,Pteropus,,,,,,,
Pteropus faunulus,,Chiroptera,Pteropodidae,Pteropus,,,,,,,
Pteropus fundatus,,Chiroptera,Pteropodidae,Pteropus,,,,,,,
Pteropus gilliardorum,,Chiroptera,Pteropodidae,Pteropus,,,,,,,
Pteropus griseus,,Chiroptera,Pteropodidae,Pteropus,,,,,,,
Rhogeessa io,,Chiroptera,Vespertilionidae,Rhogeessa,,,,,,,
Rhogeessa minutilla,,Chiroptera,Vespertilionidae,Rhogeessa,,,,,,,
Rhogeessa mira,,Chiroptera,Vespertilionidae,Rhogeessa,,,,,,,
Rhogeessa parvula,,Chiroptera,Vespertilionidae,Rhogeessa,,,,,,,
Rhogeessa tumida,,Chiroptera,Vespertilionidae,Rhogeessa,,,,,,,
Rhynchocyon petersi,,Macroscelidea,Macroscelididae,Rhynchocyon,,,,,,,
Rhynchogale melleri,,Carnivora,Herpestidae,Rhynchogale,,,,,,,
Rhyncholestes raphanurus,,Paucituberculata,Caenolestidae,Rhyncholestes,,,,,,,
Rhynchomeles prattorum,,Peramelemorphia,Peramelidae,Rhynchomeles,,,,,,,
Rhynchomys isarogensis,,Rodentia,Muridae,Rhynchomys,,,,,,,
Rhynchomys soricoides,,Rodentia,Muridae,Rhynchomys,,,,,,,
Romerolagus diazi,,Lagomorpha,Leporidae,Romerolagus,,,0.493643835616438,0.107561643835616,,,
Rousettus amplexicaudatus,,Chiroptera,Pteropodidae,Rousettus,,,0.708630136986301,0.277753424657534,,,
Sorex mirabilis,,Eulipotyphla,Soricidae,Sorex,,,0.932301369863014,,,,
Sorex nanus,,Eulipotyphla,Soricidae,Sorex,,,,,,,
Sorex neomexicanus,,Eulipotyphla,Soricidae,Sorex,,,,,,,
Sorex oreopolus,,Eulipotyphla,Soricidae,Sorex,,,,,,,
Sorex orizabae,,Eulipotyphla,Soricidae,Sorex,,,,,,,
Sorex pacificus,,Eulipotyphla,Soricidae,Sorex,,,,,,,
Phyllotis definitus,,Rodentia,Cricetidae,Phyllotis,,,,,,,
Phyllotis haggardi,,Rodentia,Cricetidae,Phyllotis,,,,,,,
Phyllotis limatus,,Rodentia,Cricetidae,Phyllotis,,,,,,,
Phyllotis magister,,Rodentia,Cricetidae,Phyllotis,,,,,,,
Phyllotis osgoodi,,Rodentia,Cricetidae,Phyllotis,,,,,,,
Phyllotis osilae,,Rodentia,Cricetidae,Phyllotis,,,,,,,
Phyllotis wolffsohni,,Rodentia,Cricetidae,Phyllotis,,,,,,,
Phyllotis xanthopygus,,Rodentia,Cricetidae,Phyllotis,,,,,,,
Physeter catodon,,Artiodactyla,Physeteridae,Physeter,77.0,,10.7809315068493,1.29586301369863,,,
Piliocolobus badius,,Primates,Cercopithecidae,Piliocolobus,,,4.03616438356164,0.414821917808219,,,
Piliocolobus foai,,Primates,Cercopithecidae,Piliocolobus,,,,,,,
Piliocolobus gordonorum,,Primates,Cercopithecidae,Piliocolobus,,,,,,,
Pseudopotto martini,,Primates,Lorisidae,Pseudopotto,,,,,,,
Pseudoryx nghetinhensis,,Artiodactyla,Bovidae,Pseudoryx,,,2.06890410958904,,,,
Pseudoryzomys simplex,,Rodentia,Cricetidae,Pseudoryzomys,,,,,,,
Pteropus howensis,,Chiroptera,Pteropodidae,Pteropus,,,,,,,
Pteropus insularis,,Chiroptera,Pteropodidae,Pteropus,,,,,,,
Piliocolobus kirkii,,Primates,Cercopithecidae,Piliocolobus,,,,0.452054794520548,,,
Piliocolobus pennantii,,Primates,Cercopithecidae,Piliocolobus,,,,,,,
Piliocolobus preussi,,Primates,Cercopithecidae,Piliocolobus,,,,0.534246575342466,,,
Piliocolobus rufomitratus,,Primates,Cercopithecidae,Piliocolobus,,,,0.534246575342466,,,
Piliocolobus tephrosceles,,Primates,Cercopithecidae,Piliocolobus,,,,,,,
Piliocolobus tholloni,,Primates,Cercopithecidae,Piliocolobus,,,,,,,
Pipanacoctomys aureus,,Rodentia,Octodontidae,Pipanacoctomys,,,,,,,
Pipistrellus abramus,,Chiroptera,Vespertilionidae,Pipistrellus,,,,,,,
Pipistrellus adamsi,,Chiroptera,Vespertilionidae,Pipistrellus,,,,,,,
Pipistrellus aero,,Chiroptera,Vespertilionidae,Pipistrellus,,,,,,,
Pipistrellus angulatus,,Chiroptera,Vespertilionidae,Pipistrellus,,,,,,,
Pipistrellus ceylonicus,,Chiroptera,Vespertilionidae,Pipistrellus,,,0.768657534246575,0.143342465753425,,,
Pipistrellus collinus,,Chiroptera,Vespertilionidae,Pipistrellus,,,,,,,
Pipistrellus coromandra,,Chiroptera,Vespertilionidae,Pipistrellus,,,,,,,
Pipistrellus deserti,,Chiroptera,Vespertilionidae,Pipistrellus,,,,,,,
Pipistrellus endoi,,Chiroptera,Vespertilionidae,Pipistrellus,,,,,,,
Pipistrellus hesperidus,,Chiroptera,Vespertilionidae,Pipistrellus,,,,,,,
Pipistrellus hesperus,,Chiroptera,Vespertilionidae,Pipistrellus,6.1,,,,,,
Pipistrellus inexspectatus,,Chiroptera,Vespertilionidae,Pipistrellus,,,,,,,
Pipistrellus javanicus,,Chiroptera,Vespertilionidae,Pipistrellus,,,,0.195835616438356,,,
Pipistrellus maderensis,,Chiroptera,Vespertilionidae,Pipistrellus,,,,,,,
Pipistrellus minahassae,,Chiroptera,Vespertilionidae,Pipistrellus,,,,,,,
Pipistrellus nanulus,,Chiroptera,Vespertilionidae,Pipistrellus,,,,,,,
Pipistrellus papuanus,,Chiroptera,Vespertilionidae,Pipistrellus,,,,,,,
Pipistrellus paterculus,,Chiroptera,Vespertilionidae,Pipistrellus,,,,,,,
Pipistrellus permixtus,,Chiroptera,Vespertilionidae,Pipistrellus,,,,,,,
Pipistrellus pygmaeus,,Chiroptera,Vespertilionidae,Pipistrellus,,,,,,,
Pipistrellus rueppellii,,Chiroptera,Vespertilionidae,Pipistrellus,,,,,,,
Pipistrellus rusticus,,Chiroptera,Vespertilionidae,Pipistrellus,,,,0.22027397260274,,,
Pipistrellus stenopterus,,Chiroptera,Vespertilionidae,Pipistrellus,,,,,,,
Pipistrellus sturdeei,,Chiroptera,Vespertilionidae,Pipistrellus,,,,,,,
Pipistrellus subflavus,,Chiroptera,Vespertilionidae,Pipistrellus,15.0,,0.672684931506849,0.125232876712329,,,
Pipistrellus tenuis,,Chiroptera,Vespertilionidae,Pipistrellus,,,0.146767123287671,0.16786301369863,,,
Pipistrellus wattsi,,Chiroptera,Vespertilionidae,Pipistrellus,,,,,,,
Pipistrellus westralis,,Chiroptera,Vespertilionidae,Pipistrellus,,,,,,,
Pithecheir melanurus,,Rodentia,Muridae,Pithecheir,,,,,,,
Pithecheir parvus,,Rodentia,Muridae,Pithecheir,,,,,,,
Pithecheirops otion,,Rodentia,Muridae,Pithecheirops,,,,,,,
Pithecia albicans,,Primates,Pitheciidae,Pithecia,,,,,,,
Plagiodontia araeum,,Rodentia,Capromyidae,Plagiodontia,,,,,,,
Plagiodontia ipnaeum,,Rodentia,Capromyidae,Plagiodontia,,,,,,,
Planigale novaeguineae,,Dasyuromorphia,Dasyuridae,Planigale,,,,,,,
Platalina genovensium,,Chiroptera,Phyllostomidae,Platalina,,,,,,,
Platanista minor,,Artiodactyla,Platanistidae,Platanista,28.0,,,0.833315068493151,,,
Platymops setiger,,Chiroptera,Molossidae,Platymops,,,,,,,
Platyrrhinus aurarius,,Chiroptera,Phyllostomidae,Platyrrhinus,,,,,,,
Platyrrhinus brachycephalus,,Chiroptera,Phyllostomidae,Platyrrhinus,,,,,,,
Platyrrhinus chocoensis,,Chiroptera,Phyllostomidae,Platyrrhinus,,,,,,,
Platyrrhinus dorsalis,,Chiroptera,Phyllostomidae,Platyrrhinus,,,,,,,
Platyrrhinus helleri,,Chiroptera,Phyllostomidae,Platyrrhinus,,,,,,,
Platyrrhinus infuscus,,Chiroptera,Phyllostomidae,Platyrrhinus,,,,,,,
Platyrrhinus recifinus,,Chiroptera,Phyllostomidae,Platyrrhinus,,,,,,,
Platyrrhinus umbratus,,Chiroptera,Phyllostomidae,Platyrrhinus,,,,,,,
Platyrrhinus vittatus,,Chiroptera,Phyllostomidae,Platyrrhinus,,,,,,,
Plecotus alpinus,,Chiroptera,Vespertilionidae,Plecotus,,,,,,,
Plecotus balensis,,Chiroptera,Vespertilionidae,Plecotus,,,,,,,
Plecotus kolombatovici,,Chiroptera,Vespertilionidae,Plecotus,,,,,,,
Plecotus sardus,,Chiroptera,Vespertilionidae,Plecotus,,,,,,,
Plecotus taivanus,,Chiroptera,Vespertilionidae,Plecotus,,,,,,,
Plecotus teneriffae,,Chiroptera,Vespertilionidae,Plecotus,,,,,,,
Plerotes anchietae,,Chiroptera,Pteropodidae,Plerotes,,,,,,,
Podogymnura aureospinula,,Eulipotyphla,Erinaceidae,Podogymnura,,,,,,,
Podogymnura truei,,Eulipotyphla,Erinaceidae,Podogymnura,,,,,,,
Podoxymys roraimae,,Rodentia,Cricetidae,Podoxymys,,,,,,,
Poelagus marjorita,,Lagomorpha,Leporidae,Poelagus,,,,0.0958630136986301,,,
Pogonomelomys bruijni,,Rodentia,Muridae,Pogonomelomys,,,,,,,
Pogonomelomys mayeri,,Rodentia,Muridae,Pogonomelomys,,,,,,,
Pogonomys championi,,Rodentia,Muridae,Pogonomys,,,,,,,
Pogonomys fergussoniensis,,Rodentia,Muridae,Pogonomys,,,,,,,
Pogonomys loriae,,Rodentia,Muridae,Pogonomys,,,,,,,
Pogonomys sylvestris,,Rodentia,Muridae,Pogonomys,,,,,,,
Poiana leightoni,,Carnivora,Viverridae,Poiana,,,,,,,
Poiana richardsonii,,Carnivora,Viverridae,Poiana,5.3,,,,,,
Pongo abelii,,Primates,Hominidae,Pongo,,,,,,,
Potamogale velox,,Afrosoricida,Tenrecidae,Potamogale,,,,,,,
Potorous gilbertii,,Diprotodontia,Potoroidae,Potorous,,,,,,,
Potorous platyops,,Diprotodontia,Potoroidae,Potorous,,,,,,,
Praomys daltoni,,Rodentia,Muridae,Praomys,,,0.383561643835616,0.0757260273972603,,,
Praomys degraaffi,,Rodentia,Muridae,Praomys,,,,,,,
Praomys delectorum,,Rodentia,Muridae,Praomys,,,,,,,
Praomys derooi,,Rodentia,Muridae,Praomys,,,,,,,
Praomys hartwigi,,Rodentia,Muridae,Praomys,,,,,,,
Praomys jacksoni,,Rodentia,Muridae,Praomys,,,0.203287671232877,0.0972328767123288,,,
Praomys lukolelae,,Rodentia,Muridae,Praomys,,,,,,,
Praomys minor,,Rodentia,Muridae,Praomys,,,,,,,
Praomys misonnei,,Rodentia,Muridae,Praomys,,,,,,,
Praomys morio,,Rodentia,Muridae,Praomys,,,0.218383561643836,0.0986027397260274,,,
Praomys mutoni,,Rodentia,Muridae,Praomys,,,,,,,
Praomys obscurus,,Rodentia,Muridae,Praomys,,,,,,,
Praomys petteri,,Rodentia,Muridae,Praomys,,,,,,,
Praomys rostratus,,Rodentia,Muridae,Praomys,,,,,,,
Praomys verschureni,,Rodentia,Muridae,Praomys,,,,,,,
Presbytis chrysomelas,,Primates,Cercopithecidae,Presbytis,,,,,,,
Presbytis femoralis,,Primates,Cercopithecidae,Presbytis,,,,,,,
Presbytis frontata,,Primates,Cercopithecidae,Presbytis,,,,,,,
Presbytis hosei,,Primates,Cercopithecidae,Presbytis,,,,,,,
Presbytis natunae,,Primates,Cercopithecidae,Presbytis,,,,,,,
Presbytis potenziani,,Primates,Cercopithecidae,Presbytis,,,,,,,
Presbytis rubicunda,,Primates,Cercopithecidae,Presbytis,,,,,,,
Presbytis siamensis,,Primates,Cercopithecidae,Presbytis,,,,,,,
Prionailurus iriomotensis,,Carnivora,Felidae,Prionailurus,,,,,,,
Prionodon pardicolor,,Carnivora,Viverridae,Prionodon,,,,,,,
Prionomys batesi,,Rodentia,Nesomyidae,Prionomys,,,,,,,
Procapra picticaudata,,Artiodactyla,Bovidae,Procapra,,,,,,,
Procapra przewalskii,,Artiodactyla,Bovidae,Procapra,,,,,,,
Procolobus verus,,Primates,Cercopithecidae,Procolobus,,,,0.459835616438356,,,
Protochromys fellowsi,,Rodentia,Muridae,Protochromys,,,,,,,
Protoxerus aubinnii,,Rodentia,Sciuridae,Protoxerus,,,,,,,
Protoxerus stangeri,,Rodentia,Sciuridae,Protoxerus,5.1,,,,,,
Przewalskium albirostris,,Artiodactyla,Cervidae,Przewalskium,18.0,,,0.721671232876712,,,
Psammomys vexillaris,,Rodentia,Muridae,Psammomys,,,,,,,
Pseudantechinus mimulus,,Dasyuromorphia,Dasyuridae,Pseudantechinus,,,,,,,
Pseudantechinus roryi,,Dasyuromorphia,Dasyuridae,Pseudantechinus,,,,,,,
Pseudochirops albertisii,,Diprotodontia,Pseudocheiridae,Pseudochirops,,,,,,,
Pseudochirops archeri,,Diprotodontia,Pseudocheiridae,Pseudochirops,,,,,,,
Pseudochirops corinnae,,Diprotodontia,Pseudocheiridae,Pseudochirops,,,,,,,
Pseudochirops coronatus,,Diprotodontia,Pseudocheiridae,Pseudochirops,,,,,,,
Pseudochirops cupreus,,Diprotodontia,Pseudocheiridae,Pseudochirops,,,,,,,
Pseudochirulus canescens,,Diprotodontia,Pseudocheiridae,Pseudochirulus,,,,,,,
Pseudochirulus caroli,,Diprotodontia,Pseudocheiridae,Pseudochirulus,,,,,,,
Pseudochirulus cinereus,,Diprotodontia,Pseudocheiridae,Pseudochirulus,,,,,,,
Pseudochirulus forbesi,,Diprotodontia,Pseudocheiridae,Pseudochirulus,,,,,,,
Pseudochirulus herbertensis,,Diprotodontia,Pseudocheiridae,Pseudochirulus,,,1.49104109589041,,,,
Pseudochirulus larvatus,,Diprotodontia,Pseudocheiridae,Pseudochirulus,,,,,,,
Pseudochirulus mayeri,,Diprotodontia,Pseudocheiridae,Pseudochirulus,,,,,,,
Pseudochirulus schlegeli,,Diprotodontia,Pseudocheiridae,Pseudochirulus,,,,,,,
Pseudohydromys ellermani,,Rodentia,Muridae,Pseudohydromys,,,,,,,
Pseudohydromys fuscus,,Rodentia,Muridae,Pseudohydromys,,,,,,,
Pseudohydromys murinus,,Rodentia,Muridae,Pseudohydromys,,,,,,,
Pseudohydromys occidentalis,,Rodentia,Muridae,Pseudohydromys,,,,,,,
Pseudois schaeferi,,Artiodactyla,Bovidae,Pseudois,,,,,,,
Pseudomys albocinereus,,Rodentia,Muridae,Pseudomys,,,0.211890410958904,0.0815068493150685,,,
Pseudomys apodemoides,,Rodentia,Muridae,Pseudomys,,,,0.121890410958904,,,
Pseudomys bolami,,Rodentia,Muridae,Pseudomys,,,,,,,
Pseudomys calabyi,,Rodentia,Muridae,Pseudomys,,,,,,,
Pseudomys delicatulus,,Rodentia,Muridae,Pseudomys,,,,0.0818904109589041,,,
Pseudomys desertor,,Rodentia,Muridae,Pseudomys,,,0.217315068493151,0.0793424657534247,,,
Pseudomys fieldi,,Rodentia,Muridae,Pseudomys,,,,0.0807945205479452,,,
Pseudomys glaucus,,Rodentia,Muridae,Pseudomys,,,,,,,
Pseudomys gouldii,,Rodentia,Muridae,Pseudomys,,,,,,,
Pseudomys gracilicaudatus,,Rodentia,Muridae,Pseudomys,,,,0.073972602739726,,,
Pseudomys hermannsburgensis,,Rodentia,Muridae,Pseudomys,,,0.250767123287671,0.0863013698630137,,,
Pseudomys johnsoni,,Rodentia,Muridae,Pseudomys,,,,,,,
Pseudomys nanus,,Rodentia,Muridae,Pseudomys,,,0.278630136986301,0.0657260273972603,,,
Pseudomys novaehollandiae,,Rodentia,Muridae,Pseudomys,,,0.334356164383562,0.0862465753424658,,,
Pseudomys occidentalis,,Rodentia,Muridae,Pseudomys,,,,,,,
Pseudomys oralis,,Rodentia,Muridae,Pseudomys,,,,,,,
Pseudomys patrius,,Rodentia,Muridae,Pseudomys,,,,,,,
Pseudomys pilligaensis,,Rodentia,Muridae,Pseudomys,,,,,,,
Pteropus intermedius,,Chiroptera,Pteropodidae,Pteropus,,,,,,,
Pteropus keyensis,,Chiroptera,Pteropodidae,Pteropus,,,,,,,
Pteropus leucopterus,,Chiroptera,Pteropodidae,Pteropus,,,,,,,
Pteropus lombocensis,,Chiroptera,Pteropodidae,Pteropus,,,,,,,
Pteropus loochoensis,,Chiroptera,Pteropodidae,Pteropus,,,,,,,
Pteropus macrotis,,Chiroptera,Pteropodidae,Pteropus,,,,,,,
Pteropus mahaganus,,Chiroptera,Pteropodidae,Pteropus,,,,,,,
Pteropus mariannus,,Chiroptera,Pteropodidae,Pteropus,,,,,,,
Pteropus melanopogon,,Chiroptera,Pteropodidae,Pteropus,,,,,,,
Pteropus melanotus,,Chiroptera,Pteropodidae,Pteropus,,,0.576575342465753,0.428575342465753,,,
Pteropus molossinus,,Chiroptera,Pteropodidae,Pteropus,,,,,,,
Pteropus neohibernicus,,Chiroptera,Pteropodidae,Pteropus,,,,,,,
Pteropus nitendiensis,,Chiroptera,Pteropodidae,Pteropus,,,,,,,
Pteropus ocularis,,Chiroptera,Pteropodidae,Pteropus,,,,,,,
Pteropus ornatus,,Chiroptera,Pteropodidae,Pteropus,,,2.06890410958904,0.514301369863014,,,
Pteropus pelewensis,,Chiroptera,Pteropodidae,Pteropus,,,,,,,
Pteropus personatus,,Chiroptera,Pteropodidae,Pteropus,,,,,,,
Pteropus pilosus,,Chiroptera,Pteropodidae,Pteropus,,,,,,,
Pteropus pohlei,,Chiroptera,Pteropodidae,Pteropus,,,,,,,
Pteropus rayneri,,Chiroptera,Pteropodidae,Pteropus,,,,,,,
Pteropus rennelli,,Chiroptera,Pteropodidae,Pteropus,,,,,,,
Pteropus rufus,,Chiroptera,Pteropodidae,Pteropus,,,,,,,
Pteropus samoensis,,Chiroptera,Pteropodidae,Pteropus,,,,,,,
Pteropus seychellensis,,Chiroptera,Pteropodidae,Pteropus,,,,0.428575342465753,,,
Pteropus speciosus,,Chiroptera,Pteropodidae,Pteropus,,,,,,,
Pteropus subniger,,Chiroptera,Pteropodidae,Pteropus,,,,,,,
Pteropus temminckii,,Chiroptera,Pteropodidae,Pteropus,,,,,,,
Pteropus tokudae,,Chiroptera,Pteropodidae,Pteropus,,,,,,,
Pteropus tonganus,,Chiroptera,Pteropodidae,Pteropus,,,,0.458328767123288,,,
Pteropus tuberculatus,,Chiroptera,Pteropodidae,Pteropus,,,,,,,
Pteropus ualanus,,Chiroptera,Pteropodidae,Pteropus,,,,,,,
Pteropus vetulus,,Chiroptera,Pteropodidae,Pteropus,,,,,,,
Pteropus woodfordi,,Chiroptera,Pteropodidae,Pteropus,,,,,,,
Pteropus yapensis,,Chiroptera,Pteropodidae,Pteropus,,,,,,,
Pudu mephistophiles,,Artiodactyla,Cervidae,Pudu,10.0,,,,,,
Punomys kofordi,,Rodentia,Cricetidae,Punomys,,,,,,,
Punomys lemminus,,Rodentia,Cricetidae,Punomys,,,,,,,
Rhizoplagiodontia lemkei,,Rodentia,Capromyidae,Rhizoplagiodontia,,,,,,,
Rhipidomys macconnelli,,Rodentia,Cricetidae,Rhipidomys,,,,,,,
Rhipidomys macrurus,,Rodentia,Cricetidae,Rhipidomys,,,,,,,
Rhipidomys mastacalis,,Rodentia,Cricetidae,Rhipidomys,,,0.254246575342466,,,,
Rhipidomys modicus,,Rodentia,Cricetidae,Rhipidomys,,,,,,,
Pygathrix cinerea,,Primates,Cercopithecidae,Pygathrix,,,,,,,
Pygathrix nigripes,,Primates,Cercopithecidae,Pygathrix,,,,,,,
Pygeretmus platyurus,,Rodentia,Dipodidae,Pygeretmus,,,,,,,
Pygeretmus pumilio,,Rodentia,Dipodidae,Pygeretmus,,,,0.0753424657534247,,,
Pygeretmus shitkovi,,Rodentia,Dipodidae,Pygeretmus,,,,,,,
Pygoderma bilabiatum,,Chiroptera,Phyllostomidae,Pygoderma,,,,,,,
Quemisia gravis,,Rodentia,Heptaxodontidae,Quemisia,,,,,,,
Rhipidomys wetzeli,,Rodentia,Cricetidae,Rhipidomys,,,,,,,
Rhizomys pruinosus,,Rodentia,Spalacidae,Rhizomys,,,,,,,
Rhizomys sinensis,,Rodentia,Spalacidae,Rhizomys,,,,,,,
Rousettus bidens,,Chiroptera,Pteropodidae,Rousettus,,,,,,,
Rousettus celebensis,,Chiroptera,Pteropodidae,Rousettus,,,,,,,
Rousettus linduensis,,Chiroptera,Pteropodidae,Rousettus,,,,,,,
Rousettus madagascariensis,,Chiroptera,Pteropodidae,Rousettus,,,,0.347616438356164,,,
Rousettus obliviosus,,Chiroptera,Pteropodidae,Rousettus,,,,,,,
Rousettus spinalatus,,Chiroptera,Pteropodidae,Rousettus,,,,,,,
Rubrisciurus rubriventer,,Rodentia,Sciuridae,Rubrisciurus,,,,,,,
Rucervus schomburgki,,Artiodactyla,Cervidae,Rucervus,,,,,,,
Rhipidomys ochrogaster,,Rodentia,Cricetidae,Rhipidomys,,,,,,,
Rhipidomys venezuelae,,Rodentia,Cricetidae,Rhipidomys,,,,,,,
Rhipidomys venustus,,Rodentia,Cricetidae,Rhipidomys,,,,,,,
Rhogeessa aeneus,,Chiroptera,Vespertilionidae,Rhogeessa,,,,,,,
Rhogeessa alleni,,Chiroptera,Vespertilionidae,Rhogeessa,,,,,,,
Rhogeessa genowaysi,,Chiroptera,Vespertilionidae,Rhogeessa,,,,,,,
Rhogeessa gracilis,,Chiroptera,Vespertilionidae,Rhogeessa,,,,,,,
Rhogeessa hussoni,,Chiroptera,Vespertilionidae,Rhogeessa,,,,,,,
Ruwenzorisorex suncoides,,Eulipotyphla,Soricidae,Ruwenzorisorex,,,,,,,
Saccolaimus flaviventris,,Chiroptera,Emballonuridae,Saccolaimus,,,,,,,
Saccolaimus mixtus,,Chiroptera,Emballonuridae,Saccolaimus,,,,,,,
Saccolaimus peli,,Chiroptera,Emballonuridae,Saccolaimus,,,,,,,
Saccolaimus saccolaimus,,Chiroptera,Emballonuridae,Saccolaimus,,,,,,,
Saccopteryx antioquensis,,Chiroptera,Emballonuridae,Saccopteryx,,,,,,,
Saccopteryx canescens,,Chiroptera,Emballonuridae,Saccopteryx,,,,,,,
Saccopteryx gymnura,,Chiroptera,Emballonuridae,Saccopteryx,,,,,,,
Saccopteryx leptura,,Chiroptera,Emballonuridae,Saccopteryx,,,,,,,
Saccostomus mearnsi,,Rodentia,Nesomyidae,Saccostomus,,,,,,,
Saguinus fuscicollis,,Primates,Cebidae,Saguinus,24.5,,1.114,0.405479452054795,,,
Raphicerus sharpei,,Artiodactyla,Bovidae,Raphicerus,14.0,,,0.583315068493151,,,
Rattus adustus,,Rodentia,Muridae,Rattus,,,,,,,
Rattus andamanensis,,Rodentia,Muridae,Rattus,,,,,,,
Rattus annandalei,,Rodentia,Muridae,Rattus,,,,,,,
Rattus arfakiensis,,Rodentia,Muridae,Rattus,,,,,,,
Rattus argentiventer,,Rodentia,Muridae,Rattus,,,0.149095890410959,0.0586301369863014,,,
Rattus arrogans,,Rodentia,Muridae,Rattus,,,,,,,
Rattus baluensis,,Rodentia,Muridae,Rattus,,,,,,,
Rattus blangorum,,Rodentia,Muridae,Rattus,,,,,,,
Rattus bontanus,,Rodentia,Muridae,Rattus,,,,,,,
Rattus burrus,,Rodentia,Muridae,Rattus,,,,,,,
Rattus colletti,,Rodentia,Muridae,Rattus,,,,,,,
Rattus elaphinus,,Rodentia,Muridae,Rattus,,,,,,,
Rattus enganus,,Rodentia,Muridae,Rattus,,,,,,,
Rattus everetti,,Rodentia,Muridae,Rattus,,,,,,,
Rattus exulans,,Rodentia,Muridae,Rattus,,,0.157287671232877,0.0584657534246575,,,
Rattus feliceus,,Rodentia,Muridae,Rattus,,,,,,,
Rattus giluwensis,,Rodentia,Muridae,Rattus,,,,,,,
Rattus hainaldi,,Rodentia,Muridae,Rattus,,,,,,,
Rattus hoffmanni,,Rodentia,Muridae,Rattus,,,,,,,
Rattus hoogerwerfi,,Rodentia,Muridae,Rattus,,,,,,,
Rattus jobiensis,,Rodentia,Muridae,Rattus,,,,,,,
Rattus koopmani,,Rodentia,Muridae,Rattus,,,,,,,
Rattus korinchi,,Rodentia,Muridae,Rattus,,,,,,,
Rattus leucopus,,Rodentia,Muridae,Rattus,,,0.279643835616438,,,,
Rattus losea,,Rodentia,Muridae,Rattus,,,,,,,
Rattus lugens,,Rodentia,Muridae,Rattus,,,,,,,
Rattus macleari,,Rodentia,Muridae,Rattus,,,,,,,
Rattus marmosurus,,Rodentia,Muridae,Rattus,,,,,,,
Rattus mindorensis,,Rodentia,Muridae,Rattus,,,,,,,
Rattus mollicomulus,,Rodentia,Muridae,Rattus,,,,,,,
Rattus montanus,,Rodentia,Muridae,Rattus,,,,,,,
Rattus mordax,,Rodentia,Muridae,Rattus,,,,,,,
Rattus morotaiensis,,Rodentia,Muridae,Rattus,,,,,,,
Rattus nativitatis,,Rodentia,Muridae,Rattus,,,,,,,
Rattus niobe,,Rodentia,Muridae,Rattus,,,,,,,
Rattus nitidus,,Rodentia,Muridae,Rattus,,,,,,,
Rattus novaeguineae,,Rodentia,Muridae,Rattus,,,,,,,
Rattus omichlodes,,Rodentia,Muridae,Rattus,,,,,,,
Rattus osgoodi,,Rodentia,Muridae,Rattus,,,,,,,
Rattus palmarum,,Rodentia,Muridae,Rattus,,,,,,,
Rattus pelurus,,Rodentia,Muridae,Rattus,,,,,,,
Rattus pococki,,Rodentia,Muridae,Rattus,,,,,,,
Rattus praetor,,Rodentia,Muridae,Rattus,,,,,,,
Rattus pyctoris,,Rodentia,Muridae,Rattus,,,,,,,
Rattus ranjiniae,,Rodentia,Muridae,Rattus,,,,,,,
Rattus richardsoni,,Rodentia,Muridae,Rattus,,,,,,,
Rattus salocco,,Rodentia,Muridae,Rattus,,,,,,,
Rattus sanila,,Rodentia,Muridae,Rattus,,,,,,,
Rattus satarae,,Rodentia,Muridae,Rattus,,,,,,,
Rattus simalurensis,,Rodentia,Muridae,Rattus,,,,,,,
Rattus sordidus,,Rodentia,Muridae,Rattus,,,0.140493150684932,0.059972602739726,,,
Rattus steini,,Rodentia,Muridae,Rattus,,,,,,,
Rattus stoicus,,Rodentia,Muridae,Rattus,,,,,,,
Rattus tanezumi,,Rodentia,Muridae,Rattus,,,,,,,
Rattus tawitawiensis,,Rodentia,Muridae,Rattus,,,,,,,
Rattus timorensis,,Rodentia,Muridae,Rattus,,,,,,,
Rattus tiomanicus,,Rodentia,Muridae,Rattus,,,,0.0602465753424657,,,
Rattus tunneyi,,Rodentia,Muridae,Rattus,,,0.433315068493151,0.0610684931506849,,,
Rattus vandeuseni,,Rodentia,Muridae,Rattus,,,,,,,
Rattus verecundus,,Rodentia,Muridae,Rattus,,,,0.064986301369863,,,
Rattus villosissimus,,Rodentia,Muridae,Rattus,,,,,,,
Rattus xanthurus,,Rodentia,Muridae,Rattus,,,,,,,
Ratufa macroura,,Rodentia,Sciuridae,Ratufa,,,2.03413698630137,0.0767123287671233,,,
Reithrodon typicus,,Rodentia,Cricetidae,Reithrodon,,,,,,,
Reithrodontomys brevirostris,,Rodentia,Cricetidae,Reithrodontomys,,,,,,,
Reithrodontomys burti,,Rodentia,Cricetidae,Reithrodontomys,,,,,,,
Reithrodontomys chrysopsis,,Rodentia,Cricetidae,Reithrodontomys,,,,,,,
Reithrodontomys creper,,Rodentia,Cricetidae,Reithrodontomys,,,,,,,
Reithrodontomys darienensis,,Rodentia,Cricetidae,Reithrodontomys,,,,,,,
Reithrodontomys fulvescens,,Rodentia,Cricetidae,Reithrodontomys,,,,,,,
Reithrodontomys gracilis,,Rodentia,Cricetidae,Reithrodontomys,,,,,,,
Reithrodontomys hirsutus,,Rodentia,Cricetidae,Reithrodontomys,,,,,,,
Reithrodontomys mexicanus,,Rodentia,Cricetidae,Reithrodontomys,,,,,,,
Reithrodontomys microdon,,Rodentia,Cricetidae,Reithrodontomys,,,,,,,
Reithrodontomys montanus,,Rodentia,Cricetidae,Reithrodontomys,,,0.169506849315068,0.0575342465753425,,,
Reithrodontomys paradoxus,,Rodentia,Cricetidae,Reithrodontomys,,,,,,,
Reithrodontomys raviventris,,Rodentia,Cricetidae,Reithrodontomys,2.6,,,0.0616438356164384,,,
Reithrodontomys rodriguezi,,Rodentia,Cricetidae,Reithrodontomys,,,,,,,
Reithrodontomys spectabilis,,Rodentia,Cricetidae,Reithrodontomys,,,,,,,
Reithrodontomys sumichrasti,,Rodentia,Cricetidae,Reithrodontomys,,,,,,,
Reithrodontomys tenuirostris,,Rodentia,Cricetidae,Reithrodontomys,,,,,,,
Reithrodontomys zacatecae,,Rodentia,Cricetidae,Reithrodontomys,,,,,,,
Rhabdomys dilectus,,Rodentia,Muridae,Rhabdomys,,,,,,,
Rhagamys orthodon,,Rodentia,Muridae,Rhagamys,,,,,,,
Rhagomys longilingua,,Rodentia,Cricetidae,Rhagomys,,,,,,,
Rhagomys rufescens,,Rodentia,Cricetidae,Rhagomys,,,,,,,
Rheithrosciurus macrotis,,Rodentia,Sciuridae,Rheithrosciurus,,,,,,,
Rheomys mexicanus,,Rodentia,Cricetidae,Rheomys,,,,,,,
Rheomys raptor,,Rodentia,Cricetidae,Rheomys,,,,,,,
Rheomys thomasi,,Rodentia,Cricetidae,Rheomys,,,,,,,
Rheomys underwoodi,,Rodentia,Cricetidae,Rheomys,,,,,,,
Rhinolophus acuminatus,,Chiroptera,Rhinolophidae,Rhinolophus,,,,,,,
Rhinolophus adami,,Chiroptera,Rhinolophidae,Rhinolophus,,,,,,,
Rhinolophus affinis,,Chiroptera,Rhinolophidae,Rhinolophus,,,,,,,
Rhinolophus arcuatus,,Chiroptera,Rhinolophidae,Rhinolophus,,,,,,,
Rhinolophus beddomei,,Chiroptera,Rhinolophidae,Rhinolophus,,,,,,,
Rhinolophus blasii,,Chiroptera,Rhinolophidae,Rhinolophus,,,,0.249972602739726,,,
Rhinolophus bocharicus,,Chiroptera,Rhinolophidae,Rhinolophus,,,,,,,
Rhinolophus borneensis,,Chiroptera,Rhinolophidae,Rhinolophus,,,,,,,
Rhinolophus canuti,,Chiroptera,Rhinolophidae,Rhinolophus,,,,,,,
Rhinolophus capensis,,Chiroptera,Rhinolophidae,Rhinolophus,,,1.08556164383562,0.295808219178082,,,
Rhinolophus celebensis,,Chiroptera,Rhinolophidae,Rhinolophus,,,,,,,
Rhinolophus clivosus,,Chiroptera,Rhinolophidae,Rhinolophus,,,,,,,
Rhinolophus coelophyllus,,Chiroptera,Rhinolophidae,Rhinolophus,,,,,,,
Rhinolophus cognatus,,Chiroptera,Rhinolophidae,Rhinolophus,,,,,,,
Rhinolophus convexus,,Chiroptera,Rhinolophidae,Rhinolophus,,,,,,,
Rhinolophus cornutus,,Chiroptera,Rhinolophidae,Rhinolophus,,,,,,,
Rhinolophus creaghi,,Chiroptera,Rhinolophidae,Rhinolophus,,,,,,,
Rhinolophus darlingi,,Chiroptera,Rhinolophidae,Rhinolophus,,,,,,,
Rhinolophus deckenii,,Chiroptera,Rhinolophidae,Rhinolophus,,,,,,,
Rhinolophus denti,,Chiroptera,Rhinolophidae,Rhinolophus,,,,,,,
Rhinolophus eloquens,,Chiroptera,Rhinolophidae,Rhinolophus,,,,,,,
Rhinolophus euryotis,,Chiroptera,Rhinolophidae,Rhinolophus,,,,,,,
Rhinolophus formosae,,Chiroptera,Rhinolophidae,Rhinolophus,,,,,,,
Rhinolophus fumigatus,,Chiroptera,Rhinolophidae,Rhinolophus,,,,0.253534246575342,,,
Rhinolophus guineensis,,Chiroptera,Rhinolophidae,Rhinolophus,,,,,,,
Rhinolophus hildebrandtii,,Chiroptera,Rhinolophidae,Rhinolophus,,,,0.253534246575342,,,
Rhinolophus hilli,,Chiroptera,Rhinolophidae,Rhinolophus,,,,,,,
Rhinolophus hillorum,,Chiroptera,Rhinolophidae,Rhinolophus,,,,,,,
Rhinolophus imaizumii,,Chiroptera,Rhinolophidae,Rhinolophus,,,,,,,
Rhinolophus inops,,Chiroptera,Rhinolophidae,Rhinolophus,,,,,,,
Rhinolophus keyensis,,Chiroptera,Rhinolophidae,Rhinolophus,,,,,,,
Rhinolophus landeri,,Chiroptera,Rhinolophidae,Rhinolophus,,,,0.327698630136986,,,
Rhinolophus lepidus,,Chiroptera,Rhinolophidae,Rhinolophus,,,,,,,
Rhinolophus luctus,,Chiroptera,Rhinolophidae,Rhinolophus,,,,,,,
Rhinolophus maclaudi,,Chiroptera,Rhinolophidae,Rhinolophus,,,,,,,
Rhinolophus macrotis,,Chiroptera,Rhinolophidae,Rhinolophus,,,,,,,
Rhinolophus madurensis,,Chiroptera,Rhinolophidae,Rhinolophus,,,,,,,
Rhinolophus maendeleo,,Chiroptera,Rhinolophidae,Rhinolophus,,,,,,,
Rhinolophus malayanus,,Chiroptera,Rhinolophidae,Rhinolophus,,,,,,,
Rhinolophus marshalli,,Chiroptera,Rhinolophidae,Rhinolophus,,,,,,,
Rhinolophus mehelyi,,Chiroptera,Rhinolophidae,Rhinolophus,,,,,,,
Rhinolophus mitratus,,Chiroptera,Rhinolophidae,Rhinolophus,,,,,,,
Rhinolophus monoceros,,Chiroptera,Rhinolophidae,Rhinolophus,,,,,,,
Rhinolophus montanus,,Chiroptera,Rhinolophidae,Rhinolophus,,,,,,,
Rhinolophus nereis,,Chiroptera,Rhinolophidae,Rhinolophus,,,,,,,
Rhinolophus osgoodi,,Chiroptera,Rhinolophidae,Rhinolophus,,,,,,,
Rhinolophus paradoxolophus,,Chiroptera,Rhinolophidae,Rhinolophus,,,,,,,
Rhinolophus pearsonii,,Chiroptera,Rhinolophidae,Rhinolophus,,,,,,,
Rhinolophus philippinensis,,Chiroptera,Rhinolophidae,Rhinolophus,,,,,,,
Rhinolophus pusillus,,Chiroptera,Rhinolophidae,Rhinolophus,,,,,,,
Rhinolophus rex,,Chiroptera,Rhinolophidae,Rhinolophus,,,,,,,
Rhinolophus robinsoni,,Chiroptera,Rhinolophidae,Rhinolophus,,,,,,,
Rhinolophus rouxii,,Chiroptera,Rhinolophidae,Rhinolophus,5.0,,1.23591780821918,0.338465753424658,,,
Rhinolophus rufus,,Chiroptera,Rhinolophidae,Rhinolophus,,,,,,,
Rhinolophus ruwenzorii,,Chiroptera,Rhinolophidae,Rhinolophus,,,,,,,
Rhinolophus sakejiensis,,Chiroptera,Rhinolophidae,Rhinolophus,,,,,,,
Rhinolophus sedulus,,Chiroptera,Rhinolophidae,Rhinolophus,,,,,,,
Rhinolophus shameli,,Chiroptera,Rhinolophidae,Rhinolophus,,,,,,,
Rhinolophus shortridgei,,Chiroptera,Rhinolophidae,Rhinolophus,,,,,,,
Rhinolophus siamensis,,Chiroptera,Rhinolophidae,Rhinolophus,,,,,,,
Rhinolophus silvestris,,Chiroptera,Rhinolophidae,Rhinolophus,,,,,,,
Rhinolophus simulator,,Chiroptera,Rhinolophidae,Rhinolophus,,,,0.249972602739726,,,
Rhinolophus sinicus,,Chiroptera,Rhinolophidae,Rhinolophus,,,,,,,
Rhinolophus stheno,,Chiroptera,Rhinolophidae,Rhinolophus,,,,,,,
Rhinolophus subbadius,,Chiroptera,Rhinolophidae,Rhinolophus,,,,,,,
Rhinolophus subrufus,,Chiroptera,Rhinolophidae,Rhinolophus,,,,,,,
Rhinolophus swinnyi,,Chiroptera,Rhinolophidae,Rhinolophus,,,,0.249972602739726,,,
Rhinolophus thomasi,,Chiroptera,Rhinolophidae,Rhinolophus,,,,,,,
Rhinolophus trifoliatus,,Chiroptera,Rhinolophidae,Rhinolophus,,,,,,,
Rhinolophus virgo,,Chiroptera,Rhinolophidae,Rhinolophus,,,,,,,
Rhinolophus yunanensis,,Chiroptera,Rhinolophidae,Rhinolophus,,,,,,,
Rhinolophus ziama,,Chiroptera,Rhinolophidae,Rhinolophus,,,,,,,
Rhinonicteris aurantia,,Chiroptera,Hipposideridae,Rhinonicteris,,,1.23591780821918,0.406575342465753,,,
Rhinophylla alethina,,Chiroptera,Phyllostomidae,Rhinophylla,,,,,,,
Rhinophylla fischerae,,Chiroptera,Phyllostomidae,Rhinophylla,,,,,,,
Rhinophylla pumilio,,Chiroptera,Phyllostomidae,Rhinophylla,,,,,,,
Rhinopithecus avunculus,,Primates,Cercopithecidae,Rhinopithecus,,,,0.547945205479452,,,
Rhinopithecus brelichi,,Primates,Cercopithecidae,Rhinopithecus,,,,0.547945205479452,,,
Rhinopoma macinnesi,,Chiroptera,Rhinopomatidae,Rhinopoma,,,,,,,
Rhinopoma microphyllum,,Chiroptera,Rhinopomatidae,Rhinopoma,,,1.77780821917808,0.314712328767123,,,
Rhinopoma muscatellum,,Chiroptera,Rhinopomatidae,Rhinopoma,,,,,,,
Rhinosciurus laticaudatus,,Rodentia,Sciuridae,Rhinosciurus,,,,,,,
Rhipidomys austrinus,,Rodentia,Cricetidae,Rhipidomys,,,,,,,
Rhipidomys caucensis,,Rodentia,Cricetidae,Rhipidomys,,,,,,,
Rhipidomys couesi,,Rodentia,Cricetidae,Rhipidomys,,,,,,,
Rhipidomys emiliae,,Rodentia,Cricetidae,Rhipidomys,,,,,,,
Rhipidomys fulviventer,,Rodentia,Cricetidae,Rhipidomys,,,,,,,
Rhipidomys gardneri,,Rodentia,Cricetidae,Rhipidomys,,,,,,,
Rhipidomys latimanus,,Rodentia,Cricetidae,Rhipidomys,,,,,,,
Rhipidomys leucodactylus,,Rodentia,Cricetidae,Rhipidomys,,,,,,,
Saguinus graellsi,,Primates,Cebidae,Saguinus,,,,,,,
Saguinus inustus,,Primates,Cebidae,Saguinus,,,,,,,
Saguinus martinsi,,Primates,Cebidae,Saguinus,,,,,,,
Saguinus melanoleucus,,Primates,Cebidae,Saguinus,,,,,,,
Saguinus niger,,Primates,Cebidae,Saguinus,,,,,,,
Saguinus nigricollis,,Primates,Cebidae,Saguinus,15.2,,,,,,
Saguinus pileatus,,Primates,Cebidae,Saguinus,,,,,,,
Saguinus tripartitus,,Primates,Cebidae,Saguinus,,,,,,,
Saiga borealis,,Artiodactyla,Bovidae,Saiga,,,,,,,
Spalax graecus,,Rodentia,Spalacidae,Spalax,,,,,,,
Spalax judaei,,Rodentia,Spalacidae,Spalax,,,,,,,
Spalax leucodon,,Rodentia,Spalacidae,Spalax,4.5,,,0.0799452054794521,,,
Spalax microphthalmus,,Rodentia,Spalacidae,Spalax,,,,,,,
Spalax nehringi,,Rodentia,Spalacidae,Spalax,,,,,,,
Spalax uralensis,,Rodentia,Spalacidae,Spalax,,,,,,,
Spalax zemni,,Rodentia,Spalacidae,Spalax,,,,,,,
Spelaeomys florensis,,Rodentia,Muridae,Spelaeomys,,,,,,,
Spermophilopsis leptodactylus,,Rodentia,Sciuridae,Spermophilopsis,,,,0.124986301369863,,,
Spermophilus adocetus,,Rodentia,Sciuridae,Spermophilus,,,,,,,
Spermophilus alashanicus,,Rodentia,Sciuridae,Spermophilus,,,,,,,
Spermophilus annulatus,,Rodentia,Sciuridae,Spermophilus,,,,,,,
Spermophilus armatus,,Rodentia,Sciuridae,Spermophilus,5.0,,1.15317808219178,0.0671232876712329,,,
Spermophilus atricapillus,,Rodentia,Sciuridae,Spermophilus,,,,,,,
Spermophilus beecheyi,,Rodentia,Sciuridae,Spermophilus,5.0,,1.0,0.0777260273972603,,,
Spermophilus beldingi,,Rodentia,Sciuridae,Spermophilus,,,1.15317808219178,0.0717534246575342,,,
Sorex planiceps,,Eulipotyphla,Soricidae,Sorex,,,,,,,
Sorex portenkoi,,Eulipotyphla,Soricidae,Sorex,,,,,,,
Sorex preblei,,Eulipotyphla,Soricidae,Sorex,,,,,,,
Sorex pribilofensis,,Eulipotyphla,Soricidae,Sorex,,,,,,,
Sorex raddei,,Eulipotyphla,Soricidae,Sorex,,,,,,,
Sorex samniticus,,Eulipotyphla,Soricidae,Sorex,,,,,,,
Sorex satunini,,Eulipotyphla,Soricidae,Sorex,,,,,,,
Sorex saussurei,,Eulipotyphla,Soricidae,Sorex,,,,,,,
Sorex sclateri,,Eulipotyphla,Soricidae,Sorex,,,,,,,
Sorex shinto,,Eulipotyphla,Soricidae,Sorex,,,,,,,
Sorex sinalis,,Eulipotyphla,Soricidae,Sorex,,,,,,,
Sorex sonomae,,Eulipotyphla,Soricidae,Sorex,,,,,,,
Sorex stizodon,,Eulipotyphla,Soricidae,Sorex,,,,,,,
Sorex tenellus,,Eulipotyphla,Soricidae,Sorex,,,,,,,
Sorex thibetanus,,Eulipotyphla,Soricidae,Sorex,,,,,,,
Sorex ugyunak,,Eulipotyphla,Soricidae,Sorex,,,,,,,
Sorex unguiculatus,,Eulipotyphla,Soricidae,Sorex,1.5,,0.762383561643836,0.0767123287671233,,,
Spermophilus brevicauda,,Rodentia,Sciuridae,Spermophilus,,,,,,,
Spermophilus brunneus,,Rodentia,Sciuridae,Spermophilus,,,,0.0671232876712329,,,
Spermophilus canus,,Rodentia,Sciuridae,Spermophilus,,,,,,,
Spermophilus dauricus,,Rodentia,Sciuridae,Spermophilus,,,,0.0821917808219178,,,
Spermophilus elegans,,Rodentia,Sciuridae,Spermophilus,,,,0.0629315068493151,,,
Saimiri ustus,,Primates,Cebidae,Saimiri,,,,,,,
Saimiri vanzolinii,,Primates,Cebidae,Saimiri,,,,,,,
Salanoia concolor,,Carnivora,Eupleridae,Salanoia,4.8,,,,,,
Salinoctomys loschalchalerosorum,,Rodentia,Octodontidae,Salinoctomys,,,,,,,
Salinomys delicatus,,Rodentia,Cricetidae,Salinomys,,,,,,,
Salpingotulus michaelis,,Rodentia,Dipodidae,Salpingotulus,,,,,,,
Salpingotus crassicauda,,Rodentia,Dipodidae,Salpingotus,,,,,,,
Salpingotus heptneri,,Rodentia,Dipodidae,Salpingotus,,,,,,,
Salpingotus kozlovi,,Rodentia,Dipodidae,Salpingotus,,,,,,,
Salpingotus pallidus,,Rodentia,Dipodidae,Salpingotus,,,,,,,
Salpingotus thomasi,,Rodentia,Dipodidae,Salpingotus,,,,,,,
Sauromys petrophilus,,Chiroptera,Molossidae,Sauromys,,,,,,,
Scapanulus oweni,,Eulipotyphla,Talpidae,Scapanulus,,,,,,,
Scapanus latimanus,,Eulipotyphla,Talpidae,Scapanus,3.0,,,0.10958904109589,,,
Scapanus townsendii,,Eulipotyphla,Talpidae,Scapanus,,,,,,,
Scapteromys aquaticus,,Rodentia,Cricetidae,Scapteromys,,,,,,,
Scapteromys tumidus,,Rodentia,Cricetidae,Scapteromys,,,,,,,
Scaptochirus moschatus,,Eulipotyphla,Talpidae,Scaptochirus,,,,,,,
Scaptonyx fusicaudus,,Eulipotyphla,Talpidae,Scaptonyx,,,,,,,
Sciurillus pusillus,,Rodentia,Sciuridae,Sciurillus,,,,,,,
Sciurotamias forresti,,Rodentia,Sciuridae,Sciurotamias,,,,,,,
Sciurus alleni,,Rodentia,Sciuridae,Sciurus,,,,,,,
Sciurus anomalus,,Rodentia,Sciuridae,Sciurus,,,,,,,
Sciurus arizonensis,,Rodentia,Sciuridae,Sciurus,,,,,,,
Sciurus colliaei,,Rodentia,Sciuridae,Sciurus,,,,,,,
Sciurus flammifer,,Rodentia,Sciuridae,Sciurus,,,,,,,
Sciurus gilvigularis,,Rodentia,Sciuridae,Sciurus,,,,,,,
Sciurus igniventris,,Rodentia,Sciuridae,Sciurus,,,,,,,
Sciurus nayaritensis,,Rodentia,Sciuridae,Sciurus,,,,,,,
Sciurus oculatus,,Rodentia,Sciuridae,Sciurus,,,,,,,
Sciurus pucheranii,,Rodentia,Sciuridae,Sciurus,,,,,,,
Sciurus pyrrhinus,,Rodentia,Sciuridae,Sciurus,,,,,,,
Sciurus richmondi,,Rodentia,Sciuridae,Sciurus,,,,,,,
Sciurus sanborni,,Rodentia,Sciuridae,Sciurus,,,,,,,
Sciurus spadiceus,,Rodentia,Sciuridae,Sciurus,,,,,,,
Sciurus yucatanensis,,Rodentia,Sciuridae,Sciurus,,,,,,,
Scleronycteris ega,,Chiroptera,Phyllostomidae,Scleronycteris,,,,,,,
Scolomys melanops,,Rodentia,Cricetidae,Scolomys,,,,,,,
Scolomys ucayalensis,,Rodentia,Cricetidae,Scolomys,,,,,,,
Scoteanax rueppellii,,Chiroptera,Vespertilionidae,Scoteanax,,,,,,,
Scotinomys xerampelinus,,Rodentia,Cricetidae,Scotinomys,,,0.16227397260274,0.0918630136986301,,,
Scotoecus albigula,,Chiroptera,Vespertilionidae,Scotoecus,,,,,,,
Scotoecus albofuscus,,Chiroptera,Vespertilionidae,Scotoecus,,,,,,,
Scotoecus hindei,,Chiroptera,Vespertilionidae,Scotoecus,,,,,,,
Scotoecus hirundo,,Chiroptera,Vespertilionidae,Scotoecus,,,,,,,
Scotoecus pallidus,,Chiroptera,Vespertilionidae,Scotoecus,,,,,,,
Scotomanes ornatus,,Chiroptera,Vespertilionidae,Scotomanes,,,,,,,
Scotonycteris ophiodon,,Chiroptera,Pteropodidae,Scotonycteris,,,,,,,
Scotonycteris zenkeri,,Chiroptera,Pteropodidae,Scotonycteris,,,,,,,
Scotophilus borbonicus,,Chiroptera,Vespertilionidae,Scotophilus,,,,0.507671232876712,,,
Scotophilus celebensis,,Chiroptera,Vespertilionidae,Scotophilus,,,,,,,
Scotophilus collinus,,Chiroptera,Vespertilionidae,Scotophilus,,,,,,,
Scotophilus dinganii,,Chiroptera,Vespertilionidae,Scotophilus,,,,,,,
Scotophilus heathii,,Chiroptera,Vespertilionidae,Scotophilus,,,0.528520547945205,0.308767123287671,,,
Scotophilus kuhlii,,Chiroptera,Vespertilionidae,Scotophilus,,,0.664767123287671,0.301369863013699,,,
Scotophilus leucogaster,,Chiroptera,Vespertilionidae,Scotophilus,,,,0.624986301369863,,,
Scotophilus nigrita,,Chiroptera,Vespertilionidae,Scotophilus,,,,,,,
Scotophilus nucella,,Chiroptera,Vespertilionidae,Scotophilus,,,,,,,
Scotophilus nux,,Chiroptera,Vespertilionidae,Scotophilus,,,,,,,
Scotophilus robustus,,Chiroptera,Vespertilionidae,Scotophilus,,,,,,,
Scotophilus viridis,,Chiroptera,Vespertilionidae,Scotophilus,,,,,,,
Scotorepens greyii,,Chiroptera,Vespertilionidae,Scotorepens,,,,,,,
Scotorepens orion,,Chiroptera,Vespertilionidae,Scotorepens,,,,,,,
Scotorepens sanborni,,Chiroptera,Vespertilionidae,Scotorepens,,,,,,,
Scotozous dormeri,,Chiroptera,Vespertilionidae,Scotozous,,,,,,,
Scutisorex somereni,,Eulipotyphla,Soricidae,Scutisorex,,,,,,,
Selevinia betpakdalaensis,,Rodentia,Gliridae,Selevinia,,,,,,,
Semnopithecus ajax,,Primates,Cercopithecidae,Semnopithecus,,,,,,,
Semnopithecus dussumieri,,Primates,Cercopithecidae,Semnopithecus,,,,,,,
Semnopithecus hector,,Primates,Cercopithecidae,Semnopithecus,,,,,,,
Semnopithecus hypoleucos,,Primates,Cercopithecidae,Semnopithecus,,,,,,,
Semnopithecus priam,,Primates,Cercopithecidae,Semnopithecus,,,,,,,
Semnopithecus schistaceus,,Primates,Cercopithecidae,Semnopithecus,,,,,,,
Sicista armenica,,Rodentia,Dipodidae,Sicista,,,,,,,
Sicista caucasica,,Rodentia,Dipodidae,Sicista,,,,,,,
Sicista caudata,,Rodentia,Dipodidae,Sicista,,,,,,,
Sicista concolor,,Rodentia,Dipodidae,Sicista,,,,,,,
Sicista kazbegica,,Rodentia,Dipodidae,Sicista,,,,,,,
Sicista kluchorica,,Rodentia,Dipodidae,Sicista,,,,,,,
Sicista napaea,,Rodentia,Dipodidae,Sicista,,,,0.0547945205479452,,,
Sicista pseudonapaea,,Rodentia,Dipodidae,Sicista,,,,,,,
Sicista severtzovi,,Rodentia,Dipodidae,Sicista,,,,,,,
Sicista strandi,,Rodentia,Dipodidae,Sicista,,,,,,,
Sicista subtilis,,Rodentia,Dipodidae,Sicista,,,,,,,
Sicista tianshanica,,Rodentia,Dipodidae,Sicista,,,,,,,
Sigmodon alleni,,Rodentia,Cricetidae,Sigmodon,,,,0.1,,,
Sigmodon alstoni,,Rodentia,Cricetidae,Sigmodon,,,0.170931506849315,,,,
Sigmodon arizonae,,Rodentia,Cricetidae,Sigmodon,,,,,,,
Sigmodon fulviventer,,Rodentia,Cricetidae,Sigmodon,,,,0.1,,,
Sigmodon hirsutus,,Rodentia,Cricetidae,Sigmodon,,,,,,,
Sigmodon inopinatus,,Rodentia,Cricetidae,Sigmodon,,,,,,,
Sigmodon leucotis,,Rodentia,Cricetidae,Sigmodon,,,,0.0958630136986301,,,
Sigmodon mascotensis,,Rodentia,Cricetidae,Sigmodon,,,,,,,
Sigmodon ochrognathus,,Rodentia,Cricetidae,Sigmodon,,,0.139780821917808,0.0947671232876712,,,
Sigmodon peruanus,,Rodentia,Cricetidae,Sigmodon,,,,,,,
Sigmodon planifrons,,Rodentia,Cricetidae,Sigmodon,,,,,,,
Sigmodon toltecus,,Rodentia,Cricetidae,Sigmodon,,,,,,,
Sigmodon zanjonensis,,Rodentia,Cricetidae,Sigmodon,,,,,,,
Sigmodontomys alfari,,Rodentia,Cricetidae,Sigmodontomys,,,,,,,
Sigmodontomys aphrastus,,Rodentia,Cricetidae,Sigmodontomys,,,,,,,
Simias concolor,,Primates,Cercopithecidae,Simias,,,,,,,
Sminthopsis aitkeni,,Dasyuromorphia,Dasyuridae,Sminthopsis,,,,,,,
Sminthopsis archeri,,Dasyuromorphia,Dasyuridae,Sminthopsis,,,,,,,
Sminthopsis bindi,,Dasyuromorphia,Dasyuridae,Sminthopsis,,,,,,,
Sminthopsis boullangerensis,,Dasyuromorphia,Dasyuridae,Sminthopsis,,,,,,,
Sminthopsis butleri,,Dasyuromorphia,Dasyuridae,Sminthopsis,,,,,,,
Sminthopsis fuliginosus,,Dasyuromorphia,Dasyuridae,Sminthopsis,,,,,,,
Sminthopsis gilberti,,Dasyuromorphia,Dasyuridae,Sminthopsis,,,,,,,
Sminthopsis granulipes,,Dasyuromorphia,Dasyuridae,Sminthopsis,,,,,,,
Sminthopsis hirtipes,,Dasyuromorphia,Dasyuridae,Sminthopsis,,,,,,,
Sminthopsis leucopus,,Dasyuromorphia,Dasyuridae,Sminthopsis,2.5,,0.986438356164384,0.0474520547945205,,,
Sminthopsis longicaudata,,Dasyuromorphia,Dasyuridae,Sminthopsis,5.0,,,0.0389315068493151,,,
Sminthopsis murina,,Dasyuromorphia,Dasyuridae,Sminthopsis,2.0,,0.497287671232877,0.0342465753424658,,,
Sminthopsis psammophila,,Dasyuromorphia,Dasyuridae,Sminthopsis,5.0,,,,,,
Solenodon arredondoi,,Eulipotyphla,Solenodontidae,Solenodon,,,,,,,
Solenodon marcanoi,,Eulipotyphla,Solenodontidae,Solenodon,,,,,,,
Solisorex pearsoni,,Eulipotyphla,Soricidae,Solisorex,,,,,,,
Solomys ponceleti,,Rodentia,Muridae,Solomys,,,,,,,
Solomys salamonis,,Rodentia,Muridae,Solomys,,,,,,,
Solomys salebrosus,,Rodentia,Muridae,Solomys,,,,,,,
Solomys sapientis,,Rodentia,Muridae,Solomys,,,,,,,
Solomys spriggsarum,,Rodentia,Muridae,Solomys,,,,,,,
Sommeromys macrorhinos,,Rodentia,Muridae,Sommeromys,,,,,,,
Sorex alaskanus,,Eulipotyphla,Soricidae,Sorex,,,,,,,
Sorex antinorii,,Eulipotyphla,Soricidae,Sorex,,,,,,,
Sorex arizonae,,Eulipotyphla,Soricidae,Sorex,,,,,,,
Sorex arunchi,,Eulipotyphla,Soricidae,Sorex,,,,,,,
Sorex asper,,Eulipotyphla,Soricidae,Sorex,,,,,,,
Sorex averini,,Eulipotyphla,Soricidae,Sorex,,,,,,,
Sorex bairdi,,Eulipotyphla,Soricidae,Sorex,,,,,,,
Sorex bedfordiae,,Eulipotyphla,Soricidae,Sorex,,,,,,,
Sorex bendirii,,Eulipotyphla,Soricidae,Sorex,,,,,,,
Sorex buchariensis,,Eulipotyphla,Soricidae,Sorex,,,,,,,
Sorex camtschatica,,Eulipotyphla,Soricidae,Sorex,,,,,,,
Sorex cansulus,,Eulipotyphla,Soricidae,Sorex,,,,,,,
Sorex cylindricauda,,Eulipotyphla,Soricidae,Sorex,,,,,,,
Sorex daphaenodon,,Eulipotyphla,Soricidae,Sorex,,,,,,,
Sorex dispar,,Eulipotyphla,Soricidae,Sorex,,,,,,,
Sorex emarginatus,,Eulipotyphla,Soricidae,Sorex,,,,,,,
Sorex excelsus,,Eulipotyphla,Soricidae,Sorex,,,,,,,
Sorex gaspensis,,Eulipotyphla,Soricidae,Sorex,,,,,,,
Sorex gracillimus,,Eulipotyphla,Soricidae,Sorex,,,,,,,
Sorex granarius,,Eulipotyphla,Soricidae,Sorex,,,,,,,
Sorex haydeni,,Eulipotyphla,Soricidae,Sorex,,,,0.0561643835616438,,,
Sorex hosonoi,,Eulipotyphla,Soricidae,Sorex,,,,,,,
Sorex jacksoni,,Eulipotyphla,Soricidae,Sorex,,,,,,,
Sorex kozlovi,,Eulipotyphla,Soricidae,Sorex,,,,,,,
Sorex leucogaster,,Eulipotyphla,Soricidae,Sorex,,,,,,,
Sorex longirostris,,Eulipotyphla,Soricidae,Sorex,,,0.330684931506849,,,,
Sorex lyelli,,Eulipotyphla,Soricidae,Sorex,,,,,,,
Sorex macrodon,,Eulipotyphla,Soricidae,Sorex,,,,,,,
Sorex maritimensis,,Eulipotyphla,Soricidae,Sorex,,,,,,,
Sorex merriami,,Eulipotyphla,Soricidae,Sorex,,,,,,,
Sorex milleri,,Eulipotyphla,Soricidae,Sorex,,,,,,,
Sorex ventralis,,Eulipotyphla,Soricidae,Sorex,,,,,,,
Sorex veraecrucis,,Eulipotyphla,Soricidae,Sorex,,,,,,,
Sorex veraepacis,,Eulipotyphla,Soricidae,Sorex,,,,,,,
Sorex volnuchini,,Eulipotyphla,Soricidae,Sorex,,,,,,,
Sorex yukonicus,,Eulipotyphla,Soricidae,Sorex,,,,,,,
Soriculus nigrescens,,Eulipotyphla,Soricidae,Soriculus,,,,,,,
Sousa teuszii,,Artiodactyla,Delphinidae,Sousa,,,,,,,
Spalax arenarius,,Rodentia,Spalacidae,Spalax,,,,,,,
Spalax carmeli,,Rodentia,Spalacidae,Spalax,,,,,,,
Spalax giganteus,,Rodentia,Spalacidae,Spalax,,,,,,,
Spalax golani,,Rodentia,Spalacidae,Spalax,,,,,,,
Aeretes melanopterus,,Rodentia,Sciuridae,Aeretes,,,,,,,
Aeromys tephromelas,,Rodentia,Sciuridae,Aeromys,,,,,,,
Aeromys thomasi,,Rodentia,Sciuridae,Aeromys,,,,,,,
Aethalops aequalis,,Chiroptera,Pteropodidae,Aethalops,,,,,,,
Aethalops alecto,,Chiroptera,Pteropodidae,Aethalops,,,,,,,
Aethomys bocagei,,Rodentia,Muridae,Aethomys,,,,,,,
Spermophilus erythrogenys,,Rodentia,Sciuridae,Spermophilus,,,,,,,
Spermophilus franklinii,,Rodentia,Sciuridae,Spermophilus,,,0.903753424657534,0.0767123287671233,,,
Spermophilus fulvus,,Rodentia,Sciuridae,Spermophilus,,,,0.0833150684931507,,,
Spermophilus lateralis,,Rodentia,Sciuridae,Spermophilus,,,1.15317808219178,0.0778630136986301,,,
Spermophilus madrensis,,Rodentia,Sciuridae,Spermophilus,,,,,,,
Spermophilus major,,Rodentia,Sciuridae,Spermophilus,,,,,,,
Spermophilus mexicanus,,Rodentia,Sciuridae,Spermophilus,,,,,,,
Spermophilus mohavensis,,Rodentia,Sciuridae,Spermophilus,,,,0.0666027397260274,,,
Spermophilus mollis,,Rodentia,Sciuridae,Spermophilus,,,,,,,
Spermophilus musicus,,Rodentia,Sciuridae,Spermophilus,,,,,,,
Spermophilus pallidicauda,,Rodentia,Sciuridae,Spermophilus,,,,,,,
Spermophilus parryii,,Rodentia,Sciuridae,Spermophilus,,,1.15317808219178,0.0689315068493151,,,
Spermophilus perotensis,,Rodentia,Sciuridae,Spermophilus,,,,,,,
Spermophilus ralli,,Rodentia,Sciuridae,Spermophilus,,,,,,,
Spermophilus relictus,,Rodentia,Sciuridae,Spermophilus,,,,,,,
Spermophilus richardsonii,,Rodentia,Sciuridae,Spermophilus,,,0.932301369863014,0.0624657534246575,,,
Spermophilus saturatus,,Rodentia,Sciuridae,Spermophilus,,,,,,,
Spermophilus spilosoma,,Rodentia,Sciuridae,Spermophilus,,,1.01706849315069,,,,
Spermophilus suslicus,,Rodentia,Sciuridae,Spermophilus,,,,0.0614794520547945,,,
Spermophilus tereticaudus,,Rodentia,Sciuridae,Spermophilus,,,0.889945205479452,0.0755342465753425,,,
Spermophilus townsendii,,Rodentia,Sciuridae,Spermophilus,,,1.13380821917808,0.0604109589041096,,,
Spermophilus tridecemlineatus,,Rodentia,Sciuridae,Spermophilus,,,0.72372602739726,0.0753424657534247,,,
Spermophilus undulatus,,Rodentia,Sciuridae,Spermophilus,,,,0.0693972602739726,,,
Spermophilus variegatus,,Rodentia,Sciuridae,Spermophilus,,,1.15317808219178,0.0821917808219178,,,
Spermophilus washingtoni,,Rodentia,Sciuridae,Spermophilus,,,,,,,
Spermophilus xanthoprymnus,,Rodentia,Sciuridae,Spermophilus,,,,,,,
Sphaerias blanfordi,,Chiroptera,Pteropodidae,Sphaerias,,,,,,,
Sphaeronycteris toxophyllum,,Chiroptera,Phyllostomidae,Sphaeronycteris,,,,,,,
Sphiggurus ichillus,,Rodentia,Erethizontidae,Sphiggurus,,,,,,,
Sphiggurus insidiosus,,Rodentia,Erethizontidae,Sphiggurus,,,,,,,
Sphiggurus melanurus,,Rodentia,Erethizontidae,Sphiggurus,,,,,,,
Aepeomys lugens,,Rodentia,Cricetidae,Aepeomys,,,,,,,
Aepeomys reigi,,Rodentia,Cricetidae,Aepeomys,,,,,,,
Aethomys chrysophilus,,Rodentia,Muridae,Aethomys,,,0.263150684931507,0.0716986301369863,,,
Aethomys hindei,,Rodentia,Muridae,Aethomys,,,0.161945205479452,0.0675616438356164,,,
Aethomys ineptus,,Rodentia,Muridae,Aethomys,,,,,,,
Aethomys kaiseri,,Rodentia,Muridae,Aethomys,,,,0.073972602739726,,,
Aethomys nyikae,,Rodentia,Muridae,Aethomys,,,,,,,
Aethomys silindensis,,Rodentia,Muridae,Aethomys,,,,,,,
Aethomys stannarius,,Rodentia,Muridae,Aethomys,,,,,,,
Aethomys thomasi,,Rodentia,Muridae,Aethomys,,,,,,,
Ailurops melanotis,,Diprotodontia,Phalangeridae,Ailurops,,,,,,,
Akodon aerosus,,Rodentia,Cricetidae,Akodon,,,,,,,
Spilocuscus papuensis,,Diprotodontia,Phalangeridae,Spilocuscus,,,,,,,
Spilocuscus rufoniger,,Diprotodontia,Phalangeridae,Spilocuscus,,,,,,,
Spilogale angustifrons,,Carnivora,Mephitidae,Spilogale,,,,,,,
Spilogale gracilis,,Carnivora,Mephitidae,Spilogale,,,,,,,
Spilogale pygmaea,,Carnivora,Mephitidae,Spilogale,,,,0.129369863013699,,,
Srilankamys ohiensis,,Rodentia,Muridae,Srilankamys,,,,,,,
Steatomys bocagei,,Rodentia,Nesomyidae,Steatomys,,,,,,,
Steatomys caurinus,,Rodentia,Nesomyidae,Steatomys,,,,,,,
Steatomys cuppedius,,Rodentia,Nesomyidae,Steatomys,,,,,,,
Steatomys jacksoni,,Rodentia,Nesomyidae,Steatomys,,,,,,,
Steatomys krebsii,,Rodentia,Nesomyidae,Steatomys,,,,,,,
Steatomys opimus,,Rodentia,Nesomyidae,Steatomys,,,,,,,
Steatomys parvus,,Rodentia,Nesomyidae,Steatomys,,,,,,,
Stenella clymene,,Artiodactyla,Delphinidae,Stenella,,,,,,,
Stenella frontalis,,Artiodactyla,Delphinidae,Stenella,,,,,,,
Stenella longirostris,,Artiodactyla,Delphinidae,Stenella,,,6.73578082191781,0.883315068493151,,,
Stenocephalemys albipes,,Rodentia,Muridae,Stenocephalemys,,,,,,,
Stenocephalemys albocaudata,,Rodentia,Muridae,Stenocephalemys,,,,,,,
Stenocephalemys griseicauda,,Rodentia,Muridae,Stenocephalemys,,,,,,,
Stenocephalemys ruppi,,Rodentia,Muridae,Stenocephalemys,,,,,,,
Stenoderma rufum,,Chiroptera,Phyllostomidae,Stenoderma,,,,,,,
Stochomys longicaudatus,,Rodentia,Muridae,Stochomys,,,,,,,
Strigocuscus celebensis,,Diprotodontia,Phalangeridae,Strigocuscus,,,,,,,
Strigocuscus pelengensis,,Diprotodontia,Phalangeridae,Strigocuscus,,,,,,,
Sturnira aratathomasi,,Chiroptera,Phyllostomidae,Sturnira,,,,,,,
Sturnira bidens,,Chiroptera,Phyllostomidae,Sturnira,,,,,,,
Sturnira bogotensis,,Chiroptera,Phyllostomidae,Sturnira,,,,,,,
Sturnira erythromos,,Chiroptera,Phyllostomidae,Sturnira,,,,,,,
Sturnira ludovici,,Chiroptera,Phyllostomidae,Sturnira,,,,,,,
Sturnira luisi,,Chiroptera,Phyllostomidae,Sturnira,,,,,,,
Sturnira magna,,Chiroptera,Phyllostomidae,Sturnira,,,,,,,
Sturnira mistratensis,,Chiroptera,Phyllostomidae,Sturnira,,,,,,,
Sturnira mordax,,Chiroptera,Phyllostomidae,Sturnira,,,,,,,
Sturnira nana,,Chiroptera,Phyllostomidae,Sturnira,,,,,,,
Sturnira oporaphilum,,Chiroptera,Phyllostomidae,Sturnira,,,,,,,
Sturnira thomasi,,Chiroptera,Phyllostomidae,Sturnira,,,,,,,
Sturnira tildae,,Chiroptera,Phyllostomidae,Sturnira,,,,,,,
Styloctenium wallacei,,Chiroptera,Pteropodidae,Styloctenium,,,,,,,
Stylodipus andrewsi,,Rodentia,Dipodidae,Stylodipus,,,,,,,
Stylodipus sungorus,,Rodentia,Dipodidae,Stylodipus,,,,,,,
Stylodipus telum,,Rodentia,Dipodidae,Stylodipus,,,,,,,
Suncus aequatorius,,Eulipotyphla,Soricidae,Suncus,,,,,,,
Suncus ater,,Eulipotyphla,Soricidae,Suncus,,,,,,,
Suncus dayi,,Eulipotyphla,Soricidae,Suncus,,,,,,,
Suncus fellowesgordoni,,Eulipotyphla,Soricidae,Suncus,,,,,,,
Suncus hosei,,Eulipotyphla,Soricidae,Suncus,,,,,,,
Suncus infinitesimus,,Eulipotyphla,Soricidae,Suncus,,,,,,,
Suncus lixus,,Eulipotyphla,Soricidae,Suncus,,,,,,,
Suncus madagascariensis,,Eulipotyphla,Soricidae,Suncus,,,,,,,
Suncus malayanus,,Eulipotyphla,Soricidae,Suncus,,,,,,,
Suncus megalura,,Eulipotyphla,Soricidae,Suncus,,,,,,,
Suncus mertensi,,Eulipotyphla,Soricidae,Suncus,,,,,,,
Suncus montanus,,Eulipotyphla,Soricidae,Suncus,,,,,,,
Suncus remyi,,Eulipotyphla,Soricidae,Suncus,,,,,,,
Suncus stoliczkanus,,Eulipotyphla,Soricidae,Suncus,,,,,,,
Suncus zeylanicus,,Eulipotyphla,Soricidae,Suncus,,,,,,,
Sundamys infraluteus,,Rodentia,Muridae,Sundamys,,,,,,,
Sundamys maxi,,Rodentia,Muridae,Sundamys,,,,,,,
Tadarida fulminans,,Chiroptera,Molossidae,Tadarida,,,,0.28572602739726,,,
Tadarida insignis,,Chiroptera,Molossidae,Tadarida,,,,,,,
Tadarida kuboriensis,,Chiroptera,Molossidae,Tadarida,,,,,,,
Tragulus kanchil,,Artiodactyla,Tragulidae,Tragulus,,,,,,,
Tragulus nigricans,,Artiodactyla,Tragulidae,Tragulus,,,,,,,
Tragulus versicolor,,Artiodactyla,Tragulidae,Tragulus,,,,,,,
Tragulus williamsoni,,Artiodactyla,Tragulidae,Tragulus,,,,,,,
Triaenops auritus,,Chiroptera,Hipposideridae,Triaenops,,,,,,,
Triaenops furculus,,Chiroptera,Hipposideridae,Triaenops,,,,,,,
Triaenops persicus,,Chiroptera,Hipposideridae,Triaenops,,,,,,,
Triaenops rufus,,Chiroptera,Hipposideridae,Triaenops,,,,,,,
Trichechus senegalensis,,Sirenia,Trichechidae,Trichechus,,,,1.04164383561644,,,
Trichosurus cunninghami,,Diprotodontia,Phalangeridae,Trichosurus,,,,,,,
Trichosurus johnstonii,,Diprotodontia,Phalangeridae,Trichosurus,,,,,,,
Trinomys albispinus,,Rodentia,Echimyidae,Trinomys,,,,,,,
Tadarida latouchei,,Chiroptera,Molossidae,Tadarida,,,,,,,
Tarsius bancanus,,Primates,Tarsiidae,Tarsius,12.0,,1.80460273972603,0.344767123287671,,,
Tarsius dentatus,,Primates,Tarsiidae,Tarsius,,,,,,,
Tarsius pelengensis,,Primates,Tarsiidae,Tarsius,,,,,,,
Tarsius pumilus,,Primates,Tarsiidae,Tarsius,,,,,,,
Sphiggurus pruinosus,,Rodentia,Erethizontidae,Sphiggurus,,,,,,,
Sphiggurus roosmalenorum,,Rodentia,Erethizontidae,Sphiggurus,,,,,,,
Sphiggurus spinosus,,Rodentia,Erethizontidae,Sphiggurus,,,,,,,
Sphiggurus vestitus,,Rodentia,Erethizontidae,Sphiggurus,,,,,,,
Spilocuscus kraemeri,,Diprotodontia,Phalangeridae,Spilocuscus,,,,,,,
Acomys chudeaui,,Rodentia,Muridae,Acomys,,,,,,,
Acomys cineraceus,,Rodentia,Muridae,Acomys,,,,,,,
Acomys dimidiatus,,Rodentia,Muridae,Acomys,,,,,,,
Acomys ignitus,,Rodentia,Muridae,Acomys,,,,,,,
Acomys johannis,,Rodentia,Muridae,Acomys,,,,,,,
Acomys kempi,,Rodentia,Muridae,Acomys,,,,,,,
Acomys louisae,,Rodentia,Muridae,Acomys,,,,,,,
Acomys mullah,,Rodentia,Muridae,Acomys,,,,,,,
Acomys nesiotes,,Rodentia,Muridae,Acomys,,,,,,,
Acomys percivali,,Rodentia,Muridae,Acomys,,,,,,,
Acomys seurati,,Rodentia,Muridae,Acomys,,,,,,,
Acomys spinosissimus,,Rodentia,Muridae,Acomys,,,,,,,
Acomys subspinosus,,Rodentia,Muridae,Acomys,,,,,,,
Aconaemys fuscus,,Rodentia,Octodontidae,Aconaemys,,,,,,,
Aconaemys porteri,,Rodentia,Octodontidae,Aconaemys,,,,,,,
Aconaemys sagei,,Rodentia,Octodontidae,Aconaemys,,,,,,,
Sundasciurus brookei,,Rodentia,Sciuridae,Sundasciurus,,,,,,,
Sundasciurus davensis,,Rodentia,Sciuridae,Sundasciurus,,,,,,,
Sundasciurus fraterculus,,Rodentia,Sciuridae,Sundasciurus,,,,,,,
Sundasciurus hoogstraali,,Rodentia,Sciuridae,Sundasciurus,,,,,,,
Sundasciurus jentinki,,Rodentia,Sciuridae,Sundasciurus,,,,,,,
Sundasciurus juvencus,,Rodentia,Sciuridae,Sundasciurus,,,,,,,
Sundasciurus mindanensis,,Rodentia,Sciuridae,Sundasciurus,,,,,,,
Sundasciurus moellendorffi,,Rodentia,Sciuridae,Sundasciurus,,,,,,,
Sundasciurus philippinensis,,Rodentia,Sciuridae,Sundasciurus,,,,,,,
Sundasciurus rabori,,Rodentia,Sciuridae,Sundasciurus,,,,,,,
Sundasciurus samarensis,,Rodentia,Sciuridae,Sundasciurus,,,,,,,
Sundasciurus steerii,,Rodentia,Sciuridae,Sundasciurus,,,,,,,
Surdisorex norae,,Eulipotyphla,Soricidae,Surdisorex,,,,,,,
Surdisorex polulus,,Eulipotyphla,Soricidae,Surdisorex,,,,,,,
Sus ahoenobarbus,,Artiodactyla,Suidae,Sus,,,,,,,
Sus bucculentus,,Artiodactyla,Suidae,Sus,,,,,,,
Sus cebifrons,,Artiodactyla,Suidae,Sus,,,0.775835616438356,0.342849315068493,,,
Sus celebensis,,Artiodactyla,Suidae,Sus,,,,0.345205479452055,,,
Sus oliveri,,Artiodactyla,Suidae,Sus,,,,,,,
Sus philippensis,,Artiodactyla,Suidae,Sus,,,0.775835616438356,0.342849315068493,,,
Syconycteris australis,,Chiroptera,Pteropodidae,Syconycteris,,,,,,,
Syconycteris carolinae,,Chiroptera,Pteropodidae,Syconycteris,,,,,,,
Syconycteris hobbit,,Chiroptera,Pteropodidae,Syconycteris,,,,,,,
Sylvilagus aquaticus,,Lagomorpha,Leporidae,Sylvilagus,,,0.42386301369863,0.102027397260274,,,
Sylvilagus cognatus,,Lagomorpha,Leporidae,Sylvilagus,,,,,,,
Sylvilagus cunicularius,,Lagomorpha,Leporidae,Sylvilagus,,,,0.0821917808219178,,,
Sylvilagus dicei,,Lagomorpha,Leporidae,Sylvilagus,9.0,,,0.0833150684931507,,,
Sylvilagus graysoni,,Lagomorpha,Leporidae,Sylvilagus,,,,,,,
Sylvilagus insonus,,Lagomorpha,Leporidae,Sylvilagus,,,,,,,
Sylvilagus mansuetus,,Lagomorpha,Leporidae,Sylvilagus,,,,,,,
Sylvilagus obscurus,,Lagomorpha,Leporidae,Sylvilagus,,,,,,,
Sylvilagus robustus,,Lagomorpha,Leporidae,Sylvilagus,,,,,,,
Sylvilagus varynaensis,,Lagomorpha,Leporidae,Sylvilagus,,,,,,,
Sylvisorex camerunensis,,Eulipotyphla,Soricidae,Sylvisorex,,,,,,,
Sylvisorex granti,,Eulipotyphla,Soricidae,Sylvisorex,,,,,,,
Sylvisorex howelli,,Eulipotyphla,Soricidae,Sylvisorex,,,,,,,
Sylvisorex isabellae,,Eulipotyphla,Soricidae,Sylvisorex,,,,,,,
Sylvisorex johnstoni,,Eulipotyphla,Soricidae,Sylvisorex,,,,,,,
Sylvisorex konganensis,,Eulipotyphla,Soricidae,Sylvisorex,,,,,,,
Sylvisorex lunaris,,Eulipotyphla,Soricidae,Sylvisorex,,,,,,,
Sylvisorex morio,,Eulipotyphla,Soricidae,Sylvisorex,,,,,,,
Sylvisorex ollula,,Eulipotyphla,Soricidae,Sylvisorex,,,,,,,
Sylvisorex oriundus,,Eulipotyphla,Soricidae,Sylvisorex,,,,,,,
Sylvisorex pluvialis,,Eulipotyphla,Soricidae,Sylvisorex,,,,,,,
Sylvisorex vulcanorum,,Eulipotyphla,Soricidae,Sylvisorex,,,,,,,
Synaptomys borealis,,Rodentia,Cricetidae,Synaptomys,,,,,,,
Syntheosciurus brochus,,Rodentia,Sciuridae,Syntheosciurus,,,,,,,
Tachyoryctes ankoliae,,Rodentia,Spalacidae,Tachyoryctes,,,,,,,
Tachyoryctes annectens,,Rodentia,Spalacidae,Tachyoryctes,,,,,,,
Tachyoryctes audax,,Rodentia,Spalacidae,Tachyoryctes,,,,,,,
Tachyoryctes daemon,,Rodentia,Spalacidae,Tachyoryctes,,,,,,,
Tachyoryctes ibeanus,,Rodentia,Spalacidae,Tachyoryctes,,,,,,,
Tachyoryctes macrocephalus,,Rodentia,Spalacidae,Tachyoryctes,,,,,,,
Tachyoryctes naivashae,,Rodentia,Spalacidae,Tachyoryctes,,,,,,,
Tachyoryctes rex,,Rodentia,Spalacidae,Tachyoryctes,,,,,,,
Tachyoryctes ruandae,,Rodentia,Spalacidae,Tachyoryctes,,,,0.133232876712329,,,
Tachyoryctes ruddi,,Rodentia,Spalacidae,Tachyoryctes,,,,,,,
Tachyoryctes spalacinus,,Rodentia,Spalacidae,Tachyoryctes,,,,,,,
Tachyoryctes storeyi,,Rodentia,Spalacidae,Tachyoryctes,,,,,,,
Tadarida aegyptiaca,,Chiroptera,Molossidae,Tadarida,,,0.816821917808219,0.234301369863014,,,
Tadarida australis,,Chiroptera,Molossidae,Tadarida,,,,,,,
Tadarida lobata,,Chiroptera,Molossidae,Tadarida,,,,,,,
Tadarida ventralis,,Chiroptera,Molossidae,Tadarida,,,,,,,
Taeromys arcuatus,,Rodentia,Muridae,Taeromys,,,,,,,
Taeromys callitrichus,,Rodentia,Muridae,Taeromys,,,,,,,
Taeromys celebensis,,Rodentia,Muridae,Taeromys,,,,,,,
Taeromys hamatus,,Rodentia,Muridae,Taeromys,,,,,,,
Taeromys microbullatus,,Rodentia,Muridae,Taeromys,,,,,,,
Taeromys punicans,,Rodentia,Muridae,Taeromys,,,,,,,
Taeromys taerae,,Rodentia,Muridae,Taeromys,,,,,,,
Talpa altaica,,Eulipotyphla,Talpidae,Talpa,,,,0.791643835616438,,,
Talpa caeca,,Eulipotyphla,Talpidae,Talpa,,,,,,,
Talpa caucasica,,Eulipotyphla,Talpidae,Talpa,,,,,,,
Talpa davidiana,,Eulipotyphla,Talpidae,Talpa,,,,,,,
Talpa levantis,,Eulipotyphla,Talpidae,Talpa,,,,,,,
Talpa romana,,Eulipotyphla,Talpidae,Talpa,,,,,,,
Talpa stankovici,,Eulipotyphla,Talpidae,Talpa,,,,,,,
Tamias alpinus,,Rodentia,Sciuridae,Tamias,,,,,,,
Tamias bulleri,,Rodentia,Sciuridae,Tamias,,,,,,,
Tamias canipes,,Rodentia,Sciuridae,Tamias,,,,,,,
Tamias cinereicollis,,Rodentia,Sciuridae,Tamias,,,,0.0827123287671233,,,
Tamias durangae,,Rodentia,Sciuridae,Tamias,,,,,,,
Tamias merriami,,Rodentia,Sciuridae,Tamias,,,,0.0914246575342466,,,
Tamias obscurus,,Rodentia,Sciuridae,Tamias,,,,,,,
Tamias ochrogenys,,Rodentia,Sciuridae,Tamias,,,,,,,
Tamias palmeri,,Rodentia,Sciuridae,Tamias,,,,0.090986301369863,,,
Tamias panamintinus,,Rodentia,Sciuridae,Tamias,,,,0.0992602739726027,,,
Tamias rufus,,Rodentia,Sciuridae,Tamias,,,0.889945205479452,0.09,,,
Tamias senex,,Rodentia,Sciuridae,Tamias,,,,,,,
Tamias siskiyou,,Rodentia,Sciuridae,Tamias,,,,,,,
Tamias sonomae,,Rodentia,Sciuridae,Tamias,,,,,,,
Tamias speciosus,,Rodentia,Sciuridae,Tamias,,,,,,,
Tamias umbrinus,,Rodentia,Sciuridae,Tamias,,,,,,,
Tamiasciurus mearnsi,,Rodentia,Sciuridae,Tamiasciurus,,,,,,,
Tamiops maritimus,,Rodentia,Sciuridae,Tamiops,,,,,,,
Tamiops mcclellandii,,Rodentia,Sciuridae,Tamiops,,,,,,,
Tamiops rodolphii,,Rodentia,Sciuridae,Tamiops,,,,,,,
Tamiops swinhoei,,Rodentia,Sciuridae,Tamiops,,,,,,,
Tapecomys primus,,Rodentia,Cricetidae,Tapecomys,,,,,,,
Taphozous achates,,Chiroptera,Emballonuridae,Taphozous,,,,,,,
Taphozous australis,,Chiroptera,Emballonuridae,Taphozous,,,,,,,
Taphozous georgianus,,Chiroptera,Emballonuridae,Taphozous,5.0,,0.762383561643836,0.292767123287671,,,
Taphozous hamiltoni,,Chiroptera,Emballonuridae,Taphozous,,,,,,,
Taphozous hildegardeae,,Chiroptera,Emballonuridae,Taphozous,,,,,,,
Taphozous hilli,,Chiroptera,Emballonuridae,Taphozous,,,,,,,
Taphozous kapalgensis,,Chiroptera,Emballonuridae,Taphozous,,,,,,,
Taphozous longimanus,,Chiroptera,Emballonuridae,Taphozous,,,0.463452054794521,0.293753424657534,,,
Taphozous mauritianus,,Chiroptera,Emballonuridae,Taphozous,,,,0.117506849315068,,,
Taphozous melanopogon,,Chiroptera,Emballonuridae,Taphozous,,,1.02572602739726,0.335616438356164,,,
Taphozous nudiventris,,Chiroptera,Emballonuridae,Taphozous,,,1.15591780821918,0.27427397260274,,,
Taphozous perforatus,,Chiroptera,Emballonuridae,Taphozous,,,,0.249972602739726,,,
Taphozous theobaldi,,Chiroptera,Emballonuridae,Taphozous,,,,,,,
Taphozous troughtoni,,Chiroptera,Emballonuridae,Taphozous,,,,,,,
Tapirus bairdii,,Perissodactyla,Tapiridae,Tapirus,,,1.94649315068493,1.08558904109589,,,
Tapirus indicus,,Perissodactyla,Tapiridae,Tapirus,30.0,,3.10334246575342,1.08630136986301,,,
Tarsius sangirensis,,Primates,Tarsiidae,Tarsius,,,,,,,
Tarsius syrichta,,Primates,Tarsiidae,Tarsius,15.0,,,0.487643835616438,,,
Abditomys latidens,,Rodentia,Muridae,Abditomys,,,,,,,
Abeomelomys sevia,,Rodentia,Muridae,Abeomelomys,,,,,,,
Abrawayaomys ruschii,,Rodentia,Cricetidae,Abrawayaomys,,,,,,,
Abrocoma boliviensis,,Rodentia,Abrocomidae,Abrocoma,,,,,,,
Abrocoma budini,,Rodentia,Abrocomidae,Abrocoma,,,,,,,
Abrocoma cinerea,,Rodentia,Abrocomidae,Abrocoma,,,,0.299972602739726,,,
Abrocoma famatina,,Rodentia,Abrocomidae,Abrocoma,,,,,,,
Abrocoma shistacea,,Rodentia,Abrocomidae,Abrocoma,,,,,,,
Abrocoma uspallata,,Rodentia,Abrocomidae,Abrocoma,,,,,,,
Abrocoma vaccarum,,Rodentia,Abrocomidae,Abrocoma,,,,,,,
Abrothrix andinus,,Rodentia,Cricetidae,Abrothrix,,,,,,,
Abrothrix hershkovitzi,,Rodentia,Cricetidae,Abrothrix,,,,,,,
Abrothrix illuteus,,Rodentia,Cricetidae,Abrothrix,,,,,,,
Abrothrix jelskii,,Rodentia,Cricetidae,Abrothrix,,,,,,,
Abrothrix lanosus,,Rodentia,Cricetidae,Abrothrix,,,,,,,
Abrothrix longipilis,,Rodentia,Cricetidae,Abrothrix,,,0.14172602739726,,,,
Abrothrix markhami,,Rodentia,Cricetidae,Abrothrix,,,,,,,
Abrothrix olivaceus,,Rodentia,Cricetidae,Abrothrix,1.0,,0.466794520547945,,,,
Abrothrix sanborni,,Rodentia,Cricetidae,Abrothrix,,,,,,,
Acerodon celebensis,,Chiroptera,Pteropodidae,Acerodon,,,,,,,
Acerodon humilis,,Chiroptera,Pteropodidae,Acerodon,,,,,,,
Acerodon jubatus,,Chiroptera,Pteropodidae,Acerodon,,,,,,,
Acerodon leucotis,,Chiroptera,Pteropodidae,Acerodon,,,,,,,
Acerodon mackloti,,Chiroptera,Pteropodidae,Acerodon,,,,,,,
Acomys airensis,,Rodentia,Muridae,Acomys,,,,,,,
Akodon affinis,,Rodentia,Cricetidae,Akodon,,,,,,,
Akodon albiventer,,Rodentia,Cricetidae,Akodon,,,,,,,
Akodon aliquantulus,,Rodentia,Cricetidae,Akodon,,,,,,,
Akodon azarae,,Rodentia,Cricetidae,Akodon,,,0.169506849315068,0.063013698630137,,,
Akodon bogotensis,,Rodentia,Cricetidae,Akodon,,,,,,,
Akodon boliviensis,,Rodentia,Cricetidae,Akodon,,,,,,,
Akodon budini,,Rodentia,Cricetidae,Akodon,,,,,,,
Akodon cursor,,Rodentia,Cricetidae,Akodon,,,,,,,
Akodon dayi,,Rodentia,Cricetidae,Akodon,,,,,,,
Akodon dolores,,Rodentia,Cricetidae,Akodon,,,,,,,
Akodon fumeus,,Rodentia,Cricetidae,Akodon,,,,,,,
Akodon iniscatus,,Rodentia,Cricetidae,Akodon,,,,,,,
Akodon juninensis,,Rodentia,Cricetidae,Akodon,,,,,,,
Akodon kofordi,,Rodentia,Cricetidae,Akodon,,,,,,,
Akodon latebricola,,Rodentia,Cricetidae,Akodon,,,,,,,
Akodon leucolimnaeus,,Rodentia,Cricetidae,Akodon,,,,,,,
Akodon lindberghi,,Rodentia,Cricetidae,Akodon,,,,,,,
Akodon lutescens,,Rodentia,Cricetidae,Akodon,,,,,,,
Akodon mimus,,Rodentia,Cricetidae,Akodon,,,,,,,
Akodon molinae,,Rodentia,Cricetidae,Akodon,,,0.0769041095890411,0.063013698630137,,,
Akodon mollis,,Rodentia,Cricetidae,Akodon,,,,,,,
Akodon montensis,,Rodentia,Cricetidae,Akodon,,,,,,,
Akodon mystax,,Rodentia,Cricetidae,Akodon,,,,,,,
Akodon neocenus,,Rodentia,Cricetidae,Akodon,,,,,,,
Akodon oenos,,Rodentia,Cricetidae,Akodon,,,,,,,
Akodon orophilus,,Rodentia,Cricetidae,Akodon,,,,,,,
Akodon paranaensis,,Rodentia,Cricetidae,Akodon,,,,,,,
Akodon pervalens,,Rodentia,Cricetidae,Akodon,,,,,,,
Akodon reigi,,Rodentia,Cricetidae,Akodon,,,,,,,
Akodon sanctipaulensis,,Rodentia,Cricetidae,Akodon,,,,,,,
Akodon serrensis,,Rodentia,Cricetidae,Akodon,,,,,,,
Akodon siberiae,,Rodentia,Cricetidae,Akodon,,,,,,,
Akodon simulator,,Rodentia,Cricetidae,Akodon,,,,,,,
Akodon spegazzinii,,Rodentia,Cricetidae,Akodon,,,,,,,
Akodon subfuscus,,Rodentia,Cricetidae,Akodon,,,,,,,
Akodon surdus,,Rodentia,Cricetidae,Akodon,,,,,,,
Akodon sylvanus,,Rodentia,Cricetidae,Akodon,,,,,,,
Akodon toba,,Rodentia,Cricetidae,Akodon,,,,,,,
Akodon torques,,Rodentia,Cricetidae,Akodon,,,,,,,
Akodon varius,,Rodentia,Cricetidae,Akodon,,,,,,,
Alcelaphus caama,,Artiodactyla,Bovidae,Alcelaphus,15.3,,,,,,
Alcelaphus lichtensteinii,,Artiodactyla,Bovidae,Alcelaphus,,,1.63367123287671,0.649315068493151,,,
Alces americanus,,Artiodactyla,Cervidae,Alces,25.0,,1.72978082191781,0.671232876712329,,,
Alionycteris paucidentata,,Chiroptera,Pteropodidae,Alionycteris,,,,,,,
Allactaga balikunica,,Rodentia,Dipodidae,Allactaga,,,,,,,
Allactaga bullata,,Rodentia,Dipodidae,Allactaga,,,,,,,
Allactaga firouzi,,Rodentia,Dipodidae,Allactaga,,,,,,,
Allactaga hotsoni,,Rodentia,Dipodidae,Allactaga,,,,,,,
Allactaga severtzovi,,Rodentia,Dipodidae,Allactaga,,,,,,,
Allactaga tetradactyla,,Rodentia,Dipodidae,Allactaga,,,,,,,
Allactaga vinogradovi,,Rodentia,Dipodidae,Allactaga,,,,,,,
Allactaga williamsi,,Rodentia,Dipodidae,Allactaga,,,,,,,
Allactodipus bobrinskii,,Rodentia,Dipodidae,Allactodipus,,,,,,,
Allocebus trichotis,,Primates,Cheirogaleidae,Allocebus,,,,,,,
Allocricetulus curtatus,,Rodentia,Cricetidae,Allocricetulus,,,,,,,
Allocricetulus eversmanni,,Rodentia,Cricetidae,Allocricetulus,,,,,,,
Alouatta belzebul,,Primates,Atelidae,Alouatta,,,,,,,
Alouatta coibensis,,Primates,Atelidae,Alouatta,,,,,,,
Alouatta macconnelli,,Primates,Atelidae,Alouatta,,,,,,,
Alouatta nigerrima,,Primates,Atelidae,Alouatta,,,,,,,
Alticola albicaudus,,Rodentia,Cricetidae,Alticola,,,,,,,
Alticola lemminus,,Rodentia,Cricetidae,Alticola,,,,,,,
Alticola macrotis,,Rodentia,Cricetidae,Alticola,,,,,,,
Alticola montosa,,Rodentia,Cricetidae,Alticola,,,,,,,
Alticola olchonensis,,Rodentia,Cricetidae,Alticola,,,,,,,
Alticola roylei,,Rodentia,Cricetidae,Alticola,,,,,,,
Alticola stoliczkanus,,Rodentia,Cricetidae,Alticola,,,,,,,
Alticola tuvinicus,,Rodentia,Cricetidae,Alticola,,,,,,,
Amblyrhiza inundata,,Rodentia,Heptaxodontidae,Amblyrhiza,,,,,,,
Amblysomus corriae,,Afrosoricida,Chrysochloridae,Amblysomus,,,,,,,
Amblysomus marleyi,,Afrosoricida,Chrysochloridae,Amblysomus,,,,,,,
Amblysomus robustus,,Afrosoricida,Chrysochloridae,Amblysomus,,,,,,,
Amblysomus septentrionalis,,Afrosoricida,Chrysochloridae,Amblysomus,,,,,,,
Ametrida centurio,,Chiroptera,Phyllostomidae,Ametrida,,,,,,,
Ammodillus imbellis,,Rodentia,Muridae,Ammodillus,,,,,,,
Ammospermophilus insularis,,Rodentia,Sciuridae,Ammospermophilus,,,,,,,
Ammospermophilus interpres,,Rodentia,Sciuridae,Ammospermophilus,,,,,,,
Amorphochilus schnablii,,Chiroptera,Furipteridae,Amorphochilus,,,,,,,
Amphinectomys savamis,,Rodentia,Cricetidae,Amphinectomys,,,,,,,
Anathana ellioti,,Scandentia,Tupaiidae,Anathana,,,,,,,
Andalgalomys olrogi,,Rodentia,Cricetidae,Andalgalomys,,,,,,,
Andalgalomys pearsoni,,Rodentia,Cricetidae,Andalgalomys,,,,,,,
Andalgalomys roigi,,Rodentia,Cricetidae,Andalgalomys,,,,,,,
Andinomys edax,,Rodentia,Cricetidae,Andinomys,,,,,,,
Anisomys imitator,,Rodentia,Muridae,Anisomys,,,,,,,
Anomalurus beecrofti,,Rodentia,Anomaluridae,Anomalurus,,,,,,,
Anomalurus derbianus,,Rodentia,Anomaluridae,Anomalurus,,,,,,,
Anomalurus pelii,,Rodentia,Anomaluridae,Anomalurus,,,,,,,
Anomalurus pusillus,,Rodentia,Anomaluridae,Anomalurus,,,,,,,
Anonymomys mindorensis,,Rodentia,Muridae,Anonymomys,,,,,,,
Anotomys leander,,Rodentia,Cricetidae,Anotomys,,,,,,,
Anoura caudifer,,Chiroptera,Phyllostomidae,Anoura,,,,0.295808219178082,,,
Anoura cultrata,,Chiroptera,Phyllostomidae,Anoura,,,,,,,
Anoura latidens,,Chiroptera,Phyllostomidae,Anoura,,,,,,,
Anoura luismanueli,,Chiroptera,Phyllostomidae,Anoura,,,,,,,
Anourosorex assamensis,,Eulipotyphla,Soricidae,Anourosorex,,,,,,,
Anourosorex schmidi,,Eulipotyphla,Soricidae,Anourosorex,,,,,,,
Anourosorex squamipes,,Eulipotyphla,Soricidae,Anourosorex,,,,,,,
Anourosorex yamashinai,,Eulipotyphla,Soricidae,Anourosorex,,,,,,,
Antechinus adustus,,Dasyuromorphia,Dasyuridae,Antechinus,,,,,,,
Antechinus godmani,,Dasyuromorphia,Dasyuridae,Antechinus,,,1.02509589041096,,,,
Antechinus subtropicus,,Dasyuromorphia,Dasyuridae,Antechinus,,,,,,,
Anthops ornatus,,Chiroptera,Hipposideridae,Anthops,,,,,,,
Aonyx cinerea,,Carnivora,Mustelidae,Aonyx,10.1,,,0.173452054794521,,,
Aotus hershkovitzi,,Primates,Aotidae,Aotus,,,,,,,
Aotus miconax,,Primates,Aotidae,Aotus,,,,,,,
Aotus nancymaae,,Primates,Aotidae,Aotus,,,,,,,
Aotus nigriceps,,Primates,Aotidae,Aotus,,,,,,,
Apodemus alpicola,,Rodentia,Muridae,Apodemus,,,,,,,
Apodemus chevrieri,,Rodentia,Muridae,Apodemus,,,,,,,
Apodemus draco,,Rodentia,Muridae,Apodemus,,,,,,,
Apodemus epimelas,,Rodentia,Muridae,Apodemus,,,,,,,
Apodemus gurkha,,Rodentia,Muridae,Apodemus,,,,,,,
Apodemus hyrcanicus,,Rodentia,Muridae,Apodemus,,,,,,,
Apodemus latronum,,Rodentia,Muridae,Apodemus,,,,,,,
Apodemus mystacinus,,Rodentia,Muridae,Apodemus,,,,0.063013698630137,,,
Apodemus pallipes,,Rodentia,Muridae,Apodemus,,,,,,,
Apodemus ponticus,,Rodentia,Muridae,Apodemus,,,,,,,
Apodemus rusiges,,Rodentia,Muridae,Apodemus,,,,,,,
Apodemus semotus,,Rodentia,Muridae,Apodemus,,,,,,,
Apodemus witherbyi,,Rodentia,Muridae,Apodemus,,,,,,,
Apomys abrae,,Rodentia,Muridae,Apomys,,,,,,,
Apomys datae,,Rodentia,Muridae,Apomys,,,,,,,
Apomys gracilirostris,,Rodentia,Muridae,Apomys,,,,,,,
Apomys hylocetes,,Rodentia,Muridae,Apomys,,,,,,,
Apomys insignis,,Rodentia,Muridae,Apomys,,,,,,,
Apomys littoralis,,Rodentia,Muridae,Apomys,,,,,,,
Apomys microdon,,Rodentia,Muridae,Apomys,,,,,,,
Apomys musculus,,Rodentia,Muridae,Apomys,,,,,,,
Apomys sacobianus,,Rodentia,Muridae,Apomys,,,,,,,
Aproteles bulmerae,,Chiroptera,Pteropodidae,Aproteles,,,,,,,
Arborimus albipes,,Rodentia,Cricetidae,Arborimus,,,,,,,
Arborimus longicaudus,,Rodentia,Cricetidae,Arborimus,,,,0.077013698630137,,,
Arborimus pomo,,Rodentia,Cricetidae,Arborimus,,,,0.0885753424657534,,,
Archboldomys luzonensis,,Rodentia,Muridae,Archboldomys,,,,,,,
Archboldomys musseri,,Rodentia,Muridae,Archboldomys,,,,,,,
Arctocebus aureus,,Primates,Lorisidae,Arctocebus,,,,,,,
Arctocephalus philippii,,Carnivora,Otariidae,Arctocephalus,,,,,,,
Arctocephalus townsendi,,Carnivora,Otariidae,Arctocephalus,24.0,,,,,,
Ardops nichollsi,,Chiroptera,Phyllostomidae,Ardops,,,,,,,
Arielulus aureocollaris,,Chiroptera,Vespertilionidae,Arielulus,,,,,,,
Arielulus circumdatus,,Chiroptera,Vespertilionidae,Arielulus,,,,,,,
Arielulus cuprosus,,Chiroptera,Vespertilionidae,Arielulus,,,,,,,
Arielulus societatis,,Chiroptera,Vespertilionidae,Arielulus,,,,,,,
Arielulus torquatus,,Chiroptera,Vespertilionidae,Arielulus,,,,,,,
Ariteus flavescens,,Chiroptera,Phyllostomidae,Ariteus,,,,,,,
Artibeus amplus,,Chiroptera,Phyllostomidae,Artibeus,,,,,,,
Artibeus anderseni,,Chiroptera,Phyllostomidae,Artibeus,,,,,,,
Artibeus aztecus,,Chiroptera,Phyllostomidae,Artibeus,,,,,,,
Artibeus cinereus,,Chiroptera,Phyllostomidae,Artibeus,,,,,,,
Artibeus concolor,,Chiroptera,Phyllostomidae,Artibeus,,,,,,,
Artibeus fimbriatus,,Chiroptera,Phyllostomidae,Artibeus,,,,,,,
Artibeus fraterculus,,Chiroptera,Phyllostomidae,Artibeus,,,,,,,
Artibeus glaucus,,Chiroptera,Phyllostomidae,Artibeus,,,,,,,
Artibeus gnomus,,Chiroptera,Phyllostomidae,Artibeus,,,,,,,
Artibeus hirsutus,,Chiroptera,Phyllostomidae,Artibeus,,,,,,,
Artibeus incomitatus,,Chiroptera,Phyllostomidae,Artibeus,,,,,,,
Artibeus inopinatus,,Chiroptera,Phyllostomidae,Artibeus,,,,,,,
Artibeus obscurus,,Chiroptera,Phyllostomidae,Artibeus,,,,,,,
Artibeus phaeotis,,Chiroptera,Phyllostomidae,Artibeus,,,,,,,
Artibeus toltecus,,Chiroptera,Phyllostomidae,Artibeus,,,,,,,
Artibeus watsoni,,Chiroptera,Phyllostomidae,Artibeus,,,,,,,
Arvicanthis abyssinicus,,Rodentia,Muridae,Arvicanthis,,,,,,,
Arvicanthis ansorgei,,Rodentia,Muridae,Arvicanthis,,,,,,,
Arvicanthis blicki,,Rodentia,Muridae,Arvicanthis,,,,,,,
Arvicanthis nairobae,,Rodentia,Muridae,Arvicanthis,,,,,,,
Arvicanthis neumanni,,Rodentia,Muridae,Arvicanthis,,,,,,,
Arvicanthis rufinus,,Rodentia,Muridae,Arvicanthis,,,,,,,
Arvicola sapidus,,Rodentia,Cricetidae,Arvicola,3.5,,,,,,
Arvicola scherman,,Rodentia,Cricetidae,Arvicola,,,,,,,
Asellia patrizii,,Chiroptera,Hipposideridae,Asellia,,,,,,,
Aselliscus stoliczkanus,,Chiroptera,Hipposideridae,Aselliscus,,,,,,,
Aselliscus tricuspidatus,,Chiroptera,Hipposideridae,Aselliscus,,,,,,,
Tarsomys apoensis,,Rodentia,Muridae,Tarsomys,,,,,,,
Tarsomys echinatus,,Rodentia,Muridae,Tarsomys,,,,,,,
Tasmacetus shepherdi,,Artiodactyla,Ziphiidae,Tasmacetus,,,,,,,
Tateomys macrocercus,,Rodentia,Muridae,Tateomys,,,,,,,
Tateomys rhinogradoides,,Rodentia,Muridae,Tateomys,,,,,,,
Taterillus arenarius,,Rodentia,Muridae,Taterillus,,,,,,,
Taterillus congicus,,Rodentia,Muridae,Taterillus,,,,,,,
Taterillus emini,,Rodentia,Muridae,Taterillus,,,,,,,
Taterillus harringtoni,,Rodentia,Muridae,Taterillus,,,,,,,
Taterillus lacustris,,Rodentia,Muridae,Taterillus,,,,,,,
Taterillus petteri,,Rodentia,Muridae,Taterillus,,,,,,,
Taterillus pygargus,,Rodentia,Muridae,Taterillus,,,0.219698630136986,0.0721643835616438,,,
Taterillus tranieri,,Rodentia,Muridae,Taterillus,,,,,,,
Thallomys loringi,,Rodentia,Muridae,Thallomys,,,,,,,
Thallomys nigricauda,,Rodentia,Muridae,Thallomys,,,,,,,
Thallomys shortridgei,,Rodentia,Muridae,Thallomys,,,,,,,
Thalpomys cerradensis,,Rodentia,Cricetidae,Thalpomys,,,,,,,
Thalpomys lasiotis,,Rodentia,Cricetidae,Thalpomys,,,,,,,
Thamnomys kempi,,Rodentia,Muridae,Thamnomys,,,,,,,
Thamnomys major,,Rodentia,Muridae,Thamnomys,,,,,,,
Thaptomys nigrita,,Rodentia,Cricetidae,Thaptomys,,,,,,,
Thomasomys apeco,,Rodentia,Cricetidae,Thomasomys,,,,,,,
Thomasomys aureus,,Rodentia,Cricetidae,Thomasomys,,,,,,,
Thomasomys baeops,,Rodentia,Cricetidae,Thomasomys,,,,,,,
Thomasomys bombycinus,,Rodentia,Cricetidae,Thomasomys,,,,,,,
Thomasomys caudivarius,,Rodentia,Cricetidae,Thomasomys,,,,,,,
Thomasomys cinereiventer,,Rodentia,Cricetidae,Thomasomys,,,,,,,
Thomasomys cinereus,,Rodentia,Cricetidae,Thomasomys,,,,,,,
Thomasomys cinnameus,,Rodentia,Cricetidae,Thomasomys,,,,,,,
Thomasomys daphne,,Rodentia,Cricetidae,Thomasomys,,,,,,,
Thomasomys eleusis,,Rodentia,Cricetidae,Thomasomys,,,,,,,
Thomasomys erro,,Rodentia,Cricetidae,Thomasomys,,,,,,,
Thomasomys gracilis,,Rodentia,Cricetidae,Thomasomys,,,,,,,
Thomasomys hudsoni,,Rodentia,Cricetidae,Thomasomys,,,,,,,
Thomasomys hylophilus,,Rodentia,Cricetidae,Thomasomys,,,,,,,
Thomasomys incanus,,Rodentia,Cricetidae,Thomasomys,,,,,,,
Thomasomys ischyrus,,Rodentia,Cricetidae,Thomasomys,,,,,,,
Thomasomys kalinowskii,,Rodentia,Cricetidae,Thomasomys,,,,,,,
Thomasomys ladewi,,Rodentia,Cricetidae,Thomasomys,,,,,,,
Thomasomys laniger,,Rodentia,Cricetidae,Thomasomys,,,,,,,
Thomasomys macrotis,,Rodentia,Cricetidae,Thomasomys,,,,,,,
Thomasomys monochromos,,Rodentia,Cricetidae,Thomasomys,,,,,,,
Thomasomys niveipes,,Rodentia,Cricetidae,Thomasomys,,,,,,,
Thomasomys notatus,,Rodentia,Cricetidae,Thomasomys,,,,,,,
Thomasomys onkiro,,Rodentia,Cricetidae,Thomasomys,,,,,,,
Thomasomys oreas,,Rodentia,Cricetidae,Thomasomys,,,,,,,
Thomasomys paramorum,,Rodentia,Cricetidae,Thomasomys,,,,,,,
Thomasomys popayanus,,Rodentia,Cricetidae,Thomasomys,,,,,,,
Thomasomys praetor,,Rodentia,Cricetidae,Thomasomys,,,,,,,
Thomasomys pyrrhonotus,,Rodentia,Cricetidae,Thomasomys,,,,,,,
Thomasomys rhoadsi,,Rodentia,Cricetidae,Thomasomys,,,,,,,
Thomasomys rosalinda,,Rodentia,Cricetidae,Thomasomys,,,,,,,
Thomasomys silvestris,,Rodentia,Cricetidae,Thomasomys,,,,,,,
Thomasomys taczanowskii,,Rodentia,Cricetidae,Thomasomys,,,,,,,
Thomasomys ucucha,,Rodentia,Cricetidae,Thomasomys,,,,,,,
Thomasomys vestitus,,Rodentia,Cricetidae,Thomasomys,,,,,,,
Thomasomys vulcani,,Rodentia,Cricetidae,Thomasomys,,,,,,,
Thomomys bulbivorus,,Rodentia,Geomyidae,Thomomys,,,,,,,
Thomomys clusius,,Rodentia,Geomyidae,Thomomys,,,,,,,
Thomomys idahoensis,,Rodentia,Geomyidae,Thomomys,,,,,,,
Thomomys monticola,,Rodentia,Geomyidae,Thomomys,5.0,,1.07808219178082,,,,
Thomomys townsendii,,Rodentia,Geomyidae,Thomomys,,,,,,,
Thomomys umbrinus,,Rodentia,Geomyidae,Thomomys,,,,,,,
Thoopterus nigrescens,,Chiroptera,Pteropodidae,Thoopterus,,,,,,,
Thrichomys inermis,,Rodentia,Echimyidae,Thrichomys,,,,,,,
Thrichomys pachyurus,,Rodentia,Echimyidae,Thrichomys,,,,,,,
Thryonomys gregorianus,,Rodentia,Thryonomyidae,Thryonomys,,,,0.249972602739726,,,
Thylacinus cynocephalus,,Dasyuromorphia,Thylacinidae,Thylacinus,13.0,,,,,,
Thylamys cinderella,,Didelphimorphia,Didelphidae,Thylamys,,,,,,,
Thylamys elegans,,Didelphimorphia,Didelphidae,Thylamys,,,,,,,
Thylamys karimii,,Didelphimorphia,Didelphidae,Thylamys,,,,,,,
Thylamys macrurus,,Didelphimorphia,Didelphidae,Thylamys,,,,,,,
Thylamys pusillus,,Didelphimorphia,Didelphidae,Thylamys,,,,,,,
Thylamys sponsorius,,Didelphimorphia,Didelphidae,Thylamys,,,,,,,
Thylamys tatei,,Didelphimorphia,Didelphidae,Thylamys,,,,,,,
Thylamys velutinus,,Didelphimorphia,Didelphidae,Thylamys,,,,,,,
Thylamys venustus,,Didelphimorphia,Didelphidae,Thylamys,,,,,,,
Thylogale browni,,Diprotodontia,Macropodidae,Thylogale,,,,,,,
Thylogale calabyi,,Diprotodontia,Macropodidae,Thylogale,,,,,,,
Thylogale lanatus,,Diprotodontia,Macropodidae,Thylogale,,,,,,,
Thyroptera discifera,,Chiroptera,Thyropteridae,Thyroptera,,,,,,,
Thyroptera lavali,,Chiroptera,Thyropteridae,Thyroptera,,,,,,,
Thyroptera tricolor,,Chiroptera,Thyropteridae,Thyroptera,,,,0.422575342465753,,,
Tlacuatzin canescens,,Didelphimorphia,Didelphidae,Tlacuatzin,,,,,,,
Tokudaia muenninki,,Rodentia,Muridae,Tokudaia,,,,,,,
Tokudaia osimensis,,Rodentia,Muridae,Tokudaia,,,,,,,
Tomopeas ravus,,Chiroptera,Molossidae,Tomopeas,,,,,,,
Tonatia bidens,,Chiroptera,Phyllostomidae,Tonatia,,,,,,,
Tonatia saurophila,,Chiroptera,Phyllostomidae,Tonatia,,,,,,,
Trachops cirrhosus,,Chiroptera,Phyllostomidae,Trachops,,,,,,,
Trachypithecus barbei,,Primates,Cercopithecidae,Trachypithecus,,,,,,,
Trachypithecus delacouri,,Primates,Cercopithecidae,Trachypithecus,,,,,,,
Trachypithecus ebenus,,Primates,Cercopithecidae,Trachypithecus,,,,,,,
Trachypithecus germaini,,Primates,Cercopithecidae,Trachypithecus,,,,,,,
Trachypithecus hatinhensis,,Primates,Cercopithecidae,Trachypithecus,,,,,,,
Trachypithecus johnii,,Primates,Cercopithecidae,Trachypithecus,,,,,,,
Trachypithecus laotum,,Primates,Cercopithecidae,Trachypithecus,,,,,,,
Trachypithecus poliocephalus,,Primates,Cercopithecidae,Trachypithecus,,,,,,,
Trachypithecus shortridgei,,Primates,Cercopithecidae,Trachypithecus,,,,,,,
Trachypithecus vetulus,,Primates,Cercopithecidae,Trachypithecus,23.0,,3.05123287671233,0.560876712328767,,,
Tragelaphus buxtoni,,Artiodactyla,Bovidae,Tragelaphus,11.0,,2.06890410958904,,,,
Trinomys dimidiatus,,Rodentia,Echimyidae,Trinomys,,,,,,,
Trinomys eliasi,,Rodentia,Echimyidae,Trinomys,,,,,,,
Trinomys gratiosus,,Rodentia,Echimyidae,Trinomys,,,,,,,
Trinomys iheringi,,Rodentia,Echimyidae,Trinomys,,,,,,,
Trinomys mirapitanga,,Rodentia,Echimyidae,Trinomys,,,,,,,
Trinomys moojeni,,Rodentia,Echimyidae,Trinomys,,,,,,,
Trinomys myosuros,,Rodentia,Echimyidae,Trinomys,,,,,,,
Trinomys paratus,,Rodentia,Echimyidae,Trinomys,,,,,,,
Trinomys setosus,,Rodentia,Echimyidae,Trinomys,,,,,,,
Trinomys yonenagae,,Rodentia,Echimyidae,Trinomys,,,,,,,
Trinycteris nicefori,,Chiroptera,Phyllostomidae,Trinycteris,,,,,,,
Tryphomys adustus,,Rodentia,Muridae,Tryphomys,,,,,,,
Tupaia chrysogaster,,Scandentia,Tupaiidae,Tupaia,,,,,,,
Tupaia dorsalis,,Scandentia,Tupaiidae,Tupaia,,,,,,,
Tupaia javanica,,Scandentia,Tupaiidae,Tupaia,,,,,,,
Tupaia moellendorffi,,Scandentia,Tupaiidae,Tupaia,,,,,,,
Tupaia montana,,Scandentia,Tupaiidae,Tupaia,,,,0.134219178082192,,,
Tupaia nicobarica,,Scandentia,Tupaiidae,Tupaia,,,,,,,
Tupaia palawanensis,,Scandentia,Tupaiidae,Tupaia,,,,,,,
Tupaia picta,,Scandentia,Tupaiidae,Tupaia,,,,,,,
Tupaia splendidula,,Scandentia,Tupaiidae,Tupaia,,,,,,,
Tylomys bullaris,,Rodentia,Cricetidae,Tylomys,,,,,,,
Tylomys fulviventer,,Rodentia,Cricetidae,Tylomys,,,,,,,
Tylomys mirae,,Rodentia,Cricetidae,Tylomys,,,,,,,
Tylomys panamensis,,Rodentia,Cricetidae,Tylomys,,,,,,,
Tylomys tumbalensis,,Rodentia,Cricetidae,Tylomys,,,,,,,
Tylomys watsoni,,Rodentia,Cricetidae,Tylomys,,,,,,,
Tylonycteris pachypus,,Chiroptera,Vespertilionidae,Tylonycteris,,,,0.248986301369863,,,
Tylonycteris robustula,,Chiroptera,Vespertilionidae,Tylonycteris,,,0.386219178082192,0.248986301369863,,,
Tympanoctomys barrerae,,Rodentia,Octodontidae,Tympanoctomys,,,,,,,
Typhlomys cinereus,,Rodentia,Platacanthomyidae,Typhlomys,,,,,,,
Uranomys ruddi,,Rodentia,Muridae,Uranomys,,,,,,,
Uroderma bilobatum,,Chiroptera,Phyllostomidae,Uroderma,,,,0.358575342465753,,,
Uroderma magnirostrum,,Chiroptera,Phyllostomidae,Uroderma,,,,,,,
Uromys anak,,Rodentia,Muridae,Uromys,,,,,,,
Uromys boeadii,,Rodentia,Muridae,Uromys,,,,,,,
Uromys caudimaculatus,,Rodentia,Muridae,Uromys,,,0.505835616438356,0.106438356164384,,,
Uromys emmae,,Rodentia,Muridae,Uromys,,,,,,,
Uromys hadrourus,,Rodentia,Muridae,Uromys,,,,,,,
Uromys imperator,,Rodentia,Muridae,Uromys,,,,,,,
Uromys neobritannicus,,Rodentia,Muridae,Uromys,,,,,,,
Uromys porculus,,Rodentia,Muridae,Uromys,,,,,,,
Uromys rex,,Rodentia,Muridae,Uromys,,,,,,,
Uromys siebersi,,Rodentia,Muridae,Uromys,,,,,,,
Uropsilus andersoni,,Eulipotyphla,Talpidae,Uropsilus,,,,,,,
Uropsilus gracilis,,Eulipotyphla,Talpidae,Uropsilus,,,,,,,
Uropsilus investigator,,Eulipotyphla,Talpidae,Uropsilus,,,,,,,
Uropsilus soricipes,,Eulipotyphla,Talpidae,Uropsilus,,,,,,,
Urotrichus talpoides,,Eulipotyphla,Talpidae,Urotrichus,3.5,,1.01706849315069,0.0987671232876712,,,
Vampyressa bidens,,Chiroptera,Phyllostomidae,Vampyressa,,,,,,,
Vampyressa brocki,,Chiroptera,Phyllostomidae,Vampyressa,,,,,,,
Vampyressa melissa,,Chiroptera,Phyllostomidae,Vampyressa,,,,,,,
Vampyressa nymphaea,,Chiroptera,Phyllostomidae,Vampyressa,,,,,,,
Vampyressa pusilla,,Chiroptera,Phyllostomidae,Vampyressa,,,,,,,
Vampyressa thyone,,Chiroptera,Phyllostomidae,Vampyressa,,,,,,,
Vampyrodes caraccioli,,Chiroptera,Phyllostomidae,Vampyrodes,,,,,,,
Vampyrum spectrum,,Chiroptera,Phyllostomidae,Vampyrum,6.5,,,,,,
Vandeleuria nilagirica,,Rodentia,Muridae,Vandeleuria,,,,,,,
Vandeleuria nolthenii,,Rodentia,Muridae,Vandeleuria,,,,,,,
Vandeleuria oleracea,,Rodentia,Muridae,Vandeleuria,,,,,,,
Vernaya fulva,,Rodentia,Muridae,Vernaya,,,,,,,
Vespadelus baverstocki,,Chiroptera,Vespertilionidae,Vespadelus,,,,,,,
Vespadelus caurinus,,Chiroptera,Vespertilionidae,Vespadelus,,,,,,,
Vespadelus darlingtoni,,Chiroptera,Vespertilionidae,Vespadelus,,,,,,,
Vespadelus douglasorum,,Chiroptera,Vespertilionidae,Vespadelus,,,,,,,
Vespadelus finlaysoni,,Chiroptera,Vespertilionidae,Vespadelus,,,,,,,
Vespadelus pumilus,,Chiroptera,Vespertilionidae,Vespadelus,,,1.15317808219178,,,,
Vespadelus regulus,,Chiroptera,Vespertilionidae,Vespadelus,,,,0.253534246575342,,,
Vespadelus troughtoni,,Chiroptera,Vespertilionidae,Vespadelus,,,,,,,
Vespadelus vulturnus,,Chiroptera,Vespertilionidae,Vespadelus,,,,,,,
Vespertilio sinensis,,Chiroptera,Vespertilionidae,Vespertilio,,,,0.142849315068493,,,
Viverra megaspila,,Carnivora,Viverridae,Viverra,,,,,,,
Voalavo gymnocaudus,,Rodentia,Nesomyidae,Voalavo,,,,,,,
Volemys millicens,,Rodentia,Cricetidae,Volemys,,,,,,,
Volemys musseri,,Rodentia,Cricetidae,Volemys,,,,,,,
Vulpes ferrilata,,Carnivora,Canidae,Vulpes,,,1.15317808219178,0.148575342465753,,,
Wilfredomys oenax,,Rodentia,Cricetidae,Wilfredomys,,,,,,,
Xenomys nelsoni,,Rodentia,Cricetidae,Xenomys,,,,,,,
Xenuromys barbatus,,Rodentia,Muridae,Xenuromys,,,,,,,
Xeromys myoides,,Rodentia,Muridae,Xeromys,,,,,,,
Xerus princeps,,Rodentia,Sciuridae,Xerus,,,,0.124657534246575,,,
Xerus rutilus,,Rodentia,Sciuridae,Xerus,,,,,,,
Zaglossus attenboroughi,,Monotremata,Tachyglossidae,Zaglossus,,,,,,,
Zaglossus bartoni,,Monotremata,Tachyglossidae,Zaglossus,,,,,,,
Zalophus japonicus,,Carnivora,Otariidae,Zalophus,,,,,,,
Zalophus wollebaeki,,Carnivora,Otariidae,Zalophus,,,,,,,
Zapus trinotatus,,Rodentia,Dipodidae,Zapus,,,,0.0585479452054795,,,
Zelotomys hildegardeae,,Rodentia,Muridae,Zelotomys,,,,,,,
Zenkerella insignis,,Rodentia,Anomaluridae,Zenkerella,,,,,,,
Zygodontomys brevicauda,,Rodentia,Cricetidae,Zygodontomys,,,0.116958904109589,0.0695616438356164,,,
Zygodontomys brunneus,,Rodentia,Cricetidae,Zygodontomys,,,,,,,
Zygogeomys trichopus,,Rodentia,Geomyidae,Zygogeomys,,,,,,,
Zyzomys maini,,Rodentia,Muridae,Zyzomys,,,,,,,
Zyzomys woodwardi,,Rodentia,Muridae,Zyzomys,,,0.424821917808219,,,,
Sus scrofa,,Artiodactyla,Suidae,Sus,27.0,130000.0,0.458334,0.315068493150685,104.15,135000.0,312.15
