SpeciesLatinName,SpeciesCommonName,Tissue,MammalNumberHorvath,Order,adult_mass_g,gestation_y,maturity_y,max_lifespan_y,age_range_lo,age_range_hi,n_samples,TxEx2-,BivProm2+,BivProm2-,ReprPC1+,ReprPC1-,BivProm1+,BivProm1-,EnhWk4-,TxEx1-,PromF5+,PromF5-,TxEnh4-,TxEx3-,EnhA17-,BivProm4+,BivProm4-,Tx7-,PromF4+,PromF4-,TxEnh5-,TxWk2-,BivProm3+,BivProm3-,EnhA2-,TxWk1-,TSS1+,TSS1-,EnhWk8-,EnhA6-,EnhWk3-,Tx6-,Tx5-,TSS2+,TSS2-,Tx8-,ReprPC4-,Quies3-,ReprPC2+,ReprPC2-,ReprPC6-,ReprPC3-,EnhA18-,PromF3+,PromF3-,TxEx4-,ReprPC5-,TxEnh8-,ReprPC7-,EnhA19-,Tx4-,PromF2+,Quies1-,Acet2-,PromF1+
Acinonyx jubatus,Cheetah,Blood,5.2.1,Carnivora,53500.0,0.24109589,1.249315068,20.5,0.05021619,0.606333784,14,-0.130012259,0.221575606,0.217410316,0.222363056,0.219766875,0.201573316,0.15282066,-0.053272016,-0.153540395,-0.074009252,0.041111351,-0.091731553,-0.10493068,-0.07144321,-0.054314964,-0.141026109,-0.063056246,-0.063062716,0.039356372,-0.065109677,-0.107690894,0.149017733,0.023051574,-0.133199383,-0.038523948,0.060083384,0.091954437,-0.089153671,-0.080640247,-0.127559663,0.001863006,-0.108046845,0.038750076,0.048763975,-0.101985458,-0.025069749,-0.028680204,0.159381175,-0.016415812,-0.063205384,0.053960122,-0.05894117,0.023593283,-0.18816158,-0.122390555,0.109225412,-0.169190897,0.068338962,-0.18007747,-0.185855064,-0.196020306,0.0725901,0.073765743,-0.047303479
Acomys cahirinus,Spiny mouse,Fibroblast,9.9.5,Rodentia,45.2,0.104109589,0.160273973,5.9,-0.008822847,0.677501741,46,-0.373631551,0.604077231,0.589506308,0.564381176,0.372639465,0.577574189,0.525972296,-0.315381275,-0.385425037,0.092423176,0.440225659,-0.128678267,-0.325521055,0.034003677,0.009589493,0.131814279,-0.403088978,0.17401259,0.213432537,-0.123589547,-0.273029526,0.413275887,0.165188073,0.042250139,-0.40009575,-0.044175666,0.245064714,-0.422892748,-0.203494992,-0.065070224,-0.406689797,-0.388919565,0.507814961,0.598070321,-0.198128013,-0.376223942,-0.443494262,0.529740857,-0.119679646,-0.257734871,-0.391228921,-0.089702404,0.309084928,-0.183855726,-0.388584839,0.251780369,0.042926809,-0.074697386,0.375703555,-0.434254474,0.311993798,-0.540941057,-0.14709668,0.464224024
Acomys cahirinus,Spiny mouse,Skin,9.9.5,Rodentia,45.2,0.104109589,0.160273973,5.9,0.01346645,0.465753425,61,-0.351627119,0.786703275,0.501598026,0.442219997,0.043170756,0.891014209,0.775590491,-0.182466088,-0.369407391,0.529709567,0.386071146,-0.138561167,-0.202615274,0.070985614,0.422977172,0.168778588,-0.172506792,0.077732105,0.348050014,-0.169211376,-0.147472247,0.608517757,-0.125275533,-0.459416975,-0.049356105,0.450277767,0.353928745,-0.1694183,-0.140127884,-0.222601632,-0.101111665,-0.15622762,0.677039807,0.751471886,-0.112873293,-0.190588776,-0.101299117,0.333728468,-0.220233844,-0.321112137,-0.26819801,-0.237255902,0.043260703,-0.51257171,-0.877702342,-0.070578409,-0.222023231,-0.416696009,0.310853487,-0.362734072,0.286806835,-0.321026238,0.038429512,0.064783151
Antrozous pallidus,Pallid bat,Skin,8.7.1,Chiroptera,20.8,0.169863014,1.0,14.8,0.013513514,0.472972973,23,-0.075877156,0.488544112,0.451095572,0.322371244,0.223115278,0.403360168,0.48573431,-0.25667992,-0.000521729,0.476959951,0.288571062,0.143291127,-0.082475677,-0.06380097,0.138429065,0.191460782,0.130885028,0.010023747,-0.143765596,-0.069021743,-0.308368129,0.334569616,0.019669662,-0.11544514,0.044931396,-0.284662852,0.168091343,-0.314294536,-0.284464643,-0.082513186,0.109638809,-0.22186757,0.471240268,0.36155118,-0.058511861,-0.381026122,-0.191653352,0.273081122,-0.213985682,-0.169886771,-0.118563023,-0.241584434,0.135144418,-0.118066332,-0.100288441,0.098396296,0.203752155,-0.197997058,0.335263535,-0.010720651,-0.0737252,-0.377259019,-0.276298337,0.00272689
Aonyx cinereus,Asian small-clawed otter,Blood,5.6.1,Carnivora,3000.0,0.17260274,2.0,23.0,0.330077427,0.790434783,12,0.129942641,0.213143219,0.122525854,0.206613314,0.173893296,0.198365279,0.123462343,-0.005055247,0.133296687,0.115117916,0.069843409,0.128978935,0.087193233,-0.016590026,0.117735105,-0.000102864,0.140972721,-0.107677692,-0.065151,0.060831267,-0.002827223,0.110718059,0.044410029,-0.080359987,0.094413676,-0.080114767,-0.030830719,-0.00423485,0.03669904,-0.008683006,0.14704555,0.062997457,0.045387328,0.03835047,0.086287627,-0.006914031,0.070513362,0.170762129,0.059279191,-0.017568397,-0.047109581,0.039420527,0.096565047,-0.031219579,0.065671591,-0.008663175,0.083238473,0.087074158,0.076386809,0.144995409,-0.137279133,-0.071727302,-0.0748428,0.135138439
Apodemus sylvaticus,Long-tailed field mouse,Blood,9.9.15,Rodentia,23.4,0.063013699,0.18630137,6.3,0.025657752,0.16612307,36,-0.750707104,3.360816167,3.969648837,3.041784391,1.804894189,3.556144588,2.416131545,0.296744166,-1.218603971,3.542239101,1.2140208,0.197023759,-0.809299117,0.785054263,3.32293343,0.443031545,-1.116936491,-2.12746832,-0.097646835,-0.018320008,-0.048533635,2.396019324,2.291836463,0.273534783,-1.11381658,-0.221761514,0.03832264,0.434390417,0.405443957,0.619317307,-1.628478853,-1.148210422,3.4398216,0.859317943,-0.281435661,-0.195247762,-1.152471275,2.402982765,1.370248285,0.413997238,0.689541891,0.638682152,2.298700653,0.448569439,-0.535434412,1.26729022,0.034611629,0.962481743,0.71750826,-1.003982378,2.052900899,-1.165557232,0.45954544,0.244803279
Apodemus sylvaticus,Long-tailed field mouse,Liver,9.9.15,Rodentia,23.4,0.063013699,0.18630137,6.3,0.025657752,0.112198304,23,-0.880971064,1.588135867,2.287035904,-0.271681821,1.449605162,2.887649567,2.097338451,1.032781364,-2.81808026,4.738168227,3.658986665,-2.877074565,0.503640666,2.304171204,2.769851694,-0.159637299,-1.224713974,-2.303403666,-0.489316083,1.99668522,2.325791798,2.833006325,2.302165706,-0.478625518,-0.794155316,-0.376060949,0.288816071,2.351157401,1.903597378,2.254414562,0.000855732,0.040074166,3.471434845,-0.232400426,0.349556801,1.771860984,0.793854983,0.315851372,3.047511721,3.45925205,1.828497229,1.630007521,1.085908541,-0.327219781,-4.212308589,1.815661526,-2.033674606,3.178162701,2.593656796,-2.006987774,3.263269468,1.124304637,1.450729855,1.306966533
Apodemus sylvaticus,Long-tailed field mouse,Skin,9.9.15,Rodentia,23.4,0.063013699,0.18630137,6.3,0.025657752,0.16612307,31,-0.829766198,2.348836658,3.14559829,1.7877231,1.925134325,3.201118751,1.817042175,0.797176948,-0.162821253,2.732521612,1.577642313,0.845437502,0.209524193,1.646899771,2.445997897,1.478766,-0.842940655,-0.108670994,0.021831636,1.017107934,0.808125126,2.537763695,1.596797852,0.667284793,0.022404409,-0.306500736,0.479398867,0.395365859,1.411742265,0.955600488,-0.59273706,0.084732162,3.215893879,1.222678897,1.115334809,-0.002674653,-0.3758516,1.082515972,1.501557873,1.07151513,0.922279332,1.15872195,0.719385669,0.17811531,0.607599032,1.716632888,0.855270635,0.535122897,2.271225772,0.106252093,2.855657015,-1.354831629,1.326966346,0.061138022
Balaena mysticetus,Bowhead whale,Skin,4.11.1,Artiodactyla,100000000.0,1.164383562,22.49863014,211.0,0.004739336,0.658767773,79,-0.001257392,0.00745405,-0.000260217,0.00202879,-0.002106766,-0.009977165,0.003528589,0.003204893,0.004285581,-0.007016639,-0.000843872,-0.011275629,-0.005335037,0.00312951,-0.009806765,0.001189425,0.008302371,0.014860224,0.008751212,-0.005547629,-0.003084061,0.010680777,-0.007767424,-0.005432057,0.006056919,0.014460812,0.004681851,0.003751241,0.001401341,-0.005768259,0.0089531,0.0034761,0.001397675,-0.000791214,0.006138868,0.007091316,0.005744525,0.008260005,-0.000440513,-0.004574346,0.006514364,0.001896731,-0.002826306,-0.004406799,-0.009785879,0.002240539,0.001572101,-0.008960652,-0.007025849,0.007561711,-0.004417958,0.004245273,-0.001931167,-0.005055766
Bos taurus,Cattle,Blood,4.1.4,Artiodactyla,750000.0,0.75890411,1.501369863,38.0,0.013410238,0.379596251,277,-0.132438475,0.082355697,0.031881536,0.044691672,-0.012253668,0.075403464,0.035505212,-0.180761522,-0.1627052,0.087565754,0.105254191,-0.17387496,-0.170499261,-0.165209206,0.001298123,-0.130255023,-0.136921099,0.097924537,0.090528309,-0.178812906,-0.189562556,0.098089824,-0.109651526,-0.221573633,-0.181041671,0.114646222,0.122097483,-0.190929227,-0.207020216,-0.218252713,-0.143494087,-0.188572245,0.094712499,0.042204465,-0.185826599,-0.198496433,-0.200994421,0.013793207,-0.173416346,-0.140939777,-0.186542405,-0.166276954,0.153985927,0.016068742,-0.181104515,-0.112105845,-0.201763551,-0.171058454,-0.165492306,-0.154379586,0.012543487,-0.201929996,-0.196634378,0.111026953
Bos taurus,Cattle,Oocyte,4.1.4,Artiodactyla,750000.0,0.75890411,1.501369863,38.0,0.042682048,0.289185292,80,0.052637543,0.084112617,0.089547267,0.055640739,0.028140308,0.140490647,0.08642085,0.075483157,0.081810069,0.048860446,0.028409761,0.087046935,0.097820223,0.103613277,0.046080245,0.013061661,0.083744711,-0.049268537,0.019773348,0.103835571,0.065901147,0.103029469,0.091193296,0.035478936,0.083726446,0.039889364,-0.05743465,0.059389774,0.068017606,0.137806891,0.081180732,0.097283811,0.011054618,0.065123155,0.065913901,0.060303243,0.077293242,0.041866043,0.077853398,0.068652578,0.078262147,0.115793536,-0.011956153,-0.081884944,0.084546954,0.089923414,0.076934959,0.093855125,0.12797719,0.106473212,-0.103963568,0.055977262,0.067217861,0.138626641
Bos taurus,Cattle,Skin,4.1.4,Artiodactyla,750000.0,0.75890411,1.501369863,38.0,0.045710166,0.207858688,95,0.018270441,0.28325522,0.142528664,0.215264912,0.114589923,0.293453061,0.296771456,-0.007585469,0.003967587,0.002127675,0.209019714,0.036683727,0.038100164,0.005953526,0.005319107,-0.100464142,-0.002999342,-0.170428053,-0.154017583,0.07144514,0.068154886,0.245332492,0.12933595,-0.160071802,0.030873788,0.002602877,-0.113748955,-0.007477224,-0.026816279,-0.038521864,-0.003463851,0.017608631,0.038124301,-0.066003105,0.005079943,-0.112293481,-0.024550693,0.297001569,0.025030124,-0.051873741,-0.019587498,-0.020918206,0.029680397,-0.05618758,-0.014517959,0.036707919,0.06246516,0.010030558,0.130297312,-0.011776586,-0.033179322,-0.020067092,-0.089057626,0.1263816
Callithrix jacchus,Common marmoset,Blood,1.8.2,Primates,255.2,0.394520548,1.176712329,22.8,0.021929825,0.683333333,95,-0.045513568,0.197598886,0.174733954,0.181357179,0.159265508,0.171902626,0.102211137,-0.044738264,-0.038220018,0.154216456,0.149383315,-0.038731015,-0.019656788,-0.000308621,0.091942486,0.026053062,-0.005471164,0.003089062,-0.041561035,-0.042488479,-0.032537349,0.186574408,0.096475742,-0.049995718,-0.029731429,0.052766647,-0.03210206,-0.041093185,-0.03482199,-0.053834213,0.00756963,-0.036572689,0.114878495,0.097175518,-0.024516776,-0.042055986,-0.045791349,0.180268301,0.03598441,-0.041870737,-0.038874936,0.031164514,0.07744714,0.037162308,-0.146954361,0.054052014,-0.072377317,-0.004887978,0.023444005,-0.019290347,0.09610905,-0.053996064,-0.035476953,0.092513457
Canis lupus familiaris,Dog,Blood,5.1.1,Carnivora,26625.0,0.169863014,1.832876712,24.0,0.004166667,0.729166667,742,-0.094456388,0.189961192,0.142265136,0.179375757,0.156258723,0.164973376,0.104879757,-0.103861955,-0.097489247,0.109478201,0.080795431,-0.110593331,-0.107234222,-0.101991784,0.027882721,-0.004945992,-0.060250532,0.010240177,0.005375817,-0.125059816,-0.111142853,0.169202783,0.056708078,-0.122356896,-0.096050642,0.035816032,0.014978144,-0.116601937,-0.096697052,-0.112267407,-0.039051082,-0.097450499,0.048293903,0.060392672,-0.100014045,-0.107274319,-0.103123856,0.171610799,0.0574652,-0.074632319,-0.06187954,-0.031456291,0.048542114,-4.33e-05,-0.140002886,0.033342978,-0.121406031,-0.068861694,-0.038909035,-0.058362428,-0.047433351,-0.108892959,-0.106109054,0.085707744
Capra hircus,Domestic goat,Skin,4.1.5,Artiodactyla,61000.0,0.424657534,1.494520548,20.8,0.043993678,0.410958904,78,0.137623451,0.290502545,0.180543091,0.219499534,0.24108046,0.323779794,0.221643319,-0.110931677,0.279045824,0.199419727,0.118728421,0.233391941,0.097083911,-0.064785005,0.13276708,0.036321001,0.113018083,-0.120109805,0.056637627,0.160330896,-0.029678052,0.293538521,0.120784816,-0.144354673,-0.001488428,-0.066056416,0.134298352,-0.158437638,-0.112945257,-0.029665746,0.112683522,0.15122419,0.128206053,0.145921908,-0.04609794,-0.065934914,-0.047372453,0.158432714,0.036679274,0.083152684,0.051739488,-0.030110435,0.151575559,-0.095746021,0.22287656,0.115150768,0.197402855,0.104952796,0.05322778,0.152613454,0.156326452,-0.053899018,0.044187885,-0.137390069
Capreolus capreolus,Roe deer,Blood,4.3.1,Artiodactyla,21666.7,0.419178082,1.463013699,17.5,0.038095238,0.780952381,188,-0.149845003,0.225879174,0.224464704,0.216522021,0.175991911,0.235763697,0.224940078,-0.054052494,-0.194933311,0.236318445,0.202105439,-0.194786733,-0.181843154,-0.050983287,0.203496571,-0.03178223,-0.131313411,0.174243551,0.119311558,-0.118588704,-0.089278715,0.23615464,0.115259902,-0.140456029,-0.086505939,0.244198565,0.064740958,-0.088550098,-0.069147408,-0.1017876,-0.101037727,-0.069765467,0.222559846,0.175656227,-0.104587189,-0.051805681,-0.078070477,0.212489135,0.07420713,-0.058780644,-0.048109248,-0.000727182,0.209842981,0.006681907,-0.150719025,-0.017169839,-0.217472437,-0.05072765,0.045150105,-0.156358216,0.046427265,-0.042895947,-0.063051921,0.046147345
Carollia perspicillata,Seba's short-tailed bat,Skin,8.4.2,Chiroptera,15.0,0.260273973,0.74,17.0,0.011764706,0.617647059,32,-0.055386878,0.231309955,0.18318047,0.227532647,0.194829309,0.219646606,0.2041502,-0.18911555,0.023052405,0.202936793,0.172425628,0.063834888,-0.106584922,-0.142095938,0.045030822,0.030029042,0.04564882,-0.046293393,0.003175086,-0.102367158,-0.167503189,0.157533515,-0.074259694,-0.073594317,-0.111250701,0.002396458,0.073730505,-0.133153916,-0.133385086,-0.11342231,0.035215558,-0.126797883,0.155614975,0.151743214,-0.100389505,-0.181508934,-0.19396005,0.148135908,-0.094133822,-0.181296409,-0.15661718,-0.116323965,0.02804464,-0.035957937,0.075514274,-0.070630127,0.111817322,-0.177900959,0.076886986,0.045026585,0.020234334,-0.191315756,-0.192009644,-0.134630678
Ceratotherium simum simum,White rhino,Blood,6.2.1,Perissodactyla,2175000.0,1.410958904,4.501369863,45.0,0.00699673,0.659213628,23,-0.080395602,0.082759187,0.071300015,0.070975299,0.050917275,0.090185809,0.073611228,-0.09201917,-0.087647943,0.085800464,0.074873408,-0.072066532,-0.070521293,-0.090476678,0.05903466,-0.084803542,-0.078539907,-0.002544156,-0.007562797,-0.088366117,-0.086984168,0.086215578,-0.067168212,-0.091798181,-0.088304028,0.07693426,-0.002794384,-0.085804407,-0.090816367,-0.086540171,-0.075230239,-0.03873231,0.08515469,0.062385423,-0.086337288,-0.084934444,-0.090269679,0.040856883,-0.072525122,-0.087135393,-0.086901515,-0.08341345,0.062998611,-0.021713319,-0.086381507,-0.071719531,-0.090909431,-0.070824516,-0.078912771,-0.085503611,-0.013178596,-0.086896536,-0.088680743,-0.001847952
Cervus canadensis,Wapity elk,Blood,4.3.5,Artiodactyla,280093.29,0.687671233,2.0,25.0,0.003835616,0.547068493,42,-0.094165539,0.154880481,0.118484255,0.123165083,0.130818282,0.167595052,0.141028647,-0.034280905,-0.03398003,0.122090237,0.153457815,0.085366334,-0.059786195,0.054864702,0.112306457,0.091392045,-0.065207051,-0.106664996,0.051202302,0.081083261,-0.033303455,0.161802121,0.111619383,0.070081982,-0.043130466,-0.125224122,0.10073654,-0.036358433,0.024010969,0.104407728,-0.052037493,-0.010886175,0.069527974,0.093016311,-0.053793195,-0.048812042,-0.072687682,0.113704599,0.07462396,0.035074474,0.0287482,0.052380419,0.013489027,0.017920782,-0.051240869,0.106446102,-0.025140679,0.109683003,0.178280689,-0.038926265,0.101980536,-0.066698382,0.009603671,-0.020059734
Cervus elaphus,Red deer,Blood,4.3.2,Artiodactyla,200000.0,0.671232877,2.167123288,31.5,0.002696238,0.344161774,53,-0.05141258,0.173553717,0.108420064,0.180121111,0.197112925,0.180806256,0.140013618,0.055310724,0.027739636,0.095975191,0.146668724,0.107048276,0.008530137,0.134128104,0.163455661,0.091243952,-0.020228005,-0.08044121,-0.017023412,0.13708031,0.031806121,0.206357443,0.116680274,0.04287428,0.003757135,-0.025273674,0.086270948,0.036074614,0.081698296,0.12752742,-0.019761161,0.058091807,0.111948386,0.084515053,0.025045731,0.074793178,-0.03213708,0.154680359,0.165076066,0.094813853,0.110798901,0.094989213,0.041131752,-0.055121849,0.038575306,0.157545136,0.033471445,0.092656886,0.216642932,0.014340093,0.105264251,-0.014780625,0.031774129,-0.027892334
Cheirogaleidae,Cheirogaleidae,Blood,1.6,Primates,248.9333333,0.193150685,0.921917808,22.73333333,0.020674487,1.302932551,6,-0.084868738,0.074499017,0.04081295,0.062009648,0.024387071,0.083616414,0.068615701,-0.08728674,-0.079143182,0.049189775,0.062697323,-0.084990296,-0.085151798,-0.085348987,-0.018070038,-0.065138282,-0.050439954,0.070901422,-0.045724984,-0.082190344,-0.086549967,0.062824933,-0.05184345,-0.08255337,-0.085535734,0.052523382,-0.015985402,-0.0871717,-0.085678386,-0.086011001,-0.041579332,-0.085661528,0.06945788,0.06879601,-0.085820301,-0.086906391,-0.086491736,0.065924811,-0.082696255,-0.086732181,-0.082064128,-0.087224124,0.004882848,-0.017769614,-0.085050759,-0.085782811,-0.080035062,-0.072169827,-0.078168465,-0.051905818,-0.04422123,-0.08713799,-0.086925373,-0.021214398
Cheirogaleus medius,Fat-tailed dwarf lemur,Blood&Skin,1.6.1,Primates,380.0,0.167123288,1.0,30.0,0.033,0.987333333,3,-0.059131029,0.052247283,0.043490693,0.059013822,0.048059409,0.04772839,0.037119104,-0.060404182,-0.058038736,0.031658295,0.005569813,-0.050524886,-0.059876158,-0.057951543,0.012202186,-0.042649669,-0.033244267,0.050809342,0.039111278,-0.058357886,-0.050325169,0.018893305,-0.047256499,-0.05201385,-0.038835611,0.060454334,0.035879313,-0.059095201,-0.058553425,-0.052832737,-0.016261109,-0.042609437,0.034116528,0.011455806,-0.054400263,-0.059853328,-0.046327997,0.058063722,-0.060199373,-0.058923972,-0.06006402,-0.060384725,0.026344949,-0.025447145,-0.044487867,-0.050715137,-0.050407807,-0.055861555,-0.049767744,-0.041659243,-0.038057837,-0.054396394,-0.060459781,0.041691917
Chlorocebus aethiops sabaeus,Vervet,Blood,1.4.1,Primates,5620.0,0.443835616,3.916438356,30.8,8.9e-05,0.812399929,144,-0.089355544,0.100360347,0.100536852,0.097228029,0.092351586,0.100163022,0.102194391,-0.094041815,-0.083041134,0.094378373,0.093558368,-0.062952033,-0.106877998,-0.097348219,0.082776797,-0.043405488,-0.054265461,-0.021438211,0.047775389,-0.096614537,-0.099026529,0.100994102,0.010808309,-0.102314376,-0.090049926,0.087741264,0.058677269,-0.099753438,-0.097361425,-0.097214915,-0.07480684,-0.101184965,0.105721388,0.109235291,-0.100083128,-0.086545385,-0.092180365,0.101260931,-0.071080786,-0.086171111,-0.087446469,-0.092802601,0.049480098,0.071657324,-0.086811557,-0.061292742,-0.088285824,-0.0865796,-0.067596883,-0.086372647,0.055791758,-0.093993005,-0.092761561,0.022553354
Chlorocebus aethiops sabaeus,Vervet,Cortex,1.4.1,Primates,5620.0,0.443835616,3.916438356,30.8,0.0,0.743728874,48,-0.073127286,0.14370317,0.092122482,0.143949063,0.12037716,0.148555111,0.103307547,0.074308716,-0.11515236,0.086478516,0.06519535,-0.121049325,0.020386982,0.066687486,0.108550193,-0.005801691,0.03857362,-0.060922812,0.003407267,0.039225122,0.047077475,0.098253406,0.08096314,0.044386062,0.102416412,-0.012535754,0.040482793,0.081913097,0.026303432,0.070838577,0.085192251,0.030347325,0.102305788,0.083667548,0.067242676,0.095137087,0.098938785,0.135114727,0.103363608,0.109651366,0.085114525,0.079903688,0.075565694,0.036955415,-0.127401421,0.100839062,-0.004948587,0.101863741,0.06197704,-0.038451593,0.090962973,0.106010401,0.069082142,0.033985436
Chlorocebus aethiops sabaeus,Vervet,Liver,1.4.1,Primates,5620.0,0.443835616,3.916438356,30.8,0.0,0.708503825,48,-0.103605388,0.161830336,0.157431577,0.15668019,0.127382718,0.169054982,0.149307265,-0.146039449,-0.080845259,0.15379144,0.142725823,-0.035363062,-0.102822855,-0.003082968,0.130948332,0.082195522,-0.107842977,-0.052394183,0.002665006,-0.079292431,-0.101499414,0.144797731,0.086510144,-0.137875137,-0.115836972,0.074076346,0.045590623,-0.115978617,-0.124507585,-0.135108188,-0.104743515,-0.108528884,0.156634331,0.148262256,-0.034573428,-0.141488424,-0.149152859,0.138878523,-0.043545487,-0.075532565,-0.078854522,0.019211157,-0.046164524,0.102793962,-0.085766714,0.058360034,-0.124711616,-0.029801118,0.095791026,-0.03777607,0.104390977,-0.138962196,-0.099367194,0.092798237
Chrysocyon brachyurus,Maned wolf,Blood,5.1.3,Carnivora,21500.0,0.175342466,2.0,16.8,0.282585313,0.810925329,5,-0.088660449,0.243295304,0.258455454,0.263018775,0.261970322,0.247120412,0.270201545,-0.227230206,-0.043075526,0.242120962,0.180915813,-0.146555983,-0.076759729,-0.152807423,0.178185262,0.102890008,-0.15439274,0.006798612,0.080531837,-0.234806572,-0.142487535,0.154278078,0.130451072,-0.171400621,-0.191134589,0.24359283,0.040682611,-0.179537758,-0.173923776,-0.162864626,-0.154307799,-0.199764363,0.255584426,0.261546245,-0.149631095,-0.190036019,-0.181553055,0.19486917,-0.005638834,-0.208927252,-0.237274856,-0.100251116,-0.085035103,0.25851721,-0.089499645,-0.049946947,-0.022742073,-0.135360146,0.044317277,-0.114723738,0.182520912,-0.224876333,-0.23944835,-0.0792236
Connochaetes taurinus albojubatus,White-bearded gnu,Blood,4.1.6,Artiodactyla,164500.0,0.693150685,1.812328767,24.3,0.288065844,0.780658436,10,0.018871552,0.183448508,0.172462284,0.170463565,0.120199961,0.181775977,0.19646295,-0.063885241,0.042065101,0.146138287,0.180851039,0.068285597,-0.022516218,-0.017201554,0.147066464,0.032803834,0.07155345,-0.117859739,0.182921201,-0.007322631,-0.034985371,0.109472126,0.021010385,-0.009740877,-0.013739692,-0.088333621,0.181595844,-0.067265191,-0.001359092,-0.031060629,0.09440943,-0.042719139,0.198803889,0.194243457,0.011642686,-0.046585251,-0.041132914,0.094245574,-0.042158102,-0.029956192,-0.006935585,-0.050358741,0.164524708,0.165952211,0.008354558,-0.02037303,0.05485583,0.050662339,-0.00700473,0.061780674,0.030077238,-0.045733468,-0.046259355,-0.022400247
Crocuta crocuta,Spotted hyena,Blood,5.5.1,Carnivora,63000.0,0.301369863,2.375342466,41.1,0.032116788,0.426034063,6,-0.111680131,0.130703586,0.129027078,0.130898661,0.130473075,0.130573187,0.123612148,-0.089920189,-0.096413526,0.103460148,0.11225943,-0.07865656,-0.092541746,-0.092990368,-0.064440812,0.096395483,-0.112369614,-0.013484761,-0.120668751,-0.067408211,-0.046178642,0.129289465,0.113687651,-0.072120761,-0.10936425,0.103049113,-0.107782547,-0.108030166,-0.05591277,-0.004250754,-0.080888645,-0.104270078,0.126715521,0.063296991,-0.088885182,-0.098343979,-0.122606656,0.129623977,-0.01553955,-0.025620788,0.0571684,0.059725169,-0.000329346,-0.104937509,-0.078576782,0.041134318,-0.086337656,-0.09724162,0.007197736,-0.098105907,-0.092021069,-0.126939504,-0.018078363,0.108825503
Cynopterus brachyotis,Lesser short-nosed fruit bat,Skin,8.5.1,Chiroptera,45.0,0.306849315,0.69,13.0,0.515384615,0.992307692,10,-0.310822155,0.272845494,0.369355739,0.270594797,-0.013350186,0.277607459,0.3674327,-0.342988923,-0.300638955,0.15352913,0.312012025,-0.25358283,-0.282168811,-0.214661477,0.165619382,0.273092083,-0.281346705,-0.171902895,0.315415921,-0.315855258,-0.315589891,-0.043297732,0.011241603,-0.190179023,-0.341490835,-0.252103571,0.331716358,-0.350166085,-0.29706125,-0.306479876,-0.272767383,-0.365779671,0.350363992,0.331970927,-0.334710768,-0.367397491,-0.384951114,0.069605462,-0.075717275,-0.13660129,-0.246800197,-0.166682941,-0.096156505,-0.213797422,-0.278668372,-0.083912632,-0.178271288,-0.296665495,0.00860661,-0.291446657,-0.153982231,-0.323805158,-0.224731593,-0.015953279
Daubentonia madagascariensis,Aye-aye,Blood,1.9.1,Primates,2277.5,0.452054795,4.25,37.0,0.018918919,0.991081081,3,-0.051555937,0.052410609,0.048530639,0.052777879,0.051073909,0.053664686,0.047501938,-0.054939776,-0.051568245,0.049944248,0.04731879,-0.049991766,-0.054927931,-0.051892927,0.046358483,0.034113849,-0.050740264,-0.041801785,-0.049731163,-0.054684452,-0.054686444,0.054658399,0.046685081,-0.053529265,-0.054997147,0.050625636,0.028638719,-0.054957047,-0.055007874,-0.054853033,-0.049610365,-0.054674362,0.047409528,0.053889043,-0.052273105,-0.05469212,-0.054508083,0.054344968,0.007241769,-0.052576126,-0.054904859,-0.054991829,-0.044312575,0.011236921,-0.054981149,0.040079758,-0.045557425,-0.053446734,-0.034220303,-0.051939707,0.054683418,-0.054990612,-0.054346266,0.035657814
Daubentonia madagascariensis,Aye-aye,Blood&Skin,1.9.1,Primates,2277.5,0.452054795,4.25,37.0,0.018918919,0.991081081,4,-0.039706809,0.057169887,0.027318406,0.055769305,0.048516371,0.058565929,0.030996197,-0.040180509,-0.037843344,0.053159275,-0.008620077,-0.032972815,-0.040277411,-0.033778946,0.045800981,-0.025635767,-0.045742735,0.003283728,-0.042788009,-0.03840315,-0.053010376,0.01832063,-0.010404332,-0.032360986,-0.056262074,0.055979625,-0.023038256,-0.043752117,-0.037566813,-0.031388256,-0.054507679,-0.05667095,0.022737122,0.007170234,-0.03998132,-0.04579229,-0.054423085,0.047860964,-0.025543447,-0.040489278,-0.037714855,-0.042154301,-0.001234382,-0.023733443,-0.040522883,-0.025147159,-0.03815717,-0.031758791,-0.029954977,-0.045599037,-0.009318879,-0.052892557,-0.038625152,0.038105436
Daubentoniidae,Daubentoniidae,Blood,1.9,Primates,2277.5,0.452054795,4.25,37.0,0.018918919,0.991081081,3,-0.051555937,0.052410609,0.048530639,0.052777879,0.051073909,0.053664686,0.047501938,-0.054939776,-0.051568245,0.049944248,0.04731879,-0.049991766,-0.054927931,-0.051892927,0.046358483,0.034113849,-0.050740264,-0.041801785,-0.049731163,-0.054684452,-0.054686444,0.054658399,0.046685081,-0.053529265,-0.054997147,0.050625636,0.028638719,-0.054957047,-0.055007874,-0.054853033,-0.049610365,-0.054674362,0.047409528,0.053889043,-0.052273105,-0.05469212,-0.054508083,0.054344968,0.007241769,-0.052576126,-0.054904859,-0.054991829,-0.044312575,0.011236921,-0.054981149,0.040079758,-0.045557425,-0.053446734,-0.034220303,-0.051939707,0.054683418,-0.054990612,-0.054346266,0.035657814
Delphinapterus leucas,Beluga whale,Blood,4.19.1,Artiodactyla,1430000.0,1.279452055,11.00753425,50.0,0.001,0.9788,67,-0.022846281,0.061640512,0.041673106,0.055250959,0.041920405,0.061642055,0.016292901,-0.026424524,-0.033752906,0.056869387,0.040861311,-0.026695009,-0.009106064,-0.023649997,0.045697395,-0.029602472,-0.013013271,-0.033643779,-0.015893131,-0.012651715,-0.020263191,0.056638992,0.011362525,-0.036474137,-0.011886251,-0.023399931,0.005403405,-0.031834868,-0.025251392,-0.01452474,-0.007317111,-0.019386639,0.036839592,0.017848351,-0.024465569,-0.019283753,-0.015580166,0.048369554,0.004490942,-0.013587051,-0.018002668,-0.017718783,-0.036258904,0.022209923,-0.040985071,3.44e-05,-0.046910287,-0.000158982,-0.004425681,-0.038938565,-0.028441854,-0.024489475,-0.026316394,0.002920266
Delphinapterus leucas,Beluga whale,Skin,4.19.1,Artiodactyla,1430000.0,1.279452055,11.00753425,50.0,-0.02,0.984164384,118,-0.028812516,0.032387256,0.036023198,0.030338077,0.032418547,0.032188816,0.038229892,-0.050637809,-0.018928744,0.026843812,0.019758448,-0.015021931,-0.022453511,-0.038208722,0.019233411,0.006136055,-0.024698666,0.030560635,0.025888375,-0.034583897,-0.053726819,0.015968353,-0.026674485,-0.018630672,-0.032317102,0.030467287,0.026557913,-0.050529213,-0.043687936,-0.018515422,-0.025422066,-0.029603924,0.026906884,0.02938655,-0.034064787,-0.0459649,-0.040839248,0.014533753,-0.026127987,-0.057432008,-0.034563563,-0.026372341,0.029281956,0.019975279,0.001279423,-0.028939667,-0.014744022,-0.037742052,-0.024186845,-0.021712299,0.003109853,-0.061309872,-0.057438535,-0.000472218
Desmodus rotundus,Common vampire bat,Skin,8.4.3,Chiroptera,33.2,0.517808219,0.780821918,29.9,0.010033445,0.578595318,44,-0.08135777,0.141741604,0.137948462,0.1101027,-0.027708754,0.079623691,0.141842852,-0.066817199,-0.054695564,0.076072924,0.122671657,0.000801957,-0.089004361,-0.000918891,0.118104957,0.052330994,-0.005428969,0.062883605,0.07927713,-0.072809633,-0.086026426,0.11377427,-0.062136062,-0.0206881,-0.02608758,0.096578964,0.080890658,-0.046890805,-0.065972708,-0.035939574,-0.012162129,-0.044017805,0.128871498,0.10297158,-0.064091583,-0.069415904,-0.042814225,0.06373744,-0.052266596,-0.0547953,-0.013070754,-0.008792087,0.085712201,0.095260889,0.005965481,0.024264026,-0.016739253,-0.051538865,-0.03770597,-0.029661708,-0.02466435,-0.068519053,-0.097274318,-0.027075372
Diceros bicornis,Eastern black rhinoceros,Blood,6.2.2,Perissodactyla,1100000.0,1.298630137,5.589041096,49.0,0.196119516,0.632040816,5,-0.065334493,0.032391816,0.070386275,0.0545274,0.055407154,-0.004826046,0.015803136,-0.044892983,-0.051770447,0.008642993,0.030877968,-0.059222312,-0.049889947,-0.053604901,-0.035108829,-0.106494003,-0.050004328,0.00417053,0.070488137,-0.047638189,-0.050950803,-0.032107802,-0.067269788,-0.054523062,-0.044537033,-0.005320928,0.073066161,-0.054751562,-0.046281272,-0.0567851,-0.050583193,-0.053124407,0.012272599,0.040368465,-0.059005293,-0.044599861,-0.047507465,0.090916226,-0.022224972,-0.028435205,-0.048648108,-0.039815295,-0.071737467,0.018713442,-0.023916363,-0.033816937,-0.068443859,-0.00546282,-0.077799144,-0.059191786,-0.080878822,-0.04335956,-0.031072709,-0.011876097
Eidolon helvum,Straw-colored fruit bat,Skin,8.5.2,Chiroptera,306.25,0.753424658,1.75000274,21.8,0.155963303,0.756880734,24,0.025089422,0.197940974,0.1517522,0.147464633,-0.036115566,0.133694278,0.140449601,-0.151735005,0.067960801,0.140519696,0.105789442,0.082839021,-0.003697564,-0.056256948,0.084924542,0.074646134,0.051695362,-0.155857244,0.016514137,-0.013925165,-0.140438285,0.164008026,0.076767058,-0.075638478,0.007142,-0.086426367,0.076231014,-0.093599977,-0.12550478,-0.12028112,0.059961775,-0.020719894,0.087451019,0.136338449,-0.051634873,-0.118977622,-0.064467333,0.096695769,-0.021360388,-0.063774168,-0.099893805,0.012888213,-0.013533617,-0.071893956,0.034177786,0.101839578,0.040899408,9.14e-05,0.042398247,0.076769598,0.061029858,-0.132162001,-0.088792864,-0.150757234
Elephas maximus,Asian elephant,Blood,2.1.1,Proboscidea,3178000.0,1.764383562,9.005479452,88.0,0.026805729,0.83620797,83,-0.01182461,0.035907441,0.024514368,0.033469281,0.011581124,0.030232882,0.024210887,-0.019179389,-0.007591728,0.006248032,0.01067913,-0.017358058,-0.017725818,-0.023728299,-0.013022063,-0.020696778,-0.0060653,0.001918166,0.010049974,-0.017080268,-0.02638742,-0.00368558,-0.018354998,-0.040438953,-0.007223479,0.008940283,0.01495688,-0.022133955,-0.024508675,-0.033703071,-0.002067235,-0.012864827,0.027250547,0.016310042,-0.010649538,-0.02649075,-0.011112462,0.011858777,-0.028570669,-0.025368576,-0.026881642,-0.000106638,0.003164249,-0.012801749,-0.01650482,0.003912228,-0.022315983,-0.01429193,-0.031020829,-0.007454592,0.004521463,-0.017543949,-0.01893185,-0.000808996
Eptesicus fuscus,Big brown bat,Muscle,8.7.2,Chiroptera,23.0,0.164383562,1.749315068,23.0,0.013043478,0.147826087,6,0.535879191,-0.025893646,-0.452445327,-0.707166505,-0.528841123,-0.242482311,-0.158039977,0.46723528,0.642412334,-0.171462018,0.327329935,0.475864177,0.573611924,0.504734647,0.279461394,0.153095296,0.553573385,0.026409285,-0.458170819,0.498267637,0.420196089,0.213134986,0.224325418,0.339582451,0.535561472,-0.401802002,-0.374131931,0.4994871,0.567961909,0.104617273,0.53755887,0.392067562,-0.03558187,0.047819126,0.600454285,0.507003435,0.545089891,-0.491451466,-0.458253141,0.150423597,0.456535847,0.466240163,-0.000640352,-0.353102888,0.499729098,0.520941998,0.339154406,0.213463759,0.221938168,0.627009939,0.388549459,0.50533321,0.418860212,0.319506255
Eptesicus fuscus,Big brown bat,Skin,8.7.2,Chiroptera,23.0,0.164383562,1.749315068,23.0,0.013043478,0.795652174,70,0.001115725,0.170931712,0.179695235,0.152475097,0.13628125,0.121448494,0.206104006,-0.086278203,0.008169477,0.206250685,0.145356702,0.068436186,-0.009701307,-0.020523869,0.046969836,0.027917215,0.015471349,0.089224299,0.028732437,-0.009877003,-0.066791272,0.189951906,0.011557516,-0.049168939,-0.053333828,0.142056626,0.079427688,-0.08505178,-0.093251312,-0.066027977,-0.017205692,-0.051919397,0.20488802,0.119633072,-0.013962423,-0.108081217,-0.07534058,0.159075526,0.020058009,-0.058785514,-0.069470261,-0.022686176,0.106774937,0.072746369,0.014881149,-0.026771607,0.04690906,-0.042746274,0.136547826,-0.017737263,-0.03778875,-0.129812778,-0.104908716,0.144509761
Equus africanus somaliensis,Somali wild ass,Blood,6.1.4,Perissodactyla,250000.0,1.006849315,1.75,47.0,0.050562861,0.213435857,7,-0.319424678,0.287125141,0.30043343,0.245279409,0.196946079,0.305102263,0.302240829,-0.303073547,-0.277192489,0.269430001,0.296065648,-0.137275162,-0.354526393,-0.326803394,0.222934275,-0.224172979,-0.285879432,-0.109940952,0.136516127,-0.277818127,-0.330425327,0.101097043,-0.082853684,-0.320856785,-0.276726391,0.036837247,0.210731776,-0.348787863,-0.296107916,-0.324961089,-0.320797048,-0.341361659,0.313844103,0.313135115,-0.299515713,-0.268634848,-0.305468769,0.218991152,-0.241161854,-0.273614291,-0.303748072,-0.245917512,0.130237607,0.110723,-0.116663695,-0.173215893,-0.337275705,-0.223433187,-0.305738107,-0.31257209,0.222321271,-0.278724817,-0.289329857,0.087207382
Equus caballus,Horse,Blood,6.1.1,Perissodactyla,300000.0,0.923287671,2.584931507,57.0,8.77e-05,0.49122807,210,0.000819088,0.103974226,0.088333484,0.094780426,0.063170958,0.105332805,0.083630916,-0.041254907,-0.000518142,0.10085413,0.076683972,0.00902795,-0.016039948,-0.040098985,0.078989199,-0.029630129,0.010928313,0.015873537,-0.001244667,-0.034662587,-0.041901736,0.090852865,0.001277693,-0.064773473,-0.008442126,0.041812466,0.007924932,-0.047446874,-0.029106632,-0.04660751,0.009180213,-0.022550485,0.058476016,0.049973879,-0.004861608,-0.038623906,-0.030634936,0.067448135,-0.019860512,-0.051270175,-0.050711901,-0.02446511,0.003474996,0.002785464,-0.028641938,-0.060401347,-0.030685697,-0.031910629,-0.011391457,0.009174105,-0.009117876,-0.043682955,-0.054902271,0.010714913
Equus caballus,Horse,Liver,6.1.1,Perissodactyla,300000.0,0.923287671,2.584931507,57.0,0.000730994,0.50877193,48,0.01337288,0.104005292,0.104409655,0.072651798,0.050977269,0.110950307,0.1060396,-0.045504115,-0.001268048,0.130148636,0.118240157,0.038083457,0.004916883,-0.021277225,0.073932963,0.017795708,-0.003109569,0.066731851,0.055527005,0.025803205,-0.038792195,0.070634666,0.034026466,-0.030978572,0.002258821,0.11623576,0.032192154,-0.057557746,-0.017906113,-0.00640565,0.023885621,2.04e-05,0.072734234,0.072538565,-0.001303787,-0.063837494,-0.031557993,0.033230512,0.01573567,-0.034322631,-0.068513747,-0.00512689,-0.004756543,0.104814875,0.01032673,-0.007968492,-0.006222985,-0.025895086,0.098083098,-0.011958952,0.103023125,-0.047098587,-0.026457719,-0.052057865
Equus quagga,Zebra,Blood,6.1.3,Perissodactyla,280000.0,1.0,2.465753425,38.0,0.004109589,0.531795242,76,-0.148499334,0.144136814,0.116415625,0.124033753,0.098014227,0.15179701,0.12362459,-0.124693364,-0.156993707,0.134182721,0.115627638,-0.113270026,-0.153937276,-0.149691888,0.069088151,-0.150016707,-0.125965961,0.012413136,0.024684241,-0.122203394,-0.121673342,0.12711929,-0.132225484,-0.153496046,-0.128169109,0.066043808,0.046146175,-0.134581954,-0.114343319,-0.142654363,-0.11518607,-0.13709644,0.122923925,0.076823453,-0.141992965,-0.10014592,-0.133512279,0.103354929,-0.116717657,-0.11355254,-0.144674509,-0.129615425,0.034771698,-0.038753388,-0.130989204,-0.129277837,-0.16312893,-0.100300603,-0.149402731,-0.119500689,-0.057189646,-0.092156062,-0.116387123,0.056085437
Equus quagga,Zebra,Skin,6.1.3,Perissodactyla,280000.0,1.0,2.465753425,38.0,0.004253684,0.651838421,20,-0.006139507,0.138370488,0.102027671,0.101269344,0.056570043,0.116507618,0.111030231,-0.003115482,-0.004908916,0.104701162,0.120081599,0.034941361,0.004538601,0.029050007,0.06985377,-0.005630272,-0.017435739,0.037221161,0.068226757,0.005992592,-0.02596415,0.077380565,0.037335338,0.020492882,0.004971501,0.083922599,0.069067954,-0.015527264,-0.026134641,0.009454042,-0.001292117,0.010463744,0.089984275,0.094269898,0.026936908,0.020278919,-0.013895587,0.082684988,0.019459897,0.008491639,-0.013440772,-0.004518053,0.114408461,0.111394348,0.007875034,0.037783974,0.030983608,0.015834015,0.09245799,-0.055983338,0.055448682,-0.063169673,-0.028508889,0.035317071
Eulemur albifrons,White-headed lemur,Blood&Skin,1.3.1,Primates,2231.59,0.328767123,2.657534247,34.59,0.568083261,1.0,3,-0.061363417,0.086405042,0.07115174,0.098124267,0.096633073,0.104095881,0.042854749,-0.070713759,-0.042131119,0.082688761,-0.022773777,-0.054046086,-0.112595697,-0.065382155,0.093476629,-0.051626116,0.115318326,-0.059185164,0.044213962,-0.071547334,0.004788639,0.02941201,-0.039122182,-0.056494748,0.051304622,0.03382135,0.115741211,-0.087066379,-0.073617538,-0.067987122,0.113341027,0.004298415,-0.046925573,-0.028547448,-0.069089558,-0.024614745,0.021815793,0.08797961,-0.010790674,-0.088716735,-0.069795769,-0.115790083,-0.023702633,-0.069620311,-0.061935226,-0.046022283,-0.056240805,-0.039328444,-0.050409802,0.087878502,-0.0255694,0.048902366,-0.079181072,0.105169861
Eulemur collaris,Collared brown lemur,Blood,1.3.7,Primates,2333.61,0.336986301,2.073972599,37.0,0.022702703,0.914324324,3,-0.056646342,0.059536952,0.059336092,0.05962935,0.040662389,0.05915408,0.059389981,-0.058179215,-0.0552669,0.058583233,0.058273229,-0.055265224,-0.055822459,-0.058039792,0.014005358,-0.049319412,-0.056678461,-0.058363298,0.030073518,-0.056487815,-0.057155762,0.051799585,-0.058109392,-0.05768432,-0.059149323,0.059847615,0.045666796,-0.057793261,-0.057731747,-0.057216829,-0.058022751,-0.057527548,0.055025232,0.058921188,-0.054017181,-0.058928992,-0.059164274,0.056327821,-0.056846743,-0.059584068,-0.055935407,-0.057105558,-0.047104913,-0.056750181,-0.043689441,-0.059842478,-0.054463549,-0.05953962,-0.05571715,-0.044900164,0.052883099,-0.058515532,-0.057418638,0.054154256
Eulemur collaris,Collared brown lemur,Blood&Skin,1.3.7,Primates,2333.61,0.336986301,2.073972599,37.0,0.022702703,0.914324324,4,-0.053415999,0.060825042,0.055292866,0.055650261,0.045398767,0.060581617,0.060850916,-0.052630395,-0.056467007,0.055226952,-0.001482493,-0.042260551,-0.057299303,-0.049807226,0.034332598,-0.040065083,-0.058462473,-0.033617643,0.042220164,-0.054195655,-0.057759753,0.037846552,-0.046265229,-0.045463756,-0.059725896,0.061136736,0.047850092,-0.058686641,-0.052080764,-0.046387158,-0.055694466,-0.059001153,0.053397893,0.010898446,-0.053116514,-0.055784983,-0.060697163,0.058192791,-0.052717172,-0.055204209,-0.052135244,-0.057589989,0.023366481,-0.039491162,-0.038426422,-0.038703936,-0.050118469,-0.04697957,-0.048151044,-0.05039498,-0.026758643,-0.058661238,-0.053771908,0.051754654
Eulemur coronatus,Crowned lemur,Blood&Skin,1.3.2,Primates,1645.0,0.345205479,1.665753425,30.0,0.032666667,0.636666667,3,-0.095810218,0.087036205,0.079916652,0.107342557,-0.016217795,0.103278404,0.060798588,-0.099947506,-0.095497727,0.039936295,-0.031007131,-0.088488805,-0.103189658,-0.097097937,0.102650471,-0.08560912,-0.101469778,0.072990106,-0.061776904,-0.097735103,-0.10871336,0.083202551,-0.074078851,-0.094591465,-0.105960762,0.104655028,-0.079250318,-0.106311478,-0.098383063,-0.094211918,-0.107367348,-0.108339422,0.070577724,-0.029966212,-0.09869345,-0.1044848,-0.108718948,0.108686243,-0.099941484,-0.103006597,-0.100515926,-0.1014222,0.08803167,-0.055370046,-0.090799898,-0.088182316,-0.094264526,-0.093351737,-0.095002134,-0.10497431,-0.075960473,-0.108016226,-0.102580651,0.10687889
Eulemur flavifrons,Blue-eyed black lemur,Blood,1.3.8,Primates,2433.0,0.347945205,2.1,32.0,0.01,0.85625,3,-0.073847038,0.073549648,0.07362436,0.073783986,0.073031924,0.073376145,0.069891414,-0.073597989,-0.073769937,0.073558463,0.073076404,-0.07340516,-0.07360465,-0.073669541,0.073820104,-0.073673134,-0.073831514,0.072294272,0.065632289,-0.073833633,-0.073135541,0.073699785,-0.046237858,-0.072860895,-0.073796599,0.070857006,0.053026725,-0.073321895,-0.073510138,-0.073394702,-0.073788004,-0.073845596,0.073442086,0.071808662,-0.073255627,-0.073749881,-0.073519495,0.071946617,-0.073846437,-0.07355338,-0.073281833,-0.073744356,0.041220312,-0.028033107,-0.071720038,0.003687833,-0.072772697,-0.073554593,-0.071012747,-0.072039436,0.073637625,-0.073370411,-0.073642718,0.069665187
Eulemur flavifrons,Blue-eyed black lemur,Blood&Skin,1.3.8,Primates,2433.0,0.347945205,2.1,32.0,0.01,0.85625,4,-0.047872856,0.085024218,0.086223904,0.075426403,0.081700467,0.085520857,0.082355187,-0.061231916,-0.052383808,0.083004607,0.042406633,-0.038009617,-0.064257332,-0.058726524,0.086558251,-0.032026879,-0.074540119,0.078358109,0.041161885,-0.064623889,-0.0844361,0.082458819,-0.02971255,-0.04621653,-0.084816429,0.078080792,0.045366854,-0.080279203,-0.060407118,-0.048759106,-0.084209341,-0.085275685,0.08084445,0.039734204,-0.054577855,-0.071284818,-0.085949001,0.066151416,-0.079933921,-0.067544319,-0.061775415,-0.076423877,0.024511474,-0.027289334,-0.04269362,-0.024858354,-0.044443947,-0.041675795,-0.041712734,-0.08442445,0.010120225,-0.081570365,-0.071156423,0.080042945
Eulemur macaco,Black lemur,Blood,1.3.4,Primates,2467.0,0.328767123,1.104109589,37.5,0.253866667,0.919466667,3,0.03135342,0.071577397,0.070529356,0.071828301,0.068195338,0.067118424,0.070585815,-0.056200969,0.043065078,0.059322452,0.070513302,0.029176805,0.010995993,-0.044495702,-0.010927016,-0.015292977,0.052865948,0.070993821,-0.036969335,-0.010350089,-0.034636235,0.04885334,-0.02357608,-0.05216462,0.024317712,0.071095965,-0.039135761,-0.052504281,-0.031692562,-0.045187818,0.053559637,0.005907874,0.070949158,0.064835317,-0.001252205,-0.056414396,-0.01316696,0.069164025,-0.07155088,-0.060711721,-0.053403419,-0.037074024,0.071542989,-0.031602356,0.071792871,-0.036255041,-0.048905689,-0.038536832,-0.044790159,0.040707906,0.027559447,-0.0598705,-0.058631678,0.063718365
Eulemur macaco,Black lemur,Blood&Skin,1.3.4,Primates,2467.0,0.328767123,1.104109589,37.5,0.253866667,0.919466667,4,-0.028280833,0.064793235,0.071038536,0.056177117,0.069453939,0.061128731,0.059902216,-0.049886162,-0.01471666,0.063825196,-0.022550656,-0.039224278,-0.031290962,-0.04727126,0.03089909,-0.042320775,0.02508154,0.071152662,-0.028980666,-0.042281804,-0.044232944,0.057184388,-0.045679834,-0.046658797,0.019597918,0.067058868,-0.043436813,-0.054867756,-0.04468324,-0.04610637,0.041173392,-0.026647689,0.068691042,-0.007903369,-0.039970295,-0.054725301,-0.040134751,0.062815036,-0.0539041,-0.052851924,-0.052738379,-0.050203498,0.058365998,-0.047287332,-0.037354803,-0.043528218,-0.048793419,-0.043717595,-0.048384491,0.033559891,-0.03683722,-0.057543194,-0.053955586,0.050758995
Eulemur mongoz,Mongoose lemur,Blood,1.3.5,Primates,1555.0,0.328767123,2.349315068,36.2,0.022651934,0.85,3,-0.062452838,0.053392446,0.046532222,0.049795469,0.046215013,0.055297247,0.024348343,-0.065460207,-0.066089185,0.032715697,0.045416433,-0.065365373,-0.050179589,-0.064782538,0.013754577,0.005279866,-0.064336789,-0.063915116,-0.064642041,-0.062665101,-0.062747368,0.051863332,-0.032318254,-0.065151037,-0.063242728,0.060172715,-0.060719724,-0.061415832,-0.064104509,-0.060878274,-0.066133896,-0.037021225,0.022383735,-0.044939992,-0.065896282,-0.063526018,-0.063515748,0.037594925,-0.064465796,-0.065566857,-0.066134844,-0.066187728,0.005116161,-0.057066764,-0.047448202,-0.064964362,-0.063417072,-0.054865858,-0.064694403,-0.06606163,0.028540102,-0.061785891,-0.066193285,0.048398306
Eulemur mongoz,Mongoose lemur,Blood&Skin,1.3.5,Primates,1555.0,0.328767123,2.349315068,36.2,0.022651934,0.85,4,-0.047817417,0.057632197,0.052452627,0.05101041,0.053456715,0.060185574,0.042600959,-0.050753687,-0.057929696,-0.004112343,-0.016264179,-0.04192766,-0.046281011,-0.046000767,-0.025301046,-0.036943729,-0.057988803,-0.061652697,-0.066341242,-0.044107634,-0.060341692,0.051235277,-0.039803747,-0.045836029,-0.065098866,0.046427649,-0.063856997,-0.054358862,-0.045784707,-0.044265213,-0.066766463,-0.048069023,-0.000515027,-0.042760595,-0.053773191,-0.051580506,-0.056303062,0.045727495,-0.06403964,-0.049229917,-0.051480158,-0.053262857,-0.036197614,-0.05345731,-0.045259476,-0.042516825,-0.049721117,-0.042911235,-0.042084637,-0.067587981,-0.032536214,-0.056897658,-0.049998835,0.053152738
Eulemur rubriventer,Red-bellied lemur,Blood,1.3.6,Primates,2191.5,0.328767123,2.734246575,34.0,0.231470588,0.995294118,3,-0.052281207,0.06863377,0.044491487,0.056906118,0.058596663,0.067640156,0.025220574,-0.072394068,-0.052289203,0.073284635,0.053418538,-0.024155292,-0.043109829,-0.070134013,0.054652381,-0.04603371,-0.06747729,-0.005739891,0.042900054,-0.028389977,-0.060138229,0.072777595,0.034880519,-0.060370812,-0.069339146,0.072742943,0.02610756,-0.072138756,-0.064011614,-0.069383444,-0.067168387,-0.057524204,-0.010803068,0.051092703,-0.067005484,-0.066201569,-0.068880094,0.059741658,0.042642553,-0.037659337,-0.068800841,-0.041844984,-0.019619535,-0.072945869,-0.015864254,0.067036296,-0.073198144,0.07319514,-0.049206682,-0.057219924,0.001942744,-0.073248377,-0.068013046,0.072558347
Eulemur rubriventer,Red-bellied lemur,Blood&Skin,1.3.6,Primates,2191.5,0.328767123,2.734246575,34.0,0.231470588,0.995294118,4,-0.05162177,0.05778036,0.051626098,0.050471266,0.064135361,0.059728694,0.04626659,-0.05090541,-0.055142485,0.052000635,-0.01966816,-0.043600271,-0.051243785,-0.049364693,0.056533486,-0.045131124,-0.06338785,0.000503403,0.05496452,-0.045214045,-0.064262136,0.069169239,-0.027467779,-0.04578155,-0.064009836,0.055035668,0.039961275,-0.056417828,-0.05001713,-0.047611486,-0.064897525,-0.059423206,-0.013714855,0.028655846,-0.052774252,-0.052718673,-0.060169803,0.053835511,-0.03637979,-0.044961607,-0.051367019,-0.051512749,0.021021779,-0.062947326,-0.043380758,-0.038992203,-0.056719905,-0.041481896,-0.047705917,-0.056694724,-0.039972225,-0.057831793,-0.049067927,0.064098396
Eulemur sanfordi,Sanford's brown lemur,Blood,1.3.10,Primates,2111.34,0.328767123,1.819178082,32.94,0.286581664,1.0,3,-0.067289573,0.080165374,0.074808228,0.074894156,0.037669262,0.080671332,0.080088244,-0.068525256,-0.061486757,0.080384557,0.077237966,-0.052834965,-0.074750451,-0.065708018,0.077139148,-0.063450039,-0.058387553,0.075436943,0.075139893,-0.062681906,-0.070958471,0.07837328,-0.051413604,-0.068971908,-0.066008945,0.079991717,0.058179986,-0.068917003,-0.06508376,-0.069661825,-0.05673485,-0.070796504,0.07968135,0.075962537,-0.060090731,-0.06793124,-0.069946926,0.049046495,-0.053906333,-0.067488876,-0.068320675,-0.072568239,0.070768405,0.041233982,-0.065042113,-0.070358651,-0.058857889,-0.063158197,-0.055604581,-0.062120955,0.032102477,-0.066604211,-0.066347959,0.067951681
Eulemur sanfordi,Sanford's brown lemur,Blood&Skin,1.3.10,Primates,2111.34,0.328767123,1.819178082,32.94,0.286581664,1.0,4,-0.065380588,0.079938133,0.070883294,0.069291261,0.055765245,0.081103213,0.067175998,-0.067301467,-0.067569134,0.076340108,-0.001014458,-0.054079589,-0.076050187,-0.064788145,0.071795268,-0.054293757,-0.066658305,0.069899354,0.07571331,-0.065660518,-0.065956433,0.060998848,-0.062439843,-0.059670109,-0.065671781,0.072390998,0.061665062,-0.073410012,-0.064434275,-0.060741508,-0.063970104,-0.067554247,0.072641304,0.030331156,-0.06368343,-0.071633363,-0.072388196,0.059193094,-0.064198872,-0.071847223,-0.068541821,-0.074417796,0.071015243,-0.038843096,-0.060745192,-0.062298642,-0.058463629,-0.060289994,-0.06066977,-0.065524614,-0.037723422,-0.071835981,-0.070760171,0.071343899
Felis catus,Domestic cat,Blood,5.2.2,Carnivora,3900.0,0.178082192,0.791780822,30.0,0.007032349,0.697222333,128,-0.083943492,0.123134672,0.094513443,0.114863736,0.073717156,0.11121679,0.09104359,-0.045298545,-0.081860992,0.049258052,0.053352317,-0.072279598,-0.065582879,-0.056434196,0.015210979,-0.021382824,-0.057880078,0.006492831,-0.001831507,-0.051110602,-0.060996786,0.114191554,0.028877001,-0.089375969,-0.041771504,0.057481714,0.020100713,-0.020030386,-0.046396587,-0.053436323,-0.030879123,-0.048863867,0.070832547,0.03527288,-0.058597042,-0.037380559,-0.053492555,0.102541845,-0.015205248,-0.01432654,-0.010959152,0.001212488,-0.002107965,-0.096631345,-0.058542195,0.043991246,-0.081374844,0.002784707,-0.052344709,-0.086394,-0.045777408,-0.018222958,-0.013031574,0.02036829
Globicephala macrorhynchus,Short-finned pilot whale,Blood,4.13.3,Artiodactyla,2200000.0,1.238356164,12.05753425,63.0,0.11968254,0.30031746,9,0.136464633,0.05378267,0.005217138,-0.005611514,-0.169929053,0.109335394,-0.054600402,0.109901744,0.12383658,-0.069408891,-0.132955991,0.116918948,0.105027318,0.118413161,-0.018981502,0.171319365,0.120833703,-0.073881432,-0.082182932,0.127589467,0.106286696,0.18097909,0.152335623,0.119440133,0.101790056,-0.001554631,-0.08375606,0.102193433,0.111375356,0.12012471,0.140497292,0.120222052,-0.097927997,-0.051079983,0.125349011,0.072640149,0.117514261,-0.080150465,-0.122301587,0.095013781,0.123021269,-0.042637223,-0.050906979,0.052863921,0.049878998,0.089185145,0.146553179,0.066281462,0.064858372,0.151004232,0.012660647,0.068126137,0.07635468,0.142269678
Gorilla gorilla,Western lowland gorilla,Blood,1.1.2,Primates,139842.0,0.701369863,9.375342466,60.1,0.078855569,0.78985025,6,-0.056939491,0.05384439,0.05184329,0.048448873,0.057158185,0.053258,0.049092441,-0.054665377,-0.056553569,0.049990436,0.047014839,-0.047277951,-0.057729671,-0.049820623,0.045945652,-0.019072174,-0.051672439,-0.050285744,0.001783808,-0.061114759,-0.056214758,0.035039857,0.034695728,-0.058841524,-0.058141404,-0.022452163,0.021028299,-0.056964295,-0.047022949,-0.059387974,-0.05342923,-0.051341013,0.060560737,0.048526122,-0.059246409,-0.055967023,-0.049470744,0.061058959,-0.052193653,-0.038948304,-0.053358214,-0.036904515,0.002094554,0.002879429,-0.044991875,0.016551119,-0.057015487,-0.053867337,-0.044999276,-0.048174077,-0.032502112,-0.051859514,-0.052294175,-0.008460757
Hapalemur griseus,Bamboo lemur,Blood,1.3.11,Primates,1012.5,0.397260274,3.049315068,27.0,0.273333333,0.967407407,3,-0.103233888,0.080780348,0.086973606,0.0857492,0.096638369,0.065562245,-0.103197918,-0.080944066,-0.103848761,0.047929906,0.071668935,-0.096749002,-0.102110919,-0.081888543,-0.00388241,-0.09349764,-0.103681267,0.091149904,0.035951248,-0.092679611,-0.097826546,0.066542521,-0.100585951,-0.088146168,-0.098826972,0.098402604,0.035335287,-0.071725021,-0.088107944,-0.090940099,-0.103870874,-0.099925764,0.086494264,0.073682957,-0.102367048,-0.080451013,-0.094589138,0.101521521,-0.085298833,-0.068320977,-0.082144452,-0.099217492,0.024581519,0.100866346,-0.092243639,-0.089917815,-0.102370162,-0.099222846,-0.086191051,-0.103840171,0.0827939,-0.078188118,-0.059263586,0.067076105
Hapalemur griseus,Bamboo lemur,Blood&Skin,1.3.11,Primates,1012.5,0.397260274,3.049315068,27.0,0.273333333,0.967407407,4,-0.104682742,0.086978704,0.073755432,0.09254748,0.099834282,0.070823223,0.029871794,-0.080130877,-0.104999594,0.027345796,-0.023452968,-0.085292691,-0.104122958,-0.074008724,-0.056289691,-0.064319418,-0.083255626,0.095412772,0.041735113,-0.089896474,-0.083914218,0.075960769,-0.071083986,-0.070590428,-0.080753261,0.099668841,0.046018352,-0.083126027,-0.079774933,-0.072346382,-0.067162487,-0.08429304,0.013934114,0.084726819,-0.097917878,-0.085792709,-0.087195813,0.068613576,-0.090079357,-0.078388122,-0.082267647,-0.083999078,0.059608358,0.00112159,-0.077901035,-0.074684876,-0.076814861,-0.082313311,-0.065808206,-0.082601151,-0.04091548,-0.086828665,-0.076258345,0.033628874
Heterocephalus glaber,Naked mole rat,Blood,9.1.3,Rodentia,35.0,0.191780822,5.0,37.0,0.00311013,0.702702703,94,0.022013089,0.152816943,0.100970173,0.121491744,0.040019235,0.150810014,0.099984689,-0.058514187,0.0192012,0.135338157,0.091879473,0.013635101,0.00781044,-0.050161203,0.113347034,0.013110245,0.0165602,0.029840574,0.046010099,-0.006429921,-0.023312796,0.137632783,0.029164715,-0.053139774,-0.008256129,0.056456209,0.008954113,-0.053222366,-0.031585508,-0.04480104,0.014374051,-0.000904962,0.130730311,0.07771752,-0.009001455,-0.062788284,-0.025239911,0.061167546,-0.016642239,-0.036687036,-0.050907333,-0.060073788,-0.01285073,0.033864874,-0.064784489,-0.004813749,0.007832039,-0.017027213,0.027390376,0.011727315,-0.022257081,-0.059559752,-0.061809201,0.040211034
Heterocephalus glaber,Naked mole rat,Cortex,9.1.3,Rodentia,35.0,0.191780822,5.0,37.0,0.00311013,0.287449093,15,-0.15968893,-0.038965969,0.039906891,0.028472694,0.017405226,-0.119175629,-0.156563069,0.021895687,-0.177732885,-0.214393198,-0.029726176,-0.153013671,-0.050608334,0.074893186,-0.030905892,-0.122010909,-0.175244903,-0.222020946,-0.20288682,-0.120672337,-0.017713513,-0.00382342,-0.05389674,-0.144487152,-0.120973856,-0.22427694,-0.088862046,-0.058858141,-0.042049253,-0.010419341,-0.180445416,-0.056267046,-0.252085459,-0.156708677,-0.060881337,0.017414664,-0.12606297,0.104256051,0.022208743,0.060675072,0.019551489,0.075846269,-0.140522944,-0.05970504,-0.308809792,0.029229718,-0.238514628,-0.06943248,0.024588498,-0.205892654,-0.169834089,-0.121533443,0.082135819,-0.218945561
Heterocephalus glaber,Naked mole rat,Heart,9.1.3,Rodentia,35.0,0.191780822,5.0,37.0,0.000148093,0.287449093,21,0.056882073,0.166005187,0.148615539,0.193964035,0.193455394,0.119709347,-0.043201151,0.113680146,-0.050445771,0.067899665,0.164880667,0.047189204,0.087237108,0.158179323,0.13518519,0.056953029,-0.114798601,-0.203232987,-0.147667581,0.157567083,0.1175009,0.201812396,0.125099196,-0.009477417,0.078228125,-0.226709963,-0.069798901,0.069801135,0.096996065,0.097349635,-0.127667836,0.095508194,-0.120255116,0.013191516,0.090580365,0.13210275,0.015757446,0.183196914,0.189528472,0.16409902,0.145395693,0.159258752,0.039082462,0.02559046,-0.162056895,0.156488691,0.00577043,0.124555661,0.161140271,-0.116587968,0.017298582,0.045911489,0.09800438,0.141858633
Heterocephalus glaber,Naked mole rat,Kidney,9.1.3,Rodentia,35.0,0.191780822,5.0,37.0,0.000148093,0.621621622,33,0.007592297,0.043600403,0.059155487,0.035636488,0.055341886,0.007805365,-0.000397776,0.035916315,-0.020771253,-0.031102089,0.003855766,-0.063119679,0.016229565,0.036258047,0.004934476,-0.040920131,-0.002738902,-0.097774948,-0.064691728,0.028990805,0.050382498,0.057713514,0.039875338,0.003011233,0.040934704,-0.072729013,-0.055135261,0.040347779,0.044798196,0.019813866,-0.01934025,0.058765722,-0.03499477,-0.034232732,0.033673916,0.049566068,0.023395294,0.028357116,0.049494234,0.027499192,0.020120236,0.0412682,-0.071105912,-0.070489747,-0.089956457,0.022138058,-0.105171122,0.012905795,0.040749784,0.003100029,0.004039047,0.059674465,0.031959228,0.030678384
Heterocephalus glaber,Naked mole rat,Liver,9.1.3,Rodentia,35.0,0.191780822,5.0,37.0,0.00311013,0.702702703,70,-0.027874535,0.121282082,0.113946411,0.093358254,0.045333674,0.113662848,0.088964082,-0.064788228,-0.039807503,0.092475171,0.085515605,-0.037048618,-0.029145026,-0.00423934,0.084070746,0.00872405,-0.028529082,-0.009735878,0.004498999,-0.00677372,-0.045964137,0.110088211,0.039302075,-0.058758498,-0.04376593,0.035017063,0.007938133,-0.06682662,-0.051601502,-0.072212717,-0.020058668,-0.013758791,0.06185372,0.090504835,-0.015987831,-0.078098228,-0.074401815,0.105092766,-0.016766707,-0.055142749,-0.068860051,-0.025117696,-0.070130149,-0.013792002,-0.0632346,-0.00074135,-0.041389886,-0.013227263,0.084369186,-0.031944189,-0.006991671,-0.067710184,-0.055276822,-0.005058721
Heterocephalus glaber,Naked mole rat,Lung,9.1.3,Rodentia,35.0,0.191780822,5.0,37.0,0.00311013,0.287449093,19,0.012463644,0.25251729,0.260358311,0.234228233,0.177750672,0.214948154,0.087212846,0.057107101,0.006056933,0.157296729,0.239018462,0.028001412,0.023544885,0.125649674,0.065240279,0.125295171,0.002325286,-0.016162937,0.020005368,0.059837907,0.019293059,0.229129827,0.161428878,0.161724631,-0.000777838,0.034450909,0.035606595,0.033881002,0.091546997,0.100346952,0.004497089,0.015264046,0.011646051,0.142189628,0.06693631,-0.080640571,-0.06505428,0.14431254,0.112383321,0.010774182,-0.008340686,0.121419205,-0.139310859,0.101065734,-0.145074678,0.01735319,0.020228447,-0.012231428,0.205064551,0.015152807,0.059738318,-0.13083493,0.130621051,0.05915818
Heterocephalus glaber,Naked mole rat,Muscle,9.1.3,Rodentia,35.0,0.191780822,5.0,37.0,0.00311013,0.287449093,21,-0.061688597,0.164690117,0.188769146,0.245258769,-0.098010976,0.127866425,-0.038819946,-0.203903581,-0.092483216,0.135200745,0.209439056,-0.129363204,-0.042339061,-0.07440079,0.081018781,-0.118129145,-0.089155205,-0.093049368,-0.050513872,-0.090332029,-0.030672077,0.166245045,-0.027328776,-0.182936229,-0.074734055,0.039118257,-0.093309649,-0.216411255,-0.175678058,-0.177152594,-0.086220613,-0.005006945,-0.007618186,0.130756956,-0.037110287,-0.191949318,-0.123299805,0.195075723,-0.115477014,-0.095078736,-0.190105076,-0.110409179,-0.026487611,-0.028008426,-0.087786879,-0.053057773,-0.19284217,-0.119059704,0.070181073,-0.049636984,-0.007096852,-0.175018296,-0.198765086,-0.035587905
Heterocephalus glaber,Naked mole rat,Skin,9.1.3,Rodentia,35.0,0.191780822,5.0,37.0,0.0,0.675675676,107,0.032365628,0.183895463,0.189158304,0.170887233,0.166703439,0.162056531,0.161937868,-0.071742905,0.050576233,0.133306802,0.097358214,0.08075355,0.026716776,0.04267856,0.079693471,0.066622034,0.013583575,-0.023039842,0.043840548,0.008961301,-0.061632656,0.143298712,0.076275827,-0.018719734,-0.033325503,0.024838284,0.023401194,-0.053338504,-0.034094383,-0.011555226,-0.029438525,0.021540711,0.112549568,0.127233605,0.027104068,-0.085657051,-0.094134191,0.151957889,0.012444769,-0.012988412,-0.060267093,-0.01928834,-0.037557562,-0.004778993,0.030993217,0.105255592,0.066275985,0.013620995,0.102073365,0.013039481,0.042835132,-0.103149133,-0.029218803,0.073699986
Hippotragus equinus,Roan antelope,Blood,4.1.9,Artiodactyla,225000.0,0.778082192,2.115068493,25.9,0.000528543,0.372411132,6,0.03805551,0.2065685,0.186066447,0.195328308,0.168274928,0.215522123,0.220027356,0.040847373,-0.009834921,0.202957919,0.19194806,0.060203989,0.037258816,0.023458443,0.156059373,-0.026360545,0.014994952,-0.001949594,0.144002513,0.066967721,0.058119456,0.190958633,0.08453195,-0.008320567,0.047301358,0.040174669,0.178369133,0.027200682,0.06145413,0.044186004,0.039404541,0.057811368,0.2179457,0.230030935,0.034045356,0.044609957,0.050192461,0.190013019,0.108294858,0.065152266,0.064943913,0.065020324,0.209019199,0.033604489,-0.04134678,0.083489621,0.009215396,0.086926872,0.050818429,-0.001359304,-0.098741768,0.015397129,0.067931628,0.133118676
Hippotragus niger,Sable antelope,Blood,4.1.10,Artiodactyla,225000.0,0.742465753,2.673972603,22.2,0.000123327,0.527027027,5,-0.157664008,0.155615164,0.142660853,0.121370845,0.099177417,0.161213758,0.169870729,-0.153613962,-0.161890075,0.141121555,0.152386351,-0.136143978,-0.192020093,-0.172120575,0.108823051,-0.104223893,-0.123427601,-0.126710482,0.189917423,-0.138428901,-0.17169425,0.17406903,-0.082373809,-0.189883918,-0.171685202,-0.101485982,0.189121069,-0.139266919,-0.140847972,-0.123395019,-0.140652313,-0.190297911,0.10843687,0.175009962,-0.170644113,-0.058432967,-0.171912247,0.099967505,-0.020848546,-0.111394967,-0.08688188,-0.047609837,0.114478674,0.003613793,-0.153045058,-0.072911546,-0.143589847,-0.022697187,-0.067308558,-0.165586326,-0.050615751,-0.137080383,-0.072346154,0.086343979
Homo sapiens,Human,Adipose,1.1.1,Primates,62035.0,0.767123288,13.5,122.5,0.227755102,0.633469388,57,-0.003378012,0.00622799,-0.002724278,-0.005483681,0.008143782,-0.000728753,0.005516252,0.009276299,-0.000572561,0.003190097,0.012963222,0.017908722,0.0005245,0.014080735,0.013680454,0.014727864,0.004466949,0.001068626,0.004207522,0.007083091,-0.003646758,-0.004053879,-0.006355986,0.004376077,0.004509857,0.0153588,0.006130643,0.012210507,0.008783687,0.008972246,-0.003455928,-0.006627796,0.002050998,0.016406516,0.002035646,-0.003932037,0.005171157,-0.008590528,-0.009622146,-0.001195822,0.00189936,-0.002053861,0.00613642,0.006562076,0.016948756,-0.008941008,0.0131203,0.006231423,0.011422174,-0.008271784,-0.011095782,-0.004715969,0.010897739,-0.006336412
Homo sapiens,Human,Blood,1.1.1,Primates,62035.0,0.767123288,13.5,122.5,0.09322449,0.75137825,584,0.008997,0.015050346,0.005551206,0.008911401,-0.004896883,0.011703225,0.001728588,-0.004645308,0.010294973,0.002031841,-0.009413028,-0.005774179,0.005956031,-0.008906052,-0.005052419,-0.021063839,0.017022539,-0.026212656,-0.023172612,-0.001157775,-0.003224444,0.00726319,-0.015459634,-0.020124422,0.013548243,-0.028378464,-0.020534485,-0.005322852,-0.0054443,-0.012695414,0.01664868,0.008404297,-0.002796976,-0.010447349,0.00535254,-0.004468238,0.01012485,0.00059624,-0.018571728,-0.00967483,-0.016102387,-0.002628521,0.000392668,-0.027900479,-0.007543838,-0.013627065,-0.015984774,-0.013389689,-0.015241946,0.013363557,1.19e-05,0.000937857,-0.012369767,0.013152024
Homo sapiens,Human,BoneMarrow,1.1.1,Primates,62035.0,0.767123288,13.5,122.5,0.312653061,0.603265306,20,-0.028743735,-0.009585835,-0.018479057,-0.011228552,-0.014141709,-0.007597142,-0.014933563,-0.004148272,-0.020421831,-0.020492803,-0.020687489,-0.028685415,-0.017902881,-0.015360455,-0.020925384,-0.028986346,-0.00772289,-0.005432774,0.004107459,-0.012696913,-0.005703428,-0.036744192,-0.024085991,-0.019873142,-0.000408637,-0.009959241,0.009656756,-0.003301465,-0.009340166,-0.01760685,-0.00468333,-0.011602249,0.003023743,-0.010502567,-0.009998118,-0.004527937,0.005152874,0.006125075,-0.030277905,-0.008582547,-0.018263674,-0.004934543,0.026439735,-0.038110817,-0.017775882,-0.037441843,-0.022916947,-0.025875717,-0.031554436,-0.021334163,-0.013899472,0.002108858,-0.004196877,0.013084039
Homo sapiens,Human,Cerebellum,1.1.1,Primates,62035.0,0.767123288,13.5,122.5,0.432653061,0.824489796,46,-0.004755604,0.017367624,0.02300449,0.013141068,-0.003193323,0.033860878,0.009653272,0.015065294,-0.00063744,0.031996217,-0.005941555,-0.008142753,-0.002350448,0.016873664,0.026142689,0.015896533,0.008821061,0.00918737,0.002554802,0.006353374,-0.001270504,-0.006590695,0.023189378,0.017792583,0.006076823,0.013710136,0.002540417,0.017437082,0.028267909,0.012988708,0.012268942,0.002134838,0.010586846,0.016006719,-0.002441322,0.019880719,0.0062021,0.019487629,0.014660155,0.010786222,0.015739747,0.026437093,-0.004713268,-0.003902492,-0.001817463,0.017971623,0.005253505,0.005416992,0.003763153,0.001149635,0.004235878,0.022761044,0.013520564,-0.001708057
Homo sapiens,Human,Cortex,1.1.1,Primates,62035.0,0.767123288,13.5,122.5,0.432653061,0.824489796,46,-0.000669596,0.028353283,0.014342085,0.012220486,0.019313316,0.042096331,0.012447439,0.00602263,-0.001714981,0.027852549,0.016690571,0.005824418,0.001228614,0.01045058,0.024786357,0.00582751,-0.009446745,0.016415996,0.002695845,0.001364901,-0.004242563,0.01999654,0.01015518,0.007500816,-0.005495742,0.017327404,0.002760378,0.014713139,0.007659068,-5.7e-05,-0.006171195,-0.008966173,0.011193298,0.022644775,0.001345248,0.008591398,-0.006393121,0.007536829,0.009363934,0.013974571,0.008525542,0.018753535,0.017529976,0.023756454,0.004218499,0.021807517,0.008219328,0.009132206,0.013816786,-0.00052949,-0.000921901,0.011422403,0.014572506,0.002455629
Homo sapiens,Human,Heart,1.1.1,Primates,62035.0,0.767123288,13.5,122.5,0.227755102,0.744489796,97,0.002898514,0.007063334,0.005235533,0.00738243,0.019532722,0.007492129,0.004130926,-0.003100127,0.004153691,0.000439502,-0.000282049,0.002196858,-0.001925506,0.001461359,0.002111348,0.002837937,0.007601298,-0.017504614,-0.001173038,0.001165065,-0.003037068,0.000323866,0.005159624,-0.002011243,0.007315092,-0.01090065,0.00241868,-0.005330364,0.00565347,-0.002224755,0.009131951,0.006421452,-0.002398765,0.011680699,0.001853609,-0.001053651,0.00225826,0.001461919,0.000382605,0.00106271,-0.004164743,-0.002261045,0.007956886,-0.018351502,0.006669104,-0.001352348,0.001822501,-0.000709345,-0.003702465,0.004823892,-0.007449588,0.002273164,0.00557963,0.005455823
Homo sapiens,Human,Kidney,1.1.1,Primates,62035.0,0.767123288,13.5,122.5,0.227755102,0.744489796,97,0.021379957,0.018566207,0.014767109,0.028075352,0.022977343,0.026269137,0.011768129,0.00730464,0.016094013,0.008478486,0.015015775,0.022197356,0.019595994,0.005218148,-0.006423024,-0.002422341,0.008899562,-0.00751853,-0.001815496,0.021290651,0.016691698,0.026906824,0.016484329,-0.004635165,0.009358164,-0.0015055,0.00449012,0.00690653,0.004911924,0.006428564,0.006528454,0.014458186,-0.003018569,0.012796315,0.01809984,0.008728495,0.010955609,0.03231092,0.035583372,0.025037787,0.00381645,0.016962743,0.035702155,-0.004960293,0.021884985,0.010808791,-0.003556793,0.008864969,0.016216835,0.000670041,0.010549851,0.009356719,0.022166357,0.018926503
Homo sapiens,Human,Liver,1.1.1,Primates,62035.0,0.767123288,13.5,122.5,0.227755102,0.744489796,97,0.003461057,0.020708315,0.016358598,0.026437755,0.030547717,0.016153206,0.003493001,0.019299564,-0.001004719,-0.015043445,-0.012146174,0.007082656,0.007516366,0.019069154,0.004152894,0.004573089,-0.002926328,0.011316264,-0.001234006,0.012268656,0.022615905,0.02573096,0.014954215,-0.007484622,0.009124773,-0.006629083,0.002257873,0.021973108,0.015786947,0.013122685,-0.006226155,0.013443223,-0.001234742,0.003078964,0.013225627,0.019839032,0.018365277,0.018896668,0.031068216,0.025554176,0.018862647,0.026370574,0.012603914,-0.018932941,0.005144481,0.021699136,-0.010592207,0.013414907,0.014660044,-0.00349561,-0.014745618,0.023973516,0.027684145,0.006292656
Homo sapiens,Human,Lung,1.1.1,Primates,62035.0,0.767123288,13.5,122.5,0.227755102,0.696326531,113,0.003241435,0.002669662,4.59e-05,0.000913181,0.007133697,0.009549091,-0.001658362,-0.006531399,0.007382376,-0.00338893,0.004734975,0.006495969,-0.000864267,-0.00216491,-0.004251765,-0.004197653,0.000361214,-0.015934087,-0.005017139,0.005777498,0.003089796,0.006109207,-0.007234161,-0.009390407,-0.000673886,-0.00510128,-0.000664625,-0.003500708,-0.00373635,-0.002466829,-0.006778909,0.003315162,-0.001022462,0.003040289,0.000395365,-0.001356828,-0.003234,-0.001189805,-1.96e-05,0.000449124,-0.003943801,0.003859834,0.020283504,-0.010958666,0.007091855,-0.000389259,-0.001951969,0.001969794,-0.000111021,0.00484088,-0.001392214,-0.001830336,-0.002472073,0.011373791
Homo sapiens,Human,LymphNode,1.1.1,Primates,62035.0,0.767123288,13.5,122.5,0.312653061,0.633469388,27,0.012795793,-0.023668953,-0.024690009,-0.011292273,-0.004877305,-0.023589057,-0.026628188,0.022246653,0.016472688,-0.028922285,-0.029724353,0.008436095,0.022094259,0.014964558,-0.020165118,-0.009025928,0.02175108,-0.003545975,-0.000567189,0.021387612,0.026848533,-0.017980126,0.010719769,0.006876206,0.029003603,-0.030281242,0.007453008,0.024247894,0.019032001,0.014774388,0.02241021,0.027452142,-0.028427478,-0.021582627,0.018985699,0.025600269,0.028165917,-0.002366279,0.023994261,0.027250327,0.019803545,0.021845234,-0.028528968,-0.040041198,0.028265616,0.008642361,0.007926088,0.021715483,0.010940794,0.020811816,-0.036817642,0.025151598,0.023043508,0.011425421
Homo sapiens,Human,Muscle,1.1.1,Primates,62035.0,0.767123288,13.5,122.5,0.227755102,0.633469388,57,-0.016607066,0.015576164,0.005442772,0.001080305,0.0164491,0.010410783,0.00769984,-0.005974361,-0.016583584,-0.002586368,0.012204686,-0.017199039,-0.018232275,-0.002084452,0.008508067,-0.002639208,-0.014490724,-0.021871852,-0.006474461,-0.01303266,-0.011332292,0.000986251,-0.002922685,-0.010203732,-0.017778296,-0.021545558,0.003112432,-0.010937308,-0.003372948,-0.007808417,-0.009175094,-0.016292489,-0.015238082,0.0061471,-0.009662114,-0.006079989,-0.010128803,0.001758932,0.002091802,0.006086134,-0.006010138,0.007147068,-0.004518723,-0.012602393,-0.01263718,-0.01172208,-0.011913067,-0.006345501,0.001567654,-0.015503935,-0.009783616,-0.009701342,-0.002763741,-0.020070702
Homo sapiens,Human,Skin,1.1.1,Primates,62035.0,0.767123288,13.5,122.5,0.0,0.759183673,74,0.005474274,0.021829182,0.022358949,0.019969717,0.021636121,0.00529922,0.020162231,-0.005718879,0.018289448,0.017794658,0.022378326,0.022068438,0.008438148,0.017417869,-0.011040946,0.016094001,0.006805655,-0.019714681,-0.011278508,0.015779121,-0.006168001,0.022216964,0.022743799,0.015631234,0.007483191,-0.014477669,0.002933172,0.000696798,0.007513047,0.012116832,0.007446471,0.009314525,0.007917323,0.022944462,0.016507725,-0.009651873,0.005314124,0.017499345,0.019332209,0.012156685,0.004241846,0.005542655,0.006156682,-0.009425616,0.009779749,0.020623011,0.025498738,0.012350834,0.022504557,0.012067919,0.01601464,-0.010059598,0.00067863,0.00427591
Indriidae,Indriidae,Blood,1.2,Primates,4287.85125,0.403928082,3.835969178,26.47125,0.003866478,1.102719423,8,-0.043229826,0.072733867,0.035905022,0.057358301,0.030599891,0.06350382,0.000141316,-0.086170358,-0.047505654,0.043165417,0.054227636,-0.044383832,-0.058930765,-0.084097685,-0.00324395,-0.047437951,-0.0394735,-0.009687962,-0.06032104,-0.076613637,-0.081810597,0.074975673,-0.061834,-0.080360149,-0.074341037,0.005223063,-0.06616003,-0.08307471,-0.07806001,-0.084904028,-0.043505729,-0.067700067,0.036801066,0.056752789,-0.071285875,-0.090168612,-0.083519955,0.050468296,-0.069917209,-0.086997066,-0.070535748,-0.082457836,-0.051751587,-0.029808027,-0.025064391,-0.080706801,-0.074476066,-0.069475165,-0.077183715,-0.0456555,-0.060609224,-0.089793626,-0.094908545,0.065571373
Lagenorhynchus obliquidens,Pacific white-sided dolphin,Blood,4.13.4,Artiodactyla,103000.0,0.975342466,7.004794521,41.0,0.010550742,0.970487805,17,-0.058180825,0.064349702,0.051332815,0.058686936,0.036867861,0.066493275,0.054203223,-0.039621874,-0.056384977,0.047168205,0.050349526,-0.031053943,-0.05908257,-0.035324347,0.026337168,-0.044167815,-0.048708894,-0.016478721,0.052281954,-0.035724742,-0.04975914,0.015653474,-0.01022456,-0.043626795,-0.046106356,0.024481265,0.054076464,-0.054887009,-0.045420525,-0.030832395,-0.048436506,-0.055795511,0.062857282,0.055789962,-0.052856099,-0.032302441,-0.043283159,0.052298456,-0.000892302,-0.024751633,-0.023873871,-0.025618915,0.034627373,0.039442832,-0.047720017,-0.019975452,-0.052434792,-0.015126622,-0.043230277,-0.059044824,-0.064282794,-0.038717041,-0.031446039,-0.013553217
Lagenorhynchus obliquidens,Pacific white-sided dolphin,Skin,4.13.4,Artiodactyla,103000.0,0.975342466,7.004794521,41.0,0.010550742,0.985232209,17,-0.035593077,0.025625286,0.046039636,0.027207577,0.017386076,0.052189656,0.050331191,-0.054483827,-0.015111373,0.029165082,0.052765895,-0.016963715,-0.046878252,-0.045664059,0.02474197,0.034311704,-0.025478047,-0.004402545,0.060238616,-0.04169254,-0.053228411,-0.012365331,-0.030919296,-0.04034167,-0.039278659,0.027779314,0.062410809,-0.051129837,-0.044396423,-0.038121841,-0.028562555,-0.04319683,0.057158,0.061311685,-0.039139479,-0.044899491,-0.038455049,0.030921871,-0.012449247,-0.04510978,-0.033642149,-0.031214823,0.033440938,0.02430285,0.02284939,-0.015585669,-0.032432999,-0.023126697,-0.012383576,-0.027081793,0.033332454,-0.05774956,-0.037649072,-0.028127681
Lemur catta,Ring-tailed lemur,Blood,1.3.12,Primates,2555.0,0.369863014,2.064383562,37.3,0.001608579,0.880428954,3,0.033136071,0.05544523,0.054353845,0.053361914,0.049638012,0.058800968,0.058070315,0.022159502,0.002662356,0.054372643,0.054250879,0.039520877,0.0369174,0.028458354,0.04466396,0.040676103,-0.009017882,-0.03737222,-0.033968412,0.038823324,0.033392851,0.056527993,0.042944773,0.020782349,0.020357114,0.058897753,0.055252752,0.027090703,0.027239048,0.028571438,0.012526514,0.033459598,0.049323229,0.058498973,0.0303127,0.030481387,0.019474408,0.045919754,0.036436885,0.038575108,0.034539674,0.025948057,-0.048558836,0.05991126,-0.053600032,0.041506721,0.027312508,0.03669205,0.033810668,0.023595158,0.044550173,0.0120702,0.0341726,0.059342199
Lemur catta,Ring-tailed lemur,Blood&Skin,1.3.12,Primates,2555.0,0.369863014,2.064383562,37.3,0.001608579,0.880428954,4,0.026069977,0.057371233,0.05898135,0.038523756,0.044813541,0.037771538,0.063046547,0.03626216,-0.00731193,0.059685305,0.055110086,0.048126264,0.026554903,0.040358386,0.049768364,0.04018673,-0.018553858,-0.045296592,0.002712843,0.044229189,0.008056786,0.058881369,0.048600403,0.035177315,0.003766905,0.062375369,0.039899809,0.030266662,0.039985684,0.039460534,-0.007327669,0.009996738,0.055962723,0.057789419,0.041995195,0.029462959,-0.000894995,0.033900724,0.044564179,0.042259751,0.04218294,0.02116719,-0.054812241,0.055587434,0.022823207,0.046398522,0.039000071,0.045269293,0.043063864,0.000422473,0.03973524,-0.007802692,0.03484492,0.061544895
Lemuridae,Lemuridae,Blood,1.3,Primates,2328.465385,0.330593607,2.014365999,34.63358974,0.001748487,1.147881641,39,-0.037675789,0.059527833,0.038242166,0.055640867,0.02991576,0.062372588,0.045457179,-0.044561604,-0.036774371,0.045707498,0.046171593,-0.012166117,-0.024466602,-0.038734209,0.024943319,-0.018593925,-0.026149655,-0.011958048,-0.004281558,-0.022940305,-0.032089892,0.048784779,-0.006473882,-0.045737063,-0.034638218,0.037617405,0.019122272,-0.041476265,-0.039658259,-0.037729873,-0.017503094,-0.039340416,0.04045704,0.052921065,-0.043972562,-0.036693596,-0.038393798,0.037476222,-0.020696441,-0.028435755,-0.031597879,-0.034359842,0.002224672,0.023274934,-0.045703212,0.000141403,-0.050454901,-0.007676473,-0.024057369,-0.019032124,0.030994414,-0.043323644,-0.030626748,0.040791446
Lemuridae,Lemuridae,Skin,1.3,Primates,2315.703077,0.330874605,2.048050579,34.68692308,0.001741528,1.003991002,13,-0.058628173,0.060090996,0.062280571,0.06053966,0.05116074,0.066438663,0.067763586,-0.037315004,-0.04847178,0.043298864,0.050219789,-0.004313224,-0.041249323,-0.00627232,0.032901007,-0.008891192,-0.030587645,-0.039207841,-0.013738764,-0.01431246,-0.05708207,0.064023557,0.008284367,-0.029803525,-0.028254501,0.03921144,0.049990713,-0.04284715,-0.037260593,-0.027570634,-0.011214516,-0.067529252,0.043485134,0.061183281,-0.024474685,-0.049433165,-0.050936964,0.03919004,0.029482003,-0.037629001,-0.036137632,-0.037305914,0.029331616,0.044760073,-0.03959493,0.008772769,-0.007715488,-0.015014163,0.033328268,-0.019423032,-0.006245471,-0.064823904,-0.04532244,0.00764544
Leptonycteris yerbabuenae,Lesser long-nosed bat,Skin,8.4.4,Chiroptera,25.0,0.410958904,1.0,10.1,0.01980198,0.495049505,11,-0.430345273,0.487978387,0.443075864,0.477591386,0.244717827,0.443004831,0.479685213,-0.476443004,-0.405690594,0.489623488,0.397008339,-0.444127044,-0.471074497,-0.42431063,0.320319809,0.197906985,-0.296301816,0.226539975,0.2830358,-0.466050641,-0.485246861,0.408792952,-0.025233297,-0.308168782,-0.419310649,0.263590924,0.359293233,-0.431229365,-0.474726601,-0.383146736,-0.287055871,-0.41482358,0.450154198,0.417206598,-0.415351018,-0.475225202,-0.446179136,0.456132285,-0.319178033,-0.491890785,-0.471722652,-0.25541105,0.019335882,0.174723804,-0.444841221,-0.221013065,-0.397450731,-0.429571559,-0.021330196,-0.333497079,-0.100320944,-0.477199168,-0.49311022,-0.030119222
Litocranius walleri,Gerenuk,Blood,4.1.12,Artiodactyla,43500.0,0.55890411,0.983561644,17.3,0.052224899,0.427452889,7,-0.253368034,0.370825673,0.30914042,0.347649102,0.202732013,0.349338566,0.14554349,-0.302441984,-0.26690766,0.344125834,0.055502451,-0.281284303,-0.236033071,-0.272950725,0.331365546,-0.153745738,-0.337063633,-0.221107969,-0.03878158,-0.198946162,-0.213439101,0.388214277,0.060164385,-0.368157143,-0.211666467,-0.229219646,0.056658797,-0.202653472,-0.286833668,-0.316865105,-0.15248737,-0.217308467,0.102045764,0.054363862,-0.331906185,-0.215124289,-0.259002036,0.350257163,0.026590604,-0.095393245,-0.202398676,-0.02813782,0.108695199,-0.250629902,-0.139203177,-0.141663078,-0.345942003,-0.030291115,-0.363733838,-0.344542998,-0.319048354,-0.277134894,-0.266965175,0.009801186
Lorisidae,Lorisidae,Blood,1.5,Primates,599.4428571,0.499412916,1.132876712,23.65714286,0.028056112,0.888977956,7,-0.054552331,0.10370595,0.069895329,0.111592285,-0.016227178,0.085776172,0.081018561,-0.046276783,-0.069398582,0.032200753,0.0224957,-0.093422472,-0.047708321,-0.043810319,-0.099021944,-0.081856662,-0.048108287,-0.080400201,-0.066584081,-0.035667111,-0.03971886,0.091985504,-0.027385675,-0.057890095,-0.038031773,0.002618935,-0.001573192,-0.036443168,-0.038993445,-0.050649122,-0.04744175,-0.049861652,0.101093045,-0.012979796,-0.037283501,-0.048664641,-0.057648963,0.047814758,-0.029127932,-0.047989663,-0.05688194,-0.060690696,0.086365174,-0.049237169,0.016282591,-0.04723645,-0.059113888,-0.03551657,-0.017124919,-0.066754592,-0.081357738,-0.051987582,-0.03402234,0.025763084
Lorisidae,Lorisidae,Skin,1.5,Primates,515.9,0.494977169,1.117351598,22.46666667,0.431750742,0.860385757,3,-0.188120698,0.167784455,0.156982118,0.197529281,0.165013835,0.183490018,0.149100863,0.046767863,-0.173549003,0.188703044,0.144874126,-0.190007287,-0.197512372,0.129137113,0.042783043,-0.196327456,0.026141643,-0.049020597,0.053575725,-0.090461392,-0.176553837,-0.092913571,-0.0283651,-0.102054376,-0.189963779,-0.176468027,0.125917886,-0.192702415,-0.168565955,-0.19119226,-0.108741332,-0.128231895,0.071980549,0.193725742,-0.110270655,-0.07438554,0.067400831,0.145730019,-0.097687617,-0.077799223,-0.071606317,-0.184262767,0.154842226,0.124856128,0.09838955,-0.051907216,-0.164503317,0.033612352,0.196777582,-0.128106573,0.053999761,-0.183040699,0.109200541,0.194075148
Loxodonta africana,Savanna elephant,Blood,2.1.2,Proboscidea,4800000.0,1.835616438,10.50410959,65.0,0.018503688,0.745500527,57,-0.010750249,0.057913729,0.048912832,0.054241474,0.034954827,0.057370497,0.041052948,-0.030629722,-0.006719048,0.034848657,0.032961693,-0.02365933,-0.028731334,-0.031635173,-0.005372283,-0.030881348,-0.004221652,-0.000341251,0.020308117,-0.029003791,-0.040707218,0.053194507,-0.022875721,-0.054477097,-0.006251462,0.006454381,0.029110224,-0.030596021,-0.034365995,-0.044466205,-0.00185794,-0.019426876,0.051037957,0.035388832,-0.008149946,-0.028791178,-0.010958001,0.021082636,-0.036447673,-0.039129199,-0.038203435,-0.002559645,-0.010630022,-0.026609842,-0.022027658,0.011412948,-0.031214137,-0.03412043,-0.043912362,-0.004378904,-0.002743819,-0.019077622,-0.03486583,-0.031512615
Macaca mulatta,Rhesus macaque,Adipose,1.4.2,Primates,8235.0,0.452054795,4.435616438,42.0,0.558809524,1.0,5,0.006727312,0.101335603,0.035194699,0.051516125,0.020147809,0.100492829,0.068566374,-0.075595248,0.018449831,0.075725304,-0.016022753,0.068831551,0.021878736,-0.099766843,0.107455993,0.02387581,0.005561749,-0.04986026,0.003884092,0.043224613,-0.052978038,0.066237479,0.008664933,-0.026698508,-0.010261989,-0.073065564,0.017956935,-0.064830452,-0.041330832,-0.003279862,0.000650289,-0.011332099,0.06351602,0.028523943,-0.030205492,-0.077162074,-0.023959274,-0.004492187,-0.059737183,-0.131226152,-0.11711042,-0.048724227,-0.054822648,-0.034525991,0.031672492,-0.054827351,0.008742128,-0.013526502,-0.027919317,0.001571855,-0.01953425,-0.058697658,-0.086193894,0.066411184
Macaca mulatta,Rhesus macaque,Blood,1.4.2,Primates,8235.0,0.452054795,4.435616438,42.0,0.042619048,1.0,199,-0.048594755,0.044325866,0.036509819,0.040808319,0.011566412,0.046617793,0.042793609,-0.051772773,-0.039910431,0.040362122,0.032275077,-0.021587165,-0.067027863,-0.053123024,0.019305071,-0.042591412,-0.033063578,0.001284736,0.003256216,-0.057903024,-0.059112752,0.000270386,-0.029971011,-0.067114128,-0.042493813,0.04871129,0.018840382,-0.056894635,-0.054411049,-0.057549831,-0.030521212,-0.056151742,0.059599245,0.044436791,-0.057010205,-0.043524687,-0.046612779,0.043289286,-0.035297988,-0.046047116,-0.056785273,-0.047004428,0.049820839,-0.015729066,-0.044434024,-0.029362725,-0.061770041,-0.042331822,-0.059155424,-0.042919271,-0.000821099,-0.050743945,-0.048862792,0.057874883
Macaca mulatta,Rhesus macaque,Cortex,1.4.2,Primates,8235.0,0.452054795,4.435616438,42.0,0.409047619,1.0,6,-0.011284463,0.067475442,0.055239783,0.07705831,0.056774688,0.092123824,0.021379944,0.017712711,0.004569605,0.10231492,0.065570355,-0.041962396,-0.026698905,0.000788497,0.090439918,0.015747007,0.012660419,-0.035058949,-0.025543719,-0.028951053,-0.018332387,0.033588962,0.028874966,0.003559008,0.035315213,0.083921905,-0.031290024,0.040093287,0.006019205,-0.03259207,0.019190457,0.017823641,0.063271066,0.058317512,0.028433604,0.047513054,0.053052739,0.080447434,0.050638147,-0.011534513,0.020118014,0.024041975,0.01204013,-0.042147325,-0.000893902,-0.005217924,-0.040674233,-0.033039347,0.004830997,0.043150481,0.049744378,0.050269045,0.012737446,0.010266724
Macaca mulatta,Rhesus macaque,Liver,1.4.2,Primates,8235.0,0.452054795,4.435616438,42.0,0.409047619,1.0,5,0.042779374,0.091559483,0.053917711,0.043257786,0.045486756,0.075679,0.046741406,-0.051537923,0.038009062,0.059011868,0.087824309,0.084612232,0.04856284,-0.013706581,0.074920567,0.071327497,0.020792055,0.028515587,0.053621592,0.062568753,-0.050869888,0.087649524,0.0650062,-0.083742925,0.01238047,0.013922394,0.014488073,-0.037210949,-0.036460393,-0.043994193,0.018904784,0.015121295,0.077036309,0.090656175,0.008242423,-0.041708902,-0.016669288,0.023010932,0.007277434,-0.078193175,-0.013216393,-0.024737964,0.037604142,0.004253875,0.07945689,-0.012046678,0.023208986,-0.01386986,0.084024297,0.033592304,-0.009405723,-0.071192815,-0.067655277,0.075805252
Macaca mulatta,Rhesus macaque,Lung,1.4.2,Primates,8235.0,0.452054795,4.435616438,42.0,0.409047619,1.0,6,0.075740064,0.093538954,0.057354737,0.067222761,-0.029529883,0.092190735,0.044129534,0.059702581,0.079512847,0.09129365,0.087456333,0.08602981,0.07001304,0.026523905,0.096891908,0.028116387,0.089845951,0.012701446,0.093166304,0.087748857,0.036028665,0.078091897,0.046826621,-0.044757711,0.089023018,0.090172205,0.020069487,0.067700823,0.055980765,0.016325454,0.092458402,0.076036033,0.092062681,0.089392104,0.082746095,0.05107975,0.090106149,0.01687483,0.046280071,-0.039372354,-0.006736449,0.014637581,0.047405873,0.001487835,0.09796502,0.07073485,0.055067814,0.055352939,0.038547368,0.089579569,-0.034607751,0.074004217,0.017677026,0.074401853
Macaca mulatta,Rhesus macaque,Muscle,1.4.2,Primates,8235.0,0.452054795,4.435616438,42.0,0.409047619,1.0,5,0.024318251,0.087692945,0.059949736,0.043178537,0.023553663,0.045950716,0.050031942,0.021396103,0.020641814,0.014401621,-0.005672875,0.01075802,0.015214311,0.00313187,0.023257647,-0.00302097,0.015159199,-0.010481006,0.013052977,0.005124413,0.016998562,0.046022424,0.036302251,0.003216813,0.0098663,0.010778303,-0.006792158,0.035816039,-0.003092677,0.007154759,0.015152709,0.007527961,0.059945685,0.050634804,-0.000443867,-0.034490417,0.022879802,0.048155695,0.003494046,-0.003816031,-0.048263599,-0.030365728,0.010970787,-0.002759722,-0.017816374,-0.016322786,0.004392813,-0.012791017,-0.042271374,0.014902235,0.034415743,0.014815621,0.008650908,0.046912251
Macaca mulatta,Rhesus macaque,Skin,1.4.2,Primates,8235.0,0.452054795,4.435616438,42.0,0.181190476,1.0,51,0.031193491,0.107861958,0.108541763,0.101117949,0.109345403,0.104215887,0.085290988,0.057258674,0.005917159,0.069615198,0.085674628,0.071755746,0.039491434,0.079222321,0.08716969,0.084209952,0.023866431,-0.084294821,-0.064561877,0.075363464,0.032270185,0.107551863,0.096033594,0.050364143,0.01177395,-0.027233604,-0.001536485,0.053505105,0.046507774,0.054907335,-0.01774351,0.009434664,0.072756025,0.059228903,0.05909783,0.033622718,0.023433206,0.091329598,0.082605318,0.062167772,0.048055059,0.098076203,0.060170233,-0.021578732,0.032793369,0.085557802,0.07942337,0.093938815,0.082948653,-0.021936521,0.063741663,-0.070239548,0.029767403,0.057697727
Macropus fuliginosus,Western grey kangaroo,Blood,11.1.3,Diprotodontia,28250.0,0.082191781,2.123287671,23.2,0.071799717,0.217052433,5,0.5242786,-0.33057782,-0.430063128,-0.318447885,-0.122216918,-0.311960223,-0.705782601,-0.10142051,0.587636807,-0.653455579,-0.423758193,0.504072267,0.529881948,-0.233251568,-0.400752793,-0.592431749,0.47898965,-0.623954526,-0.641568822,0.562652463,0.610610768,0.280959417,0.224674365,0.224183387,0.404710229,-0.526163369,-0.571867,-0.243995272,-0.175971286,0.015175565,0.362724468,0.370806174,-0.409795113,-0.693627978,0.28778825,-0.168065754,0.062042344,0.35109013,-0.332173796,0.201912921,0.110969982,-0.082471035,-0.447236503,-0.473262396,0.284201253,0.04548358,0.428417759,0.439462221,0.349909943,0.362406327,0.465319322,-0.351224634,-0.568136952,-0.150806634
Macropus giganteus,Eastern grey kangaroo,Blood,11.1.4,Diprotodontia,49500.0,0.098630137,2.642465753,25.0,0.0728,0.532,12,-0.067207839,0.09439033,0.063976984,0.123462685,0.061033712,0.054298592,-0.027423174,-0.143026873,-0.06868827,-0.02672802,-0.024250944,-0.063185824,-0.064374672,-0.150320709,-0.034760709,-0.02237581,-0.134371744,-0.084597216,-0.036654705,-0.068632063,-0.063943365,0.053079585,0.150090785,-0.158898074,-0.120306177,-0.032743984,-0.025497667,-0.146977975,-0.154276464,-0.142164609,-0.146240328,-0.107307488,-0.086772689,-0.019792046,-0.154327939,-0.137101816,-0.157465761,0.107551557,0.007966727,-0.085835673,-0.023502891,0.138783168,-0.030626267,-0.06399396,0.031491273,0.100690927,-0.157720726,-0.072638543,-0.128331807,-0.1427001,0.105253008,-0.149663049,-0.129221144,0.014007535
Macropus rufogriseus,Red-necked wallaby,Blood,11.1.6,Diprotodontia,16200.0,0.079452055,1.373972603,15.2,0.132894737,0.634868421,5,-0.186518165,0.225321224,0.218716347,0.275046698,0.246805707,0.284790067,-0.12906065,-0.244701322,-0.255070581,0.123531165,0.25726931,-0.246435883,-0.231725888,-0.167778417,0.273218271,0.096691666,-0.147850476,0.011127613,-0.106181727,-0.292348736,-0.239336471,0.171165718,-0.202678944,-0.277598044,0.010398723,-0.191598401,-0.115378303,-0.281550337,-0.239213006,-0.275561774,-0.219838804,-0.152112472,-0.035566288,0.026562968,-0.170278167,-0.265990274,-0.158504151,0.299658602,0.024366812,-0.299485802,-0.24207287,-0.246847857,0.158220592,-0.287534296,-0.313780234,0.02027382,-0.248684181,-0.009497838,-0.142238587,-0.125006865,-0.118465059,-0.256551096,-0.276595288,0.015589502
Macropus rufus,Red kangaroo,Blood,11.1.7,Diprotodontia,55000.0,0.090410959,1.812328767,25.0,0.0248,0.4692,37,-0.002233769,0.134640493,0.059436874,0.186575869,0.177686319,0.120400858,0.007653095,-0.167654196,-0.077745455,-0.038955649,0.062238079,0.0445613,0.008223545,-0.120273855,0.107615312,0.051177638,-0.065464597,-0.016088012,-0.066815056,-0.034499359,-0.068804329,0.201137394,0.154975476,-0.170049398,-0.072236256,-0.06955035,-0.034788778,-0.18794388,-0.181487524,-0.158264177,-0.087714512,-0.077750448,-0.070660524,-0.052575067,-0.084389259,-0.156933555,-0.176929236,0.131779602,-0.049626347,-0.096769985,-0.125941362,0.006873075,-0.029175898,0.035038202,-0.115081825,0.056818143,-0.161346827,-0.018307397,-0.056828665,-0.113912411,-0.025774042,-0.227392809,-0.188399705,-0.012220199
Marmota flaviventris,Yellow-bellied marmot,Blood,9.13.1,Rodentia,3500.0,0.082191781,2.0,21.2,0.000471698,0.567924528,153,-0.068417812,0.218685507,0.151623575,0.218630132,0.173301691,0.191081545,0.14466411,-0.127699702,-0.100205069,0.116292073,0.081738114,-0.11330548,-0.137713834,-0.164966352,0.023579784,-0.114306163,-0.03186034,-0.077599755,-0.071473356,-0.093385834,-0.137860227,0.090157011,-0.024131131,-0.194699513,-0.059293079,0.153825461,-0.000959602,-0.145805405,-0.106233834,-0.183455951,-0.017841875,-0.062522502,0.08709531,0.13401811,-0.099932428,-0.149537204,-0.096569199,0.194746969,-0.054156337,-0.106013408,-0.139212751,-0.108250154,-0.10658396,-0.110770938,-0.147947729,0.033776276,-0.189881607,-0.066050445,-0.170649065,-0.034699147,0.045597088,-0.117480139,-0.089369166,0.03617684
Megaptera novaeangliae,Humpback whale,Skin,4.12.3,Artiodactyla,30000000.0,0.936986301,7.96,95.0,0.004210526,0.46,91,-0.033661338,0.047521276,0.043188399,0.044482685,0.016901648,0.013351882,0.031184642,-0.049019768,-0.005133046,-0.000891954,-0.001400736,-0.040290268,-0.030767605,-0.034596104,-0.002749133,-0.000744531,-0.002143644,0.002051577,0.010054661,-0.045722961,-0.051350171,0.010116349,-0.03603809,-0.0525033,-0.017725212,0.007829543,0.012268814,-0.036678407,-0.055894403,-0.046554079,-0.000832741,-0.023120791,0.020322707,0.00861528,-0.026142406,-0.037836442,-0.03670305,0.013703629,-0.019025909,-0.051158048,-0.016139967,-0.035057988,-0.000377167,-0.040218598,-0.036288441,-0.008003786,-0.009108476,-0.052823636,-0.02449639,-0.007739326,0.003355073,-0.060948601,-0.049781745,-0.011831982
Microtus ochrogaster,Prairie vole,Brain,9.5.5,Rodentia,40.0,0.063013699,0.128767123,5.3,0.011886792,0.208830189,47,0.755109779,2.246943527,1.750795842,2.19766065,1.494383291,2.348842046,1.077234075,1.851292074,1.332303082,1.931482549,1.089763363,0.611457497,0.983451098,1.736267002,2.24984425,1.182222664,0.558512049,0.017221114,0.366954752,1.446474392,1.537692142,1.529182005,1.682884811,0.218990525,1.948887612,0.301277761,0.340537375,1.6305978,1.005370255,1.633616012,1.528050628,1.261677136,1.524416229,0.716030749,1.956942981,2.120286781,1.78636832,1.900914836,1.803622945,1.840241217,2.287346008,1.536797701,0.064187648,0.681878232,0.449995647,2.073303387,0.150208046,1.142479221,1.210201744,0.849381249,0.681298303,1.856584524,0.496370514,0.348819503
Microtus ochrogaster,Prairie vole,Liver,9.5.5,Rodentia,40.0,0.063013699,0.128767123,5.3,0.011886792,0.208830189,47,-0.950035109,1.63371049,0.957857093,1.114153712,0.624488565,1.810281616,1.373498621,-0.202115032,-0.51949994,1.325676242,1.392397722,-0.097916387,0.25556388,0.405830036,0.951709291,0.256873618,-0.459170553,0.991008392,0.75084676,-0.060435142,0.530389779,0.96804385,0.456639286,0.025413028,0.070266635,1.043899788,0.517563577,0.147253821,0.268387715,0.073631203,-0.276759702,-0.550792078,1.15949611,0.802541697,0.1359049,-0.186257503,0.162136451,0.956031066,0.154094766,0.351368979,-0.239659406,0.629467588,0.3227469,0.080907952,-0.14007124,0.35258924,0.137434802,0.444988652,-0.00320858,0.45429804,0.176496979,0.199791854,-0.444578536,0.026004169
Microtus ochrogaster,Prairie vole,Skin,9.5.5,Rodentia,40.0,0.063013699,0.128767123,5.3,0.011886792,0.208830189,47,-0.070676151,2.141932347,1.961423727,2.140666167,0.738296885,2.440133589,1.79537855,0.367221362,-0.223475864,1.397714571,0.765261027,-0.22288524,0.461615784,0.615375638,0.96860662,0.18944111,-0.009835726,-0.875650746,-0.426607994,0.483639989,0.945668659,1.931816455,0.900771862,-0.050719747,0.742419948,-0.285723673,0.075131346,0.455530885,0.638729286,0.160028893,0.447288468,0.378382743,0.509452285,0.624657603,0.577600427,0.451291373,0.235360287,1.538641297,0.774208853,0.706975359,-0.170297716,0.84658213,-1.095255314,-0.983605798,-0.77410468,0.583510523,-0.543105377,0.524716342,1.120363223,0.430587723,-0.238539535,0.10634963,0.663015759,1.029650305
Mirza zaza,Northern giant mouse lemur,Blood&Skin,1.6.3,Primates,302.0,0.245205479,1.1,20.0,0.6425,0.903,3,-0.27055658,0.099885104,0.009717701,0.110046911,-0.092712905,0.105610988,0.024532928,-0.232779408,-0.276038625,0.074785361,-0.23580425,-0.220176424,-0.282946747,-0.225809162,0.013486184,-0.197559747,-0.270770831,0.085893757,0.161856438,-0.231594364,-0.243150908,-0.213488699,-0.303977688,-0.209236579,-0.32781741,-0.235251883,-0.082100382,-0.270852432,-0.227214241,-0.209563808,-0.331300755,-0.180901037,-0.222572045,-0.282851029,-0.221018623,-0.256855588,-0.312029753,0.096260931,-0.298352834,-0.259506603,-0.26383292,-0.2823776,0.109731315,-0.285771925,-0.168328628,-0.216881801,-0.203314344,-0.223160205,-0.253776518,-0.326403332,-0.152345226,-0.324603672,-0.279295275,0.222108082
Molossus molossus,Pallas's mastiff bat,Skin,8.8.2,Chiroptera,14.0,0.295890411,1.166667123,6.0,0.05,0.983333333,14,-0.283559274,0.574938873,0.503296412,0.551783412,0.564662503,0.520394518,0.54341176,-0.432156082,-0.248780331,0.56117476,0.545600823,0.445917842,-0.352147686,-0.023923135,0.018196149,0.267851696,-0.112233915,-0.096857789,0.097465047,0.222320606,-0.33098172,0.496655597,-0.124863609,0.110899053,-0.364339956,-0.231280762,0.199101715,-0.510262021,-0.43884341,-0.451707228,-0.104880947,-0.250225752,0.339791891,0.470812712,-0.225309276,-0.533691898,-0.513121564,0.442336077,0.395350811,-0.470070547,-0.380171132,-0.471990575,-0.278797652,0.439399654,-0.359521281,0.48895803,0.192397873,-0.051290417,0.4790698,-0.286185018,-0.190718025,-0.543328906,-0.375387521,0.489615212
Monodelphis domestica,Opossum,Liver,10.1.3,Didelphimorphia,105.0,0.04109589,0.334246575,5.1,0.007520816,0.641955412,48,-0.495614693,0.721102816,0.685921915,0.660592953,0.453987154,0.778549426,0.757446499,0.476804429,-0.684157335,0.738318375,0.801888607,-0.568428496,-0.212021189,0.4689584,0.292469702,0.620070821,-0.548115598,0.708297399,0.709289565,-0.1938381,-0.052035182,0.538788983,0.479250305,0.500693599,0.112983183,0.745776364,0.717699304,0.489504431,0.503495577,0.463447628,-0.238917,-0.095446284,0.782362523,0.775290128,0.121051374,0.141035253,0.031642247,0.675079583,0.680498397,0.21185978,0.514372045,0.588711494,0.630265665,0.505409051,-0.91623931,0.382695867,-0.327776298,0.018028173,0.567154619,-0.544579103,0.612131889,0.101891235,0.17058583,0.493779564
Monodelphis domestica,Opossum,Skin,10.1.3,Didelphimorphia,105.0,0.04109589,0.334246575,5.1,0.007520816,0.434595756,45,-0.637916007,0.875072523,0.815507722,0.833801564,0.874743779,0.748244046,0.893754582,0.788279246,-0.924746994,0.992930235,0.905681488,-0.841024306,-0.555630445,0.873310107,0.873375153,0.970970966,-0.61701979,0.316498924,0.285809101,-0.014642051,-0.177083785,0.655248082,0.878716316,0.921050273,0.061351643,0.518826314,0.542981207,0.751039126,0.642026966,0.878455243,-0.500062678,-0.470472336,0.599580602,0.586220605,0.355998373,0.306187331,-0.324325083,0.841001421,0.772858499,-0.070827786,0.837229443,0.805319548,-0.057987141,0.749913856,-1.059161922,0.49128024,0.173027715,-0.236290655,0.904644074,-0.661670467,0.412606252,-0.742960208,0.434993003,-0.143999713
Mus musculus,Mouse,Aorta,9.9.1,Rodentia,20.5,0.052054795,0.115068493,4.0,0.086306099,0.110280015,20,-2.609356937,12.09807869,8.387206501,8.239430849,6.97871719,13.12012964,10.85295134,-1.917658463,-3.751241783,10.831857,-1.15163426,-3.072965062,1.324710481,-1.306361451,2.499616686,-3.354872924,-3.99383299,-0.029536308,4.261790315,0.127120868,-1.628243183,-0.146910364,-0.934068579,-1.995063083,-2.879998226,-3.053605851,7.112613794,-0.71199683,-2.725194643,-2.482145223,-5.279933502,1.334209173,10.08001661,0.70428485,-3.019396663,-3.024727388,-5.068592972,8.419152935,5.673955362,2.312986091,0.675964863,-2.590142026,-6.186645564,-9.313783402,-5.57879351,3.335624427,-3.760193226,3.186496996,-1.025372595,-5.068519942,8.584195116,-2.658317258,0.514694295,8.29820661
Mus musculus,Mouse,Blood,9.9.1,Rodentia,20.5,0.052054795,0.115068493,4.0,0.004794783,0.68125,406,-0.482008725,0.819030364,0.657581943,0.851815838,0.599556844,0.572722828,0.498500457,-0.368489081,-0.530734849,0.08914967,0.304345063,-0.2803131,-0.457777933,-0.196294167,-0.011737392,-0.29183637,-0.518892542,-0.03270249,0.026881763,-0.268829958,-0.287414298,0.032224308,0.011372305,-0.226263399,-0.506393018,0.385545687,-0.063781419,-0.405464976,-0.245419623,-0.155211211,-0.536283219,-0.464034902,0.4232018,0.265065701,-0.431342758,-0.388635478,-0.517724312,0.55926484,0.020251198,-0.111142673,-0.279819757,-0.281624522,-0.484746684,0.014296111,-0.536384878,-0.173442675,-0.260407872,-0.100025729,-0.123457693,-0.498981981,-0.171552186,-0.494865195,-0.101602281,-0.209931559
Mus musculus,Mouse,Cerebellum,9.9.1,Rodentia,20.5,0.052054795,0.115068493,4.0,0.020833333,0.5625,128,0.344922514,1.061401161,0.695841728,1.165716405,0.759095266,0.968605896,0.286736544,1.244596761,0.147919161,0.769804016,0.971676712,0.64754188,0.64023289,1.276563307,0.672571834,1.024769009,-0.060432299,0.198856177,-0.177256956,0.801163771,1.118485488,1.148069993,1.115545239,1.074152072,0.842463729,0.134338766,-0.112952522,1.191100269,1.02088624,1.267491356,0.216866833,0.503812311,0.859749212,0.055432906,1.344973795,1.256204684,1.068081101,1.144525231,1.418991329,1.235296004,1.256291902,1.242722289,0.086357927,0.265048727,-0.516120025,1.308957995,1.019847546,0.925415666,1.098059613,0.62403621,0.639487839,1.208716993,1.221305754,0.092874155
Mus musculus,Mouse,Cortex,9.9.1,Rodentia,20.5,0.052054795,0.115068493,4.0,-0.003767123,0.5625,161,-0.527030955,0.671139039,0.60562132,0.731416044,0.528234957,0.731155178,0.266205248,0.410224058,-0.325745546,0.718445435,0.561817509,-0.646945242,-0.354147251,0.269559339,0.592035284,0.282573008,-0.345075222,0.529266533,0.226110602,-0.08988203,-0.078274679,0.3810333,0.407197628,0.191462359,-0.045818393,0.504608855,-0.10076675,0.19562666,0.068263923,0.4551847,-0.238772072,-0.297024259,0.637324466,0.201083975,0.374781616,0.212914665,-0.11240354,0.654214664,0.439231555,0.255472628,0.388407049,0.305909846,0.228306185,0.462883763,-0.41518315,0.32176962,-0.336361384,0.017625408,0.225648192,-0.365965602,0.060625257,-0.018632857,0.273829786,-0.079207421
Mus musculus,Mouse,Fibroblast,9.9.1,Rodentia,20.5,0.052054795,0.115068493,4.0,-0.005136986,0.648630137,84,0.243026878,0.762826502,0.478892785,0.77216297,0.552385367,0.765629277,0.102293075,-0.195852538,0.203431326,0.644555651,0.658421862,0.186202173,0.438863457,-0.35223456,0.679144625,-0.145820122,0.268742509,-0.354653817,-0.538303772,0.483960054,0.078662014,0.443588011,-0.019054694,-0.183102065,0.244935746,0.157691283,-0.546766116,-0.014076638,-0.04357356,-0.203042719,0.314341476,0.304428479,-0.274085202,0.537074829,0.45042508,-0.009304254,-0.158772897,0.546797103,-0.192386604,0.48060711,-0.405985536,-0.239830604,-0.043962269,-0.310010554,-0.142477916,-0.554366592,0.210931329,0.366650242,0.354959605,0.165207453,0.528486473,-0.565645349,-0.018080946,0.233505103
Mus musculus,Mouse,Heart,9.9.1,Rodentia,20.5,0.052054795,0.115068493,4.0,-0.004452055,0.546575343,120,-0.360419116,1.054606831,1.089454251,0.987608439,0.887079597,1.148056742,0.794697133,0.735339595,-0.4127522,1.009072058,0.951672526,-0.526229825,0.27955372,0.750139899,0.906454721,0.511677321,-0.0769468,1.058040377,0.292975962,0.405939974,0.60350972,0.841368589,0.961347698,0.41278358,0.3190657,0.877889556,-0.251712307,0.693075917,0.795258478,0.555612831,0.021844277,0.225880652,1.160901292,0.932918233,0.655641202,0.738647543,0.28901784,0.762972996,0.930001666,0.703797358,0.769415434,0.86381873,1.119131603,0.941607072,-0.674724566,0.805199723,0.182374014,0.526161297,0.79129648,0.039626272,0.585524998,0.323502897,0.688945824,0.599916574
Mus musculus,Mouse,HematopoieticStem.Progenitor.LSK,9.9.1,Rodentia,20.5,0.052054795,0.115068493,4.0,0.090410959,0.568493151,12,0.419756639,1.063381862,0.945995086,1.060853053,0.927148273,1.020652466,1.024035605,0.536181974,0.528235323,-0.449461212,-0.368260365,0.602186012,0.337445909,0.433734987,0.148200868,-0.635331711,0.346902898,-0.195280946,-0.533440158,0.580333361,0.724675587,0.847716183,0.694001379,-0.848463207,0.277489216,-0.517241133,0.178017156,0.356778756,0.441421904,0.173031484,0.520651696,0.353155485,0.028517519,0.710784913,0.308274453,0.586946545,0.274735956,0.964919045,0.993813713,0.799445952,0.713096591,0.768060636,-0.856813072,-0.796980278,0.231493371,0.543033271,0.655315569,0.818873146,0.527931412,0.293141076,-0.754420839,0.444001826,0.723407845,-0.614136385
Mus musculus,Mouse,Hippocampus,9.9.1,Rodentia,20.5,0.052054795,0.115068493,4.0,0.065688531,0.338991178,18,-0.280177631,1.609753952,1.081914389,1.659065774,0.643870751,1.675162084,0.346846109,0.377220584,-0.236796429,1.68767282,1.234949962,-0.454180871,-0.010270589,0.337372065,1.20031089,0.083131677,-0.222804276,0.059653072,0.07067383,0.323864756,0.528318231,0.337524507,0.23831139,-0.083944931,0.7269063,0.389196258,-0.025024017,0.241280539,-0.256492152,0.442341128,0.361570766,0.532794563,0.216635527,0.189505478,0.595234615,0.344871678,0.330099112,1.743465422,0.377963665,0.843950403,0.330340636,0.11785092,-0.149484202,0.209460691,-0.769562941,0.48841242,-0.012773113,0.215848061,0.116128411,-0.081600939,-0.101558193,0.18828001,0.035390893,0.090934372
Mus musculus,Mouse,Kidney,9.9.1,Rodentia,20.5,0.052054795,0.115068493,4.0,0.038356165,0.561875,52,0.028887288,0.007114171,0.125857763,-0.310716553,0.440545565,0.1180886,0.115387503,0.702686175,-0.325995848,-0.136893778,0.013971492,-0.017859161,0.241635445,0.728559432,-0.16816848,-0.01562033,-0.229693541,-0.726179436,-0.616473275,0.450243484,0.722818348,0.554982264,0.610159655,0.233039027,0.459162402,-0.628701894,-0.240425742,0.828998604,0.805038407,0.722391711,0.242340629,0.313967195,-0.199008418,-0.154429122,0.684969611,0.653589663,0.415486539,-0.003176458,0.487498107,0.818624524,0.528132438,0.661815131,-0.539923384,-0.809491404,-0.566124823,0.530287042,0.041083847,0.618059459,0.529497735,-0.199785502,-0.196627999,0.436295668,0.89354874,-0.3443288
Mus musculus,Mouse,Liver,9.9.1,Rodentia,20.5,0.052054795,0.115068493,4.0,0.004794783,0.694672131,597,0.146115744,0.960758633,0.87489668,0.951318978,0.589410047,0.960985473,0.833507433,0.120194526,-0.165035624,0.938165848,0.918225004,-0.19582063,0.408150864,0.557452321,0.889308222,0.178593435,0.017978882,0.150496081,0.129994114,0.441891132,0.39386008,0.988738701,0.675276277,-0.18518016,0.046401841,0.345629407,0.368631226,0.364104426,0.278922144,0.165182514,0.082580355,0.053920525,0.746003121,0.85199248,0.253383623,0.221519075,0.104617063,0.675744351,0.478184005,0.637404516,0.061370129,0.533907149,0.42982313,0.303126584,0.032054626,0.490925747,-0.238902213,0.375820934,0.803786431,-0.028439696,0.322576001,-0.042724762,0.089854924,0.373375507
Mus musculus,Mouse,Lung,9.9.1,Rodentia,20.5,0.052054795,0.115068493,4.0,0.0625,0.561875,22,0.187691543,0.832246569,0.829363857,0.815940906,0.741744178,0.764876952,0.556978216,0.654513108,0.376070162,0.694506437,0.74935951,0.582368226,0.355880758,0.817456025,0.83188571,0.700475134,0.034451709,0.326217331,-0.18346955,0.544402801,0.359940966,0.897186032,0.796143172,0.768634915,0.19134702,0.57720406,0.016477336,0.66971004,0.807496952,0.809339489,-0.093508467,0.047468316,0.528981488,0.655612947,0.597056484,0.395914369,0.284904469,0.766528797,0.628973547,0.731347568,0.661608521,0.556649835,0.709172762,0.733075255,0.454068922,0.6894639,0.57707013,0.597689388,0.808597327,0.417335427,0.697987835,-0.084678325,0.806357441,0.067352115
Mus musculus,Mouse,MacrophagePeritoneal,9.9.1,Rodentia,20.5,0.052054795,0.115068493,4.0,0.086306099,0.110280015,42,6.681386983,15.25456301,9.015328541,16.94345901,9.740802439,15.3387051,13.39910126,12.42936229,5.944200011,2.855593528,1.447828662,5.470115293,7.13896041,9.504406845,-2.313472005,14.43257924,10.07887034,16.31743442,9.605327469,6.572983535,10.92910517,5.94470708,10.70496082,11.73928705,10.91271496,16.96813919,-5.544578135,11.79963361,10.18721631,11.02794588,9.845866163,8.604814459,3.751460007,9.368467534,10.81397236,12.45072469,10.36059868,5.044211928,16.97193558,12.34117109,12.90416892,6.990902934,-10.73443204,7.814803547,13.89443563,13.77561332,10.86806088,10.53417708,5.637725766,8.047170421,-4.798648889,12.28003242,10.32871188,-10.48155462
Mus musculus,Mouse,Muscle,9.9.1,Rodentia,20.5,0.052054795,0.115068493,4.0,0.004794783,0.5625,208,-0.195922225,0.48567211,0.21911683,0.377582634,0.160962811,0.356244613,0.451313093,0.203942934,-0.174208371,0.166977178,0.629063728,-0.072831552,-0.096310202,0.371836556,-0.010997357,-0.128142994,-0.136229199,0.224825801,0.068230819,0.037263293,0.072125793,0.382138536,0.25690025,0.105264227,0.064077747,0.167892474,-0.022357438,0.173585877,0.13494104,0.07990308,-0.083158045,0.018913113,0.34441781,0.456966451,0.450963229,0.158102979,0.078902867,0.088038226,0.156681927,0.090605298,0.036905679,0.232844639,0.511668553,0.210491052,-0.361675736,-0.019691738,0.17631674,0.02346438,0.621490104,-0.040177389,0.417979459,0.186455522,0.337310039,0.026219566
Mus musculus,Mouse,Skin,9.9.1,Rodentia,20.5,0.052054795,0.115068493,4.0,0.004794783,0.625,57,-0.705377787,0.934544557,0.911103318,0.925397872,0.877696125,0.899508469,0.891822044,0.39471311,-0.683614079,0.792566049,0.81045759,0.268994399,-0.065390286,0.720090436,0.843497329,0.639320456,-0.6846656,0.214111341,0.176848998,0.629578619,0.707271607,0.852999123,0.794773883,0.410491492,0.174589892,0.464537198,0.41791896,0.235358663,0.680366023,0.60987922,-0.438150378,-0.23053798,0.798503114,0.700166214,0.58453036,0.00638439,-0.39340212,0.832937843,0.211373223,0.486856566,-0.058935403,0.75399653,0.071334059,0.121039556,-0.614389176,0.256647785,-0.294195002,0.254552983,0.83080967,-0.627552123,0.878763213,-0.649119603,0.625908824,0.764093921
Mus musculus,Mouse,Striatum,9.9.1,Rodentia,20.5,0.052054795,0.115068493,4.0,0.020833333,0.5625,56,-0.312353922,0.965611183,0.786281889,0.995554905,0.707066209,0.790055914,0.033091732,0.69548566,-0.193846088,0.9038916,0.628891282,-0.910542178,-0.035629044,0.653717503,0.783881942,0.030378627,-0.245149637,-0.21786605,-0.068668008,0.662693416,0.407495638,0.824479967,0.504579344,0.100984087,0.659994694,-0.225436373,0.087674029,0.624131164,-0.137403677,0.792229745,0.111584945,0.194424477,0.258997936,-0.039141003,0.578022702,0.700844486,0.549522286,1.082488004,0.877030913,0.967364366,0.70304097,0.480223762,0.128200492,-0.162398006,-0.648081387,0.910308076,-0.63196678,0.57162205,0.521007233,0.058647823,-0.150083192,0.621870396,0.584456842,-0.314336213
Mus musculus,Mouse,SVZ,9.9.1,Rodentia,20.5,0.052054795,0.115068493,4.0,0.014395394,0.625,10,-0.071334311,0.825173122,0.818778028,0.887643519,0.705530132,0.898873832,0.517572654,0.694861818,-0.013795261,0.997683473,1.032899929,-0.138158005,0.206330247,0.777012264,0.698802322,0.438800024,-0.115568692,-0.183796061,0.06462326,0.49997903,0.404263914,0.597819728,0.534602512,0.332977897,0.437517078,-0.360518451,0.216780057,0.712214729,0.352556097,0.615633948,0.216337964,0.212799213,0.82720352,0.527235021,0.834605774,0.72277725,0.42134986,0.822360061,0.778788471,0.654282195,0.639493308,0.681272159,0.37480017,0.454994384,-0.595072654,0.588113173,0.094801219,0.383619385,0.660089311,0.225906692,0.341426858,0.365597035,0.432114745,0.10362757
Mus musculus,Mouse,Tail,9.9.1,Rodentia,20.5,0.052054795,0.115068493,4.0,0.004794783,0.395833333,69,-1.095731963,1.279607798,1.29555472,1.173965252,0.995738736,1.390399242,0.95992551,-0.719764141,-1.010953682,1.266668767,0.939397167,-0.905200486,-1.012655942,0.376018244,1.195121093,-0.095683605,-0.98215982,-0.262580426,0.373981111,0.396426217,0.245969579,1.116376787,0.6448957,0.252682985,-0.646213128,-0.659807376,0.684623116,-0.305782266,-0.101669882,-0.182376091,-0.866986098,-0.999798077,0.717152792,0.668742606,-0.417195368,-0.881121894,-1.026759338,1.387009872,0.602674963,-0.220623567,-0.840601788,0.154957009,0.976997812,-0.32656371,-1.491822221,0.246679405,-1.117159196,-0.74228897,1.278907099,-0.855158418,1.206289253,-1.076998386,-0.571645137,0.928267134
Mus musculus,Mouse,WholeBrain,9.9.1,Rodentia,20.5,0.052054795,0.115068493,4.0,0.004794783,0.269925,29,0.001801829,1.640463858,1.473401801,1.612492503,1.325250384,1.772369113,1.546519574,1.352396549,-0.458135651,1.746171222,1.852476633,0.465106236,0.858141618,1.399738604,1.481470827,1.526827501,-1.555256808,1.799052879,1.686243568,1.479494423,1.128796776,1.543654856,1.356610683,1.447540285,0.766877278,1.730308744,1.263009904,1.44594601,1.314221684,1.508923315,-0.996903677,-0.070154269,1.421633855,1.622779082,1.377459377,1.35974917,0.605748235,1.362500015,1.617566635,1.545705976,1.395390832,1.573358582,1.901531989,1.906118111,-0.579617441,1.515989447,1.315995596,1.477768555,1.43750567,-1.098346872,-0.304964135,1.349948453,1.466900425,1.489867608
Myotis lucifugus,Little brown bat,Skin,8.7.8,Chiroptera,10.0,0.150684932,0.769,34.0,0.002941176,0.147058824,11,-0.449379897,0.365906243,0.188507687,0.317309767,0.004094665,0.310520918,0.590806553,-0.534494644,-0.438090491,0.522801794,0.029137146,-0.412949512,-0.418460327,-0.44827371,0.168174275,-0.27807903,-0.352078843,0.237283375,-0.296280359,-0.372677053,-0.513299712,0.053264724,-0.419129696,-0.453627005,-0.35723444,0.179065379,0.029232127,-0.458825625,-0.535697917,-0.549469054,-0.2795615,-0.434846105,0.0110069,0.099889573,-0.41761002,-0.468751362,-0.456162738,-0.105194626,-0.237145623,-0.465003401,-0.426245341,-0.458781252,-0.123902981,-0.037273161,-0.350289386,-0.246300783,-0.374184874,-0.554922511,-0.227135078,-0.245904097,-0.406152758,-0.51348453,-0.361080345,-0.317229155
Myotis myotis,Greater mouse-eared bat,Skin,8.7.9,Chiroptera,28.55,0.178082192,1.375342466,37.1,0.026954178,0.242587601,38,-0.116959782,0.230531605,0.137092996,0.190374299,0.166746824,0.081882892,0.201368037,-0.149276147,-0.078941229,0.211099959,-0.018879366,-0.099362747,-0.110871947,-0.134431871,0.055468989,0.086991024,-0.052621146,0.087620876,-0.005660845,-0.093782295,-0.162700218,0.192329408,-0.061664217,-0.174479213,-0.07744892,0.025439107,0.125690106,-0.109164111,-0.141333603,-0.016878636,-0.05346576,-0.131569617,0.044205295,0.081628683,-0.106072225,-0.166395214,-0.0730629,0.00048285,0.003305713,-0.189360755,-0.121022002,-0.163506737,0.105762876,-0.097894675,-0.200149897,-0.088164407,-0.074758409,-0.190952172,-0.05348272,-0.077426698,-0.00143878,-0.150933262,-0.159833657,-0.024713319
Myotis vivesi,Fish-eating bat,Skin,8.7.10,Chiroptera,25.0,0.164383562,1.065753425,10.0,0.01,0.2,17,-0.906791564,1.081279638,0.838203144,1.062608628,0.887340535,0.943567146,0.843936025,-0.769554741,-0.779876255,1.018621953,0.845422698,-0.329571505,-0.767375441,0.375652793,0.735941761,0.846809296,-0.525206996,0.001092846,0.339796992,-0.5204784,-0.881517163,0.853523684,0.526998953,0.489671926,-0.563251482,-0.133517987,0.499652183,-0.405838708,-0.656953412,-0.023622373,-0.47707754,-0.959075683,0.979509529,0.706983862,-0.644340741,-0.934345133,-0.920332806,0.859445927,0.328752833,-0.491405863,-0.43086706,-0.35843608,-0.340934606,0.764213257,-0.650126156,0.230223162,-0.452279257,-0.378660076,0.78978222,-0.480009959,-0.202004078,-1.131024632,-0.754459138,-0.066681013
Nanger dama,Dama gazelle,Blood,4.1.13,Artiodactyla,56900.0,0.569863014,1.5,19.3,0.000425573,0.180442808,8,-0.394910681,0.651598473,0.574695474,0.652029555,0.566429604,0.673770667,0.547814968,-0.659643743,-0.579219458,0.550357948,0.658811797,-0.399100078,-0.542242917,-0.626525588,0.098322659,-0.571361979,-0.498392213,-0.006818949,0.553026193,-0.504777844,-0.568541922,0.572438161,-0.214561005,-0.678728078,-0.576371987,0.646696307,0.365809146,-0.650045833,-0.632033542,-0.647636038,-0.328172388,-0.483645949,0.576880073,0.580764465,-0.568268437,-0.627508498,-0.626396216,0.583848317,-0.455114861,-0.612844158,-0.653427192,-0.527150409,-0.360024012,0.16343248,-0.596815017,-0.549155549,-0.652653632,-0.506699456,-0.601609609,-0.542694989,0.507497545,-0.651858904,-0.661439308,0.392328236
Nycticebus coucang,Slow loris,Blood&Skin,1.5.2,Primates,890.5,0.515068493,1.583561644,25.8,0.287596899,0.859689922,3,-0.031614244,0.126781987,0.027974077,0.127018295,0.00608328,0.127690958,0.036151294,-0.097408709,-0.041516426,0.071687001,0.014494412,-0.032874876,0.006636655,-0.065286298,0.11410611,-0.038415962,0.014328088,0.127358188,0.058893523,-0.05282148,-0.036587879,0.069614269,-0.024063667,-0.05356668,-0.084278245,0.11973951,-0.078320912,-0.09951854,-0.063192425,-0.056547969,0.021631741,0.008870535,0.002928746,-0.053291147,-0.048713707,-0.12737288,-0.08471731,0.072589001,-0.065514262,-0.104984565,-0.073552036,-0.067176787,0.04266972,-0.019887279,-0.052662472,-0.044642461,-0.046575058,-0.051420204,-0.046592973,-0.011727934,-0.058071092,-0.099996405,-0.113746371,0.023666716
Nycticebus pygmaeus,Pygmy slow loris,Blood,1.5.3,Primates,419.0,0.515068493,0.747945205,20.0,0.035,0.9945,3,-0.092891044,0.092014819,0.091057563,0.103217387,-0.086665351,0.080698528,0.100461963,-0.102304043,-0.090860297,0.089926399,0.101672579,-0.100625758,-0.101646195,-0.102594535,-0.096666821,-0.091698622,-0.0867483,-0.103241862,-0.090458488,-0.102857927,-0.102353903,0.076575535,-0.100476665,-0.101888056,-0.103885664,0.014203051,0.025117849,-0.10335665,-0.103514873,-0.1009676,-0.094114506,-0.103639837,0.101958364,0.070086865,-0.103613388,-0.102552254,-0.103776768,0.081618474,-0.099741767,-0.101458832,-0.101740255,-0.103167409,0.096430551,0.007039605,-0.103804927,-0.099314401,-0.103501529,-0.101662126,-0.102136377,-0.097587604,-0.103331776,-0.102544512,-0.099075064,0.100866761
Nycticebus pygmaeus,Pygmy slow loris,Blood&Skin,1.5.3,Primates,419.0,0.515068493,0.747945205,20.0,0.035,0.9945,4,-0.099719417,0.111659711,0.04201682,0.090387382,-0.104503116,0.097724868,0.043075743,-0.118576338,-0.089840086,0.059246145,0.030101605,-0.067385423,-0.113488366,-0.099259404,-0.117722508,-0.036351812,-0.10463378,-0.107426697,-0.038103603,-0.123240098,-0.099607004,0.091288387,-0.113668451,-0.054131748,-0.101477529,0.017434541,0.027701643,-0.124690492,-0.120123287,-0.088750392,-0.10443369,-0.103665265,0.056292474,0.035283565,-0.109391836,-0.118617844,-0.113850034,0.009103498,-0.122112945,-0.118150891,-0.120827195,-0.122722667,0.110873921,0.003242096,-0.026077962,-0.084617364,-0.053454476,-0.123241744,-0.108805676,-0.117318968,-0.006701624,-0.115823477,-0.120298117,0.006399929
Nycticeius humeralis,Evening bat,Muscle,8.7.4,Chiroptera,9.75,0.150684932,0.833334247,6.0,0.0,0.5,24,-0.240033963,0.515378244,0.278014331,0.544887453,0.615208412,-0.163580298,0.300766691,0.510814628,-0.294823261,-0.116854867,0.593980782,0.017773633,-0.018508392,0.658199275,0.204629705,0.446466017,-0.22279797,-0.192660709,-0.266722752,0.411295728,0.25964593,0.562501687,0.561262628,0.30661804,0.171421161,-0.248301295,0.317773495,0.554271253,0.508783719,0.396893373,-0.164492725,-0.040889012,0.132875509,0.10929671,0.54728484,0.444270008,0.247347657,0.577185848,0.51065974,0.312801431,0.614958398,0.584942481,-0.29695063,0.195555965,-0.477460746,0.45586465,0.296859965,0.136166214,0.652739733,-0.049662784,0.054017283,0.056202668,0.477969628,0.373528765
Odobenus rosmarus divergens,Pacific walrus,Blood,5.7.1,Carnivora,1012500.0,0.906849315,6.0,41.0,6.68e-05,0.992682927,11,-0.028661979,0.061745578,0.05746379,0.062459928,0.060510824,0.0599387,0.040063205,-0.030726018,-0.04223474,0.053267941,0.044391576,-0.024074818,-0.039143084,-0.011763517,0.05601534,0.030976962,-0.028493554,-0.000462656,-0.015661857,-0.032274632,-0.015114102,0.056638595,0.044911315,-0.045865222,-0.030125776,0.051598218,-0.015021281,-0.043356745,-0.018816564,-0.030385459,-0.027463989,-0.034183011,0.038905372,0.014239633,-0.044487474,-0.036168689,-0.030216325,0.061953563,0.054128705,-0.025499063,-0.035346512,0.021162058,0.040454995,0.015341876,-0.046401957,0.038855342,-0.038503444,-0.018614935,0.005692032,-0.037888205,0.03507272,-0.029591962,-0.025737151,0.03415617
Orcinus orca,Killer whale,Blood,4.13.5,Artiodactyla,3987500.0,1.457534247,10.50719178,80.0,0.011806982,0.6775,36,0.000268268,0.044138732,0.0252453,0.039987132,0.030889425,0.042964842,0.016877746,-0.00309078,0.002548697,0.027214132,0.01918664,0.010484911,-0.00635837,-0.009543308,0.031716033,0.000298222,0.003573395,-0.031860066,-0.010892274,0.002275024,-0.009025099,0.043147486,0.014357164,-0.031020238,-0.000392866,0.000659145,0.007147997,-0.013242658,-0.007517355,-0.003344688,0.000889899,0.000128505,0.023590752,0.005356905,2.83e-05,-0.00558347,-0.000923464,0.032631517,0.010830764,-0.007534408,-0.006007004,-0.000693302,-0.022647976,-0.006386387,-0.023074732,-0.011990022,-0.00232248,0.023991113,-0.024044218,0.001122206,-0.046089796,-0.005373569,-0.006661105,0.012716354
Orcinus orca,Killer whale,Skin,4.13.5,Artiodactyla,3987500.0,1.457534247,10.50719178,80.0,0.0,0.95,183,-0.005930553,0.008528165,0.006086728,0.012287184,0.005641462,0.000429023,0.011023325,-0.016650398,0.00657797,-0.004864909,-0.006839893,0.005104565,-0.003960346,-0.007707831,-0.008582412,-0.001399821,0.000966224,-0.006141719,0.000581731,-0.018384737,-0.022364955,0.010104447,-0.018597717,-0.019003748,-0.00630745,-0.00666563,0.012594349,-0.019473629,-0.015196955,-0.017028696,-0.00196727,-0.002096854,0.006060381,0.011370852,-0.002849546,-0.009924565,-0.006458736,0.00167932,-0.013451435,-0.033253965,-0.006700625,-0.014528951,-0.005459388,-0.009143175,0.012787666,-0.001534604,-0.00633428,-0.015190467,-0.011660429,0.000753501,0.011698387,-0.019834265,-0.025499592,-0.007123877
Oreamnos americanus,Mountain goat,Skin,4.1.16,Artiodactyla,90000.0,0.504109589,2.498630137,20.8,0.048076923,0.528846154,18,-0.029970177,0.22637387,0.189018093,0.242279625,0.254339617,0.228078314,0.179057502,-0.094977782,9.91e-05,0.213865086,0.18278081,0.102548869,-0.031929905,0.011877003,0.185062532,0.097342221,-0.01543734,-0.110081069,-0.024052047,0.089621752,-0.157579324,0.206546125,0.09229063,0.04026239,-0.118130719,0.003848344,0.025226817,-0.183133905,0.015933363,0.045360306,-0.015990503,-0.049739547,0.180833891,0.117590323,-0.033276276,-0.208100986,-0.227152197,0.140896073,-0.021531624,-0.139005938,-0.105219766,-0.09637067,0.020341882,-0.034425493,0.025934165,0.069506427,0.042353884,0.011828659,0.123603574,-0.047173766,0.116393148,-0.242135132,-0.215209118,-0.186390815
Oryctolagus cuniculus,European rabbit,Blood,3.1.1,Lagomorpha,1800.0,0.082191781,2.0,9.0,0.111111111,0.5,5,-0.597726842,0.481122009,0.366594298,0.465643804,-0.138211516,0.506890639,0.529581436,-0.475810361,-0.618676921,0.3973052,0.231539904,-0.612781213,-0.55281817,-0.486416478,-0.07152384,-0.609760724,-0.525131931,0.407592377,0.390240012,-0.438790549,-0.472206303,-0.164075418,-0.588247694,-0.530114836,-0.447558029,-0.16790372,0.401934875,-0.518804403,-0.466899989,-0.503436615,-0.544229709,-0.501577591,0.50986876,0.433308227,-0.497661466,-0.495370889,-0.459309012,0.568303241,-0.47068201,-0.428808839,-0.512163559,-0.448087591,-0.020267231,-0.264141645,-0.430186498,-0.514415672,-0.621161941,-0.478663828,-0.507546824,-0.48246784,-0.087967912,-0.491924222,-0.447976072,0.157250958
Otolemur crassicaudatus,Greater galago,Blood,1.7.2,Primates,1094.5,0.356164384,1.553424658,22.7,0.311894273,0.647136564,3,0.147105281,0.255485423,0.25636152,0.254101504,0.254673457,0.257197476,0.257697073,-0.182586406,0.156148027,0.254819613,0.255659088,0.13898067,0.084519196,-0.162965372,0.251339719,-0.070516884,0.170316705,-0.030060386,0.255647115,-0.077738258,-0.109531858,0.253537824,0.223829259,-0.184917539,0.00733513,0.248399695,0.244193656,-0.174297654,-0.179872357,-0.144771761,0.176424466,-0.102705103,0.256785811,0.238599709,0.042577711,-0.201392172,-0.091068646,0.253373258,0.249894142,-0.182356189,-0.176974706,-0.087924408,0.236558898,0.205469045,0.020083485,0.227362035,-0.056863519,-0.08000914,0.078749301,0.114642755,0.236588752,-0.169769823,-0.214763905,0.2244552
Otolemur crassicaudatus,Greater galago,Blood&Skin,1.7.2,Primates,1094.5,0.356164384,1.553424658,22.7,0.311894273,0.647136564,4,-0.110509876,0.101042688,-0.016647406,0.134772365,-0.026146878,0.079843786,0.032887916,-0.148195284,-0.113868496,0.185853557,0.026674991,-0.117908592,-0.116194388,-0.143654893,0.127861499,-0.132504578,-0.028090653,0.123734441,0.206521303,-0.139301109,-0.159840189,-0.022699735,-0.105121931,-0.140205905,-0.107205974,0.178037994,0.172115216,-0.15647817,-0.147713148,-0.139552862,0.039341884,-0.15638994,0.080452346,-0.048763284,-0.127486534,-0.156403312,-0.153773268,0.148241242,-0.088429217,-0.156148528,-0.15077788,-0.137790942,0.151449244,-0.098574715,-0.130682872,-0.119675326,-0.133320384,-0.134659212,-0.127225708,-0.084511425,-0.103628881,-0.172063385,-0.17619864,0.157817779
Ovis aries,Sheep,Blood,4.1.17,Artiodactyla,80000.0,0.4,2.002739726,22.8,0.127923977,0.306895711,168,-0.122147068,0.566890105,0.470717712,0.451169193,0.318091556,0.51053625,0.296772329,-0.689652582,-0.16294592,0.541824786,0.33905683,-0.028106308,-0.316807652,-0.701907058,0.358492532,0.035379746,-0.040206592,-0.209531358,-0.052576709,-0.519121055,-0.624165382,0.591053828,-0.178040888,-0.695146596,-0.45297621,-0.187337407,-0.02752894,-0.698705256,-0.692228447,-0.70274168,-0.123345345,-0.531907095,0.381605406,0.063116565,-0.288915639,-0.601782332,-0.540482127,0.361634807,-0.374446609,-0.66370647,-0.572158461,-0.593341379,-0.314998218,0.329967959,-0.661843606,-0.508346056,-0.464450332,-0.520184956,-0.170430635,-0.221283998,0.018860101,-0.707624863,-0.766017239,-0.201379446
Ovis aries,Sheep,Skin,4.1.17,Artiodactyla,80000.0,0.4,2.002739726,22.8,0.004563085,0.39963015,262,0.163171054,0.273664839,0.166475409,0.229677193,0.214069447,0.295334343,0.244873616,0.125476291,0.171537174,0.108629931,0.146873512,0.189680112,0.165087289,0.167476852,0.136108107,-0.04751772,0.175243984,-0.219152525,-0.116034921,0.177284945,0.168196124,0.21842908,0.185055853,-0.097747936,0.174360009,-0.202852943,0.074990982,0.156507606,0.133443421,0.057787095,0.177740296,0.184726418,-0.043281332,0.053358397,0.153681909,0.126469563,0.155755372,0.156404894,0.173224619,0.140183564,0.16021828,0.152206449,-0.156095931,-0.181652297,0.152107408,0.182404872,0.151184314,0.149088827,0.199939546,0.172459154,0.137812473,0.146057333,0.123025693,0.106330817
Panthera leo nubica,Lion,Blood,5.2.4,Carnivora,175000.0,0.298630137,3.0,27.0,0.046666667,0.475777626,7,-0.100771929,0.210088974,0.20194741,0.193341621,0.170099589,0.179248454,0.13621317,-0.06763154,-0.105724594,0.154949456,0.142464978,-0.138730518,-0.039059539,-0.088097625,0.084702153,0.136644767,-0.007341409,0.160892018,0.014958295,-0.018396657,-0.055779747,0.202354772,0.165259314,0.12742947,-0.036769854,0.020811959,0.077932721,-0.116527117,0.070924123,0.054233753,-0.009816909,-0.078711128,0.094149309,0.087930208,-0.130616842,0.033605394,-0.026723809,0.150543504,0.159831543,0.128582937,0.117274237,-0.014257534,0.099202056,-0.110696362,-0.107847677,0.041552952,-0.195633582,0.159220263,-0.105356911,-0.136887119,-0.104677053,0.050129093,-0.179016761,0.179093958
Panthera tigris,Tiger,Blood,5.2.5,Carnivora,161914.66,0.287671233,3.675342466,26.3,0.186860919,0.649429658,8,-0.179505721,0.166115388,0.153992906,0.139354082,0.17061803,0.111613996,0.158017996,-0.19122824,-0.182575997,0.127690534,0.192547182,-0.16962356,-0.196467948,-0.182526693,0.096565643,-0.097083594,-0.149144812,-0.127547703,0.095531212,-0.196334893,-0.196483448,0.047215231,0.031022839,-0.187614141,-0.177276004,-0.131317807,0.159397073,-0.197626698,-0.195202176,-0.188585312,-0.151599639,-0.183907568,0.159705007,0.121555313,-0.185794539,-0.184926529,-0.171839333,0.133586837,-0.002242681,-0.184327617,-0.166385109,-0.163622308,-0.049248065,-0.151948876,-0.191223656,-0.102658077,-0.180491587,-0.139972304,-0.176305352,-0.161962029,-0.159300534,-0.191374291,-0.139691645,0.15725412
Papio hamadryas,Olive baboon,Adipose,1.4.3,Primates,18000.0,0.468493151,4.487671233,37.5,0.199733333,0.609066667,41,-0.03067134,0.109557994,0.084683484,0.122130948,0.098712543,0.117568923,0.065719885,-0.029165163,-0.026078692,0.094938378,0.097936122,-0.010522115,-0.011061973,-0.021945436,0.104543891,0.045032673,-0.020832246,0.068071193,0.034297728,-0.024168716,-0.030500011,0.036767373,0.008397006,0.019703509,-0.024565679,0.072518182,-0.001594447,-0.035060113,-0.039804343,-0.003752962,-0.023285389,-0.023146962,0.058219526,0.077310743,-0.022527609,-0.033102612,-0.031188383,0.079430493,-0.010676753,-0.029712622,-0.044707019,-0.018825956,-0.024335357,0.053335126,-0.005589565,0.001322673,0.022553107,0.00605568,0.002857899,-0.026496916,0.017681471,-0.037770463,-0.034083305,-0.021247844
Papio hamadryas,Olive baboon,Cerebellum,1.4.3,Primates,18000.0,0.468493151,4.487671233,37.5,0.2144,0.609066667,38,0.038607113,0.057408779,0.01834492,-0.020327639,0.009996691,0.031690712,0.012344838,0.060204764,0.020582427,0.001540181,0.010053156,-0.003989338,0.052671702,0.063919786,-0.009418424,0.009642987,0.043423209,-0.050937498,-0.084721148,0.04071813,0.073350483,0.074695104,0.043595292,0.069676281,0.048705726,-0.059992104,-0.057433481,0.074251306,0.058776469,0.087183361,0.041092677,0.063219136,0.06417544,-0.059394969,0.05258539,0.057149893,0.045509218,0.029210051,0.072793848,0.068727602,0.060081781,0.078206168,-0.057862789,-0.042215458,-0.033459311,0.075560483,0.036537028,0.05369138,0.054502099,0.041993065,0.016119293,0.046154365,0.09037893,0.064739699
Papio hamadryas,Olive baboon,Cortex,1.4.3,Primates,18000.0,0.468493151,4.487671233,37.5,-0.001384335,0.609066667,105,-0.02170694,0.112290012,0.102250196,0.108261469,0.095906111,0.114662007,0.092849594,0.101833426,-0.024737077,0.086555641,0.081609291,-0.046689445,0.042785193,0.102180038,0.091707288,0.084568193,0.034301999,0.041414157,-0.014352302,0.07406617,0.056883784,0.105202655,0.102788372,0.086699903,0.067930751,-0.002787606,0.015007761,0.100148097,0.075993093,0.101816384,0.048458819,0.042121722,0.078023942,0.089076055,0.083982971,0.087743426,0.06915483,0.107522482,0.104500104,0.100723673,0.098877254,0.103503012,0.035340752,0.014627288,-0.088582934,0.103715686,0.021042518,0.09838398,0.101333715,0.014992357,0.090551562,0.073535684,0.092147203,0.041361373
Papio hamadryas,Olive baboon,Heart,1.4.3,Primates,18000.0,0.468493151,4.487671233,37.5,0.159466667,0.609066667,47,0.066518013,0.019385557,-0.002504446,-0.035397088,-0.030090387,0.058057626,0.039725424,0.070217845,0.056640311,0.029185919,0.025080798,0.058342096,0.070373102,0.070950971,-0.018004702,0.025430685,0.061242346,-0.005452238,-0.037350245,0.070577702,0.08199584,0.021784716,0.046418065,0.04676071,0.063676332,-0.023619027,-0.050269209,0.072077669,0.089048172,0.056577986,0.060228443,0.067721336,-0.02110404,-0.002768481,0.068163837,0.063996588,0.059981928,-0.030545742,0.057237287,0.053146604,0.06423074,0.096943392,-0.018779417,-0.006145195,0.03448895,0.059500265,0.0366011,0.066635385,0.063029926,0.059952889,0.025510671,0.060530237,0.06341958,0.002178506
Papio hamadryas,Olive baboon,Liver,1.4.3,Primates,18000.0,0.468493151,4.487671233,37.5,0.159466667,0.609066667,50,0.006531243,0.108600202,0.103814754,0.080730146,0.063094174,0.130067942,0.082350026,-0.05573984,-0.004399071,0.104372879,0.122434927,0.018602299,-0.02277371,-0.030409544,0.073867075,0.035066565,-0.008252722,-0.065974757,-0.088626021,-0.005631998,0.011863646,0.093318908,0.06159238,-0.045365761,-0.036477754,0.064951923,-0.060973193,-0.033095451,-0.037008146,-0.034061594,-0.026016174,0.001993772,0.03056052,0.07042101,0.002582236,-0.057971332,-0.055773714,0.05315148,-0.02493388,-0.009984244,-0.019863661,0.021519156,0.001916836,0.051447471,-0.003477062,0.037633936,-0.005836638,0.008360078,0.041932871,0.013784102,0.083141011,-0.066617772,-0.043445835,-0.011433425
Peromyscus californicus,California mouse,Tail,9.5.9,Rodentia,42.0,0.082191781,0.126027397,5.5,0.015090909,0.5,16,-0.626602896,0.967916601,0.952269546,0.585266982,0.004367198,0.940521842,0.824686802,-0.647520542,-0.747546927,0.768964483,0.213929904,-0.773699174,-0.568888279,-0.309450703,0.591327359,-0.254925717,-0.421026474,-0.765530904,0.377986469,-0.465221877,-0.31878595,0.353384982,0.408791392,-0.384235423,-0.348406222,0.82737643,0.498092251,-0.45735665,-0.536334019,-0.390508995,-0.392259289,-0.425259859,0.757336007,0.620714621,-0.524260509,-0.693617222,-0.747309239,0.471397272,-0.037320196,-0.139712214,-0.766805062,-0.039336351,0.98485862,-0.477273514,-1.033029108,-0.175640415,-0.42894202,-0.464127814,0.402411407,-0.413602766,0.094201742,-0.914607779,-0.345589356,-0.319991521
Peromyscus eremicus,Cactus mouse,Tail,9.5.10,Rodentia,25.0,0.071232877,0.353424658,7.4,0.021621622,0.359459459,17,-0.258797678,0.681636988,0.424232773,0.326097879,-0.106084345,0.63524796,0.363342281,-0.030763187,-0.354749412,-0.013600747,-0.509964759,-0.453278216,-0.021120424,0.19303788,0.240326565,0.031644315,0.239607149,-0.194591075,-0.228154341,-0.101658829,-0.157368657,0.250453838,0.07194059,-0.435683093,0.280612159,-0.227002896,0.034479187,-0.015548365,-0.091517918,-0.214426935,0.398512993,-0.021727041,0.151772936,0.276238111,-0.042505897,-0.092848576,0.376747981,-0.167835797,-0.022769058,0.135339622,-0.218942543,0.214130171,-0.014504248,-0.955256966,-0.738592209,0.265925729,-0.287780846,-0.288465395,-0.104323975,0.124843279,0.248698102,-0.211466776,-0.109551063,-0.380548291
Peromyscus leucopus,White-footed mouse,Brain,9.5.11,Rodentia,23.0,0.071232877,0.2,7.9,0.073839662,0.29535865,7,0.916801571,0.806491591,0.679245764,0.93388221,0.625198478,0.973405616,0.715262495,0.817737372,0.825661576,0.776914941,0.487014864,0.902144797,1.002855175,0.779847805,1.004347389,0.937984225,0.381428304,0.022389834,0.26590352,0.968188408,0.823236909,0.785667603,0.906751609,0.777884164,0.766976957,-0.243742677,0.129983083,0.77197052,0.850103049,0.877318816,0.378479744,0.733023722,0.872224593,-0.169136512,0.854034695,0.393968874,0.629613026,0.874385325,0.867816909,0.965120892,0.80269329,0.937154245,1.011774846,0.119141722,0.694750017,0.991250429,0.787958984,0.549325944,0.842867719,0.137019719,0.929003919,0.751174901,0.571223152,0.413583195
Peromyscus leucopus,White-footed mouse,Liver,9.5.11,Rodentia,23.0,0.071232877,0.2,7.9,0.073839662,0.29535865,8,-0.568992824,0.912821632,0.768123368,0.707101716,0.067854296,0.95599096,0.857749001,-0.674925126,-0.50792657,0.948698069,0.855276542,-0.517531098,0.060012124,-0.274255721,0.899484144,-0.35333232,-0.611246553,0.381882604,0.293635767,-0.309120725,-0.472582388,0.832073451,0.189318029,-0.694068549,-0.359020085,0.205990759,0.40799646,-0.608734018,-0.712203556,-0.501310379,-0.188486738,-0.34725122,0.719339471,0.840211202,-0.348857882,-0.672875083,-0.321686818,0.537507263,-0.566163196,-0.534393886,-0.671958854,-0.120697328,0.460216252,0.258472151,-0.484091048,-0.017230291,-0.604675291,-0.160912934,0.480778336,-0.299298351,0.063079214,-0.543346205,-0.480507751,0.378593415
Peromyscus leucopus,White-footed mouse,Tail,9.5.11,Rodentia,23.0,0.071232877,0.2,7.9,0.010506329,0.453164557,16,-0.531027341,0.621673294,0.421002612,0.318819406,0.083462266,0.555139582,0.338505836,-0.168985358,-0.396104334,0.448232499,0.199306894,0.046010911,0.161386053,0.158611332,0.339153044,-0.060476909,-0.122929057,-0.232600602,-0.275913992,0.086900266,0.516620413,0.476539145,0.294989082,-0.050964729,0.053952214,0.110832569,-0.212599325,0.092624278,-0.049956495,0.264157926,-0.295074877,0.037892828,0.049699991,-0.026553204,-0.202732444,-0.222352646,-0.274894512,0.315804872,0.150143406,0.304433854,-0.120710556,0.322513965,-0.384712978,-0.135518122,-0.556444855,0.442790361,-0.442686652,-0.178512417,0.503417427,-0.31809633,0.300328324,-0.151633237,0.147575864,0.464132631
Peromyscus maniculatus,Eastern deer mouse,Brain,9.5.12,Rodentia,20.5,0.065753425,0.134246575,8.3,0.070281124,0.291164659,12,-0.000739921,0.110168993,-0.61901943,0.04460782,-0.734613874,0.121377492,-0.179520263,-0.587627798,-0.390308532,0.322855237,-0.445688212,-0.403695057,0.236121955,-0.18865635,-0.138578574,-0.675201427,0.441536909,-0.368310116,-0.004535671,-0.052008449,-0.177312045,0.585514013,-0.496859056,-0.697805489,0.4696862,-0.01889378,-0.497127889,0.081334005,-0.795602069,-0.625748896,0.63051716,-0.073853377,-0.042549352,0.244607835,-0.629688739,0.791451739,0.553250519,0.646847941,-0.34275139,-0.143641576,-0.28225248,0.020697661,-0.205105535,-0.685661083,-0.574323207,-0.381064156,-0.714625364,0.156700368,0.286300319,0.217229956,-0.832612254,0.848909999,-0.03283522,-0.440031513
Peromyscus maniculatus,Eastern deer mouse,Liver,9.5.12,Rodentia,20.5,0.065753425,0.134246575,8.3,0.070281124,0.291164659,13,0.257122464,1.190885869,1.090227389,1.193174188,-0.38685576,1.168971441,1.055365489,-0.677956567,0.722965397,0.965009865,0.960343185,0.685476142,-0.226586966,-0.542554112,1.187066036,0.534383215,0.142773077,0.631722362,-0.228013805,-0.054843675,-0.502066234,1.179513536,-0.567503854,-0.674643188,-0.328556652,0.992341501,0.857428147,-0.690643489,-0.710694933,-0.548089701,0.08416419,-0.195795503,0.827321097,1.106643578,-0.002117031,-0.732443484,-0.68443312,0.364517648,-0.739757364,-0.676382245,-0.755894606,-0.440849895,0.799066591,1.0903,0.617594176,-0.715693331,0.602305183,-0.357633162,0.772363554,0.73616484,0.4670237,-0.741461154,-0.658668843,0.58064838
Peromyscus maniculatus,Eastern deer mouse,Tail,9.5.12,Rodentia,20.5,0.065753425,0.134246575,8.3,0.01,0.340963855,25,-0.152030002,0.912069609,0.954823685,0.783690501,0.453807513,1.005612468,0.877966259,0.534727549,-0.14921166,0.464379207,0.376916389,-0.022142746,0.233863474,0.60705183,0.46119667,0.465794472,0.278714643,-0.604849005,-0.423922139,0.443292504,0.118912118,0.948973299,0.541027731,0.112501809,0.488146104,0.095099324,-0.148303124,0.330597436,0.255693951,0.481076523,0.321926676,0.13538226,0.073768352,0.379447611,0.620608553,-0.063929712,0.355775717,0.872546607,0.610012237,0.555941556,0.298910752,0.521272235,0.322540636,-0.631779164,-0.743516279,0.666420592,0.234090249,0.295005393,0.637490087,0.003415933,0.418712096,-0.210427108,0.316759715,0.212514998
Peromyscus polionotus,Oldfield mouse,Tail,9.5.13,Rodentia,14.0,0.065753425,0.076712329,5.5,0.015090909,0.347272727,16,-0.40721593,1.251784746,1.159287832,1.155691483,0.578148867,1.292116711,0.959713826,0.496168844,-0.269000528,0.992450554,0.767713028,0.392957033,0.485267503,0.865800514,1.081897919,0.622006008,0.628980055,-0.347801227,0.119022138,0.61411009,0.646257035,1.178484051,0.830882581,0.409450152,0.919947132,0.569617351,0.203373231,0.625698216,0.681240556,0.792854965,0.713398956,0.667851075,0.729062565,0.787320645,0.91148344,-0.093424656,0.479263654,1.122796451,0.557010125,0.710164259,0.119592055,0.768620648,0.298174051,-0.967414537,-1.143027215,0.885261364,-0.150738837,-0.296340513,0.986843757,0.922975665,0.814644915,-0.4161213,0.724161967,0.043439523
Phoca vitulina,Harbor seal,Blood,5.9.1,Carnivora,115000.0,0.693150685,3.5,48.0,0.010780287,1.0,57,-0.041577872,0.065351199,0.051812374,0.061831044,0.043269921,0.061222344,0.025911042,-0.041295796,-0.041386169,0.04673234,0.018218327,-0.050924119,-0.051585997,-0.051727495,0.023344172,-0.057702069,-0.024277116,0.020083207,9.32e-05,-0.046409064,-0.04310755,0.062337124,-0.044332523,-0.069241115,-0.02441982,0.009594772,-0.008582289,-0.04116575,-0.043612097,-0.063885714,-0.014204636,-0.042845473,0.026249697,-0.012775747,-0.039430095,-0.029020075,-0.031079783,0.059820399,-0.006533244,-0.050272712,-0.048204364,-0.049744347,0.004799471,-0.052663009,-0.029856755,-0.035929342,-0.064599005,-0.048160283,-0.052751222,-0.038958426,-0.063620779,-0.039130907,-0.049151232,-0.003200528
Phoca vitulina,Harbor seal,Skin,5.9.1,Carnivora,115000.0,0.693150685,3.5,48.0,0.081335616,0.730022831,11,0.062200064,0.064426723,0.045163281,0.067122091,0.042391041,0.084270705,0.053921621,0.029263029,0.058088918,0.076586752,0.03324736,0.058975772,0.051004782,0.033230299,0.085603114,0.028404607,0.053973331,-0.032003442,-0.03366415,0.052370916,0.038276265,0.062769828,0.030942303,0.017757477,0.059315339,0.001931429,-0.028868399,0.041161772,0.029420868,0.028680211,0.0561029,0.04822436,0.047445676,0.037149911,0.052816304,0.036260624,0.049237536,0.024719576,0.024837323,0.023829891,0.032868442,0.03274466,0.033083677,-0.009968102,0.03205934,0.027560595,0.052378065,0.033434746,0.038851085,0.051780737,0.030988055,0.037880015,0.020720271,0.008309785
Phyllostomus discolor,Pale spear-nosed bat,Skin,8.4.5,Chiroptera,43.4,0.287671233,2.0,18.0,0.0,0.983333333,50,-0.056865089,0.170318869,0.144006061,0.163745079,0.132134876,0.166643281,0.150296672,-0.154819816,-0.007045527,0.158917336,0.151237865,0.085665135,-0.069345817,-0.092808829,0.12372961,-0.057716441,-0.004905691,-0.055022108,-0.032115826,-0.057514955,-0.143069877,0.138317223,-0.043748377,-0.099832094,-0.062458543,0.020684754,-0.013854019,-0.152488413,-0.1382287,-0.099460793,-0.034373087,-0.110049118,0.135979529,0.107363204,-0.088934096,-0.160484579,-0.144664612,0.142073861,-0.098155154,-0.151934944,-0.14796429,-0.144343497,-0.062087866,0.084116362,-0.082507074,-0.067773865,0.014380226,-0.135038634,0.084580943,-0.019552397,-0.026721346,-0.161351066,-0.15876419,0.102463802
Phyllostomus hastatus,Greater spear-nosed bat,Skin,8.4.6,Chiroptera,81.0,0.328767123,2.0,22.0,0.0,0.75,71,-0.12838096,0.171931803,0.157054408,0.16718025,0.136900012,0.162277129,0.164722056,-0.147488216,-0.100980173,0.159925228,0.151632998,-0.008247113,-0.130464594,-0.067395395,0.125559949,0.046784415,-0.065144354,0.006405167,0.073685443,-0.130817559,-0.154355056,0.151088709,0.031381002,-0.044374626,-0.122350869,0.105957181,0.095907544,-0.149289047,-0.139202958,-0.060868316,-0.067994259,-0.145536041,0.165302206,0.129662758,-0.112258906,-0.151471017,-0.150531635,0.15185232,-0.059907356,-0.145609212,-0.140015553,-0.073758027,-0.055440225,0.123326187,-0.071352528,-0.061077392,-0.01728011,-0.141789971,0.041463349,-0.03727465,-0.020870382,-0.167805246,-0.151394259,0.072544133
Propithecus coquereli,Coquerel's sifaka,Blood,1.2.3,Primates,4189.27,0.386273973,3.813726027,30.59,0.003269042,0.932330827,3,-0.054203819,0.068062607,0.056631019,0.058693472,0.027306738,0.069588751,-0.004365443,-0.070008019,-0.069024335,0.06107807,0.05792418,-0.062505089,-0.058685084,-0.069972767,-0.046792198,-0.048584978,-0.066048333,-0.068381523,-0.059327008,-0.070055029,-0.068335968,0.056882224,-0.056118452,-0.070076786,-0.068278841,0.002849069,-0.058654025,-0.069746982,-0.069303456,-0.069312508,-0.069386056,-0.063922343,0.070100062,0.057053208,-0.069680777,-0.070088628,-0.068590091,0.041832865,-0.067586622,-0.066852834,-0.069492312,-0.063619638,-0.048424159,-0.05652122,-0.032889868,-0.064589627,-0.069964951,-0.068434071,-0.067844973,-0.066094305,-0.054638926,-0.069874445,-0.070087306,0.068887956
Propithecus coquereli,Coquerel's sifaka,Blood&Skin,1.2.3,Primates,4189.27,0.386273973,3.813726027,30.59,0.003269042,0.932330827,4,-0.017897685,0.053450392,0.029582267,0.024357014,0.012405814,0.053174108,-0.006392025,-0.050950798,-0.033587071,0.043505124,0.027466502,-0.010238883,-0.04579308,-0.037926702,-0.001387931,-0.002350886,-0.065441145,-0.067610002,-0.072490083,-0.060253116,-0.078555349,0.068416087,-0.027360463,-0.026643927,-0.083376595,-0.003103243,-0.065350235,-0.074031342,-0.03912995,-0.023640146,-0.08221338,-0.077382975,0.070523826,0.032229132,-0.035524535,-0.068264326,-0.083807527,0.017851199,-0.068510896,-0.062992203,-0.050226551,-0.06159116,-0.055609871,-0.013128401,0.002922121,-0.015323674,-0.027819475,-0.039815423,-0.029919695,-0.05410827,-0.016731424,-0.085328836,-0.068581736,0.040827846
Propithecus diadema,Diademed sifaka,Blood&Skin,1.2.1,Primates,5550.0,0.430136986,2.875342466,21.0,0.675714286,0.888095238,3,-0.399899789,0.355914989,0.041219622,0.342768448,0.176081905,0.385459684,-0.44303284,-0.435975241,-0.366872822,-0.401422402,-0.404318876,-0.402736837,-0.447768445,-0.430640198,0.05133291,-0.410316494,-0.113805206,0.436420173,0.419447313,-0.444231658,0.202112878,-0.274831847,-0.446377282,-0.412271587,0.279104965,0.41820153,-0.374640439,-0.342870754,-0.432457246,-0.414987145,0.441655606,0.162792548,-0.403855383,-0.403736522,-0.421984849,-0.443351026,0.19098983,0.333722189,-0.394921273,-0.443787531,-0.439856962,-0.421589839,-0.372978914,-0.398129229,-0.384785844,-0.413527202,-0.414223074,-0.434318881,-0.429311863,-0.264059947,-0.405919401,0.18386601,-0.442972404,0.411238562
Propithecus tattersalli,Golden-crowned sifaka,Blood,1.2.2,Primates,3545.0,0.404109589,4.498630137,26.0,0.135384615,0.978076923,3,-0.05231342,0.075248603,0.081607077,0.054028762,0.081379156,0.047616592,0.031141793,-0.074504242,-0.062103626,-0.018444811,0.036203131,-0.059301218,-0.061083513,-0.066238898,0.026238113,-0.027578681,-0.040364205,-0.035003432,-0.03514299,-0.05817487,-0.076249346,0.090227006,-0.054545761,-0.071081693,-0.057262338,0.027847802,-0.054586673,-0.065747589,-0.063374315,-0.074185626,-0.037692142,-0.059517293,-0.00565575,0.042455832,-0.05316709,-0.076558674,-0.067774533,0.043548664,-0.045403616,-0.08200138,-0.06095982,-0.08085496,-0.072932765,-0.066593231,-0.068865441,-0.062653897,-0.065802405,-0.063212557,-0.062939427,-0.050577887,-0.090085552,-0.078016663,-0.085928704,0.035151016
Propithecus tattersalli,Golden-crowned sifaka,Blood&Skin,1.2.2,Primates,3545.0,0.404109589,4.498630137,26.0,0.135384615,0.978076923,3,-0.05231342,0.075248603,0.081607077,0.054028762,0.081379156,0.047616592,0.031141793,-0.074504242,-0.062103626,-0.018444811,0.036203131,-0.059301218,-0.061083513,-0.066238898,0.026238113,-0.027578681,-0.040364205,-0.035003432,-0.03514299,-0.05817487,-0.076249346,0.090227006,-0.054545761,-0.071081693,-0.057262338,0.027847802,-0.054586673,-0.065747589,-0.063374315,-0.074185626,-0.037692142,-0.059517293,-0.00565575,0.042455832,-0.05316709,-0.076558674,-0.067774533,0.043548664,-0.045403616,-0.08200138,-0.06095982,-0.08085496,-0.072932765,-0.066593231,-0.068865441,-0.062653897,-0.065802405,-0.063212557,-0.062939427,-0.050577887,-0.090085552,-0.078016663,-0.085928704,0.035151016
Pteropus hypomelanus,Variable flying fox,Skin,8.5.4,Chiroptera,450.0,0.534246575,1.0,26.5,0.01509434,0.728301887,40,-0.02629224,0.13531823,0.112315893,0.123405609,0.099600273,0.118967698,0.093996342,-0.062964305,0.023543323,0.116390529,0.08798434,0.012849768,-0.016675983,0.012881973,0.063056662,0.008102982,0.010458314,0.018570601,0.008001763,-0.012895121,-0.053379736,0.108706551,0.081617811,-0.078010986,-0.003871243,0.023828647,0.018020666,-0.027124025,-0.050101934,-0.061953332,0.012448787,4.38e-05,0.036707179,0.068114431,0.003444202,-0.072077923,-0.043048464,0.034608633,0.004240923,-0.071360409,-0.047725363,-0.047248344,0.091405383,0.0070585,-0.017217244,0.052443612,0.069025418,-0.074009133,0.105922679,-0.003131212,0.024338101,-0.093811315,-0.089980014,-0.009218717
Pteropus poliocephalus,Grey-headed flying fox,Skin,8.5.5,Chiroptera,675.0,0.520547945,1.479452055,23.6,0.258474576,0.707627119,16,0.03808195,0.202492927,0.1591716,0.161687667,0.054371817,0.149937962,0.137122901,-0.107347067,0.107149015,0.181563788,0.140110427,0.110690707,0.043854343,0.053941533,0.154290268,0.084428087,0.095536486,0.019119623,0.041689644,0.074369645,-0.100747688,0.13765978,0.06620671,-0.087232166,0.009502941,0.150637193,0.029781881,-0.01435224,-0.063754827,-0.067301094,0.066323955,0.041061272,0.090485573,0.110418028,0.007962352,-0.137117466,-0.027163504,0.013358352,0.050108506,-0.176559025,-0.049965323,0.007508118,0.112340859,0.068223764,0.142234927,0.05323843,0.123475949,-0.047344811,0.040325574,0.077701597,0.040047718,-0.162083939,-0.122921894,-0.100645785
Pteropus pumilus,Little golden-mantled flying fox,Skin,8.5.6,Chiroptera,200.0,0.328767123,0.75,17.3,0.046242775,1.0,46,-0.048642496,0.1545568,0.109270298,0.128833205,0.053294828,0.099640428,0.113033969,-0.10404413,-0.01935718,0.131002532,0.081047984,0.022733652,-0.023267087,-0.033785144,0.041128312,-0.01855084,0.002422019,-0.064577422,0.004984035,-0.060847455,-0.11499977,0.080393079,-0.059768972,-0.084544856,-0.027913131,-0.013626675,-0.018751108,-0.068152098,-0.098218348,-0.100778088,0.006686752,-0.019825495,0.069157611,0.027652053,-0.027995976,-0.099644817,-0.045952412,0.123113656,-0.019001576,-0.106336224,-0.084808081,-0.056332758,0.104122739,0.016380818,-0.051714917,0.029436325,0.02969951,-0.114956412,0.104466995,-0.00297729,0.027715998,-0.101011265,-0.11278239,-0.043786709
Pteropus rodricensis,Rodriguez flying fox,Skin,8.5.7,Chiroptera,350.0,0.542465753,1.50000274,28.0,0.142857143,0.746428571,19,-0.045040605,0.143859857,0.162920271,0.137394888,0.163431487,0.140378775,0.132834953,-0.124046755,0.005224832,0.04532543,0.070122047,-0.042612562,-0.026382286,-0.059802615,0.042628694,0.027527828,0.021761282,0.051029145,0.001947027,-0.068607947,-0.099280086,0.027438978,0.068151379,-0.094743201,-0.010118965,0.03798495,0.026574997,-0.130312871,-0.029608957,-0.131562267,0.036425263,-0.017275345,0.096070718,0.059503171,-0.01673011,-0.065410896,-0.044430289,0.082012344,-0.037383772,-0.162878785,-0.094656489,0.090760002,-0.002974446,-0.082380157,-0.059917659,-0.04969235,-0.009731564,-0.082678037,0.003249237,-0.000266918,0.081371128,-0.093972019,-0.100964876,0.034570854
Pteropus vampyrus,Large flying fox,Skin,8.5.8,Chiroptera,872.0,0.454794521,2.0,24.0,0.025,0.933333333,51,-0.052051259,0.148289823,0.109732549,0.137488364,0.119247729,0.122869019,0.085533595,-0.066825482,-0.020377031,0.092318625,0.068938787,-0.033390015,-0.048900833,-7.9e-05,0.014717326,-0.004766496,-0.027983115,-0.04006041,-0.055061597,-0.043069548,-0.041764424,0.087156535,0.074313685,-0.055970733,-0.034655566,0.019476933,-0.02709422,-0.0449292,-0.052829292,-0.06120535,-0.017890947,-0.042055733,0.055856978,0.013322417,-0.038135361,-0.076563998,-0.089027997,0.092304391,0.021308185,-0.068410149,-0.023540365,-0.043952206,0.043703841,-0.080250805,-0.058509629,-0.003135178,0.046018572,-0.077757452,0.062547693,-0.038787987,0.028817936,-0.100902912,-0.020468627,-0.054205825
Rattus norvegicus,Brown rat,Adipose,9.9.3,Rodentia,300.0,0.057534247,0.219178082,3.8,0.08021699,0.559066251,38,-0.108163879,0.924139198,0.775073701,0.678400701,0.510404118,0.839397374,0.866859596,-0.07179711,-0.114776307,0.907290472,0.708482037,-0.07849496,-0.157801734,0.032396184,0.414920265,0.315118243,-0.10838964,0.157452007,0.264490954,-0.078738527,-0.164262563,0.907107286,0.477705488,0.342922141,-0.10761364,0.73838952,0.378607848,-0.091802638,0.050846705,0.122811966,-0.090879124,-0.179137159,0.768899934,0.585595327,-0.037843955,-0.183063114,-0.105177026,0.309030705,0.098311068,-0.060085895,-0.06180956,-0.017716206,-0.34266727,0.218355127,0.009941619,0.208836403,0.105934326,0.141675085,0.38415352,-0.110717552,0.032012238,-0.155178237,-0.014894821,-0.251742529
Rattus norvegicus,Brown rat,Blood,9.9.3,Rodentia,300.0,0.057534247,0.219178082,3.8,0.010094282,0.605656835,140,-0.022575249,1.090996485,0.970361776,1.086136911,0.833261853,1.023041985,0.946850943,-0.008236962,-0.069643474,0.991279967,0.791268332,-0.342932764,-0.172277483,0.047326385,0.980041205,-0.210074549,0.078139656,0.312966422,-0.064051342,-0.180790095,-0.323177776,1.007165718,0.501970452,-0.419520349,0.106862981,0.753534849,0.141348378,-0.031499896,-0.029989602,-0.28691444,0.174881029,0.012906891,0.955484948,0.660830099,-0.012432323,-0.088258552,0.086248407,1.035028648,0.293244116,-0.229170008,-0.287468065,-0.028650012,-0.050516382,0.027617869,-0.5335378,0.711334471,-0.556423616,-0.111424703,-0.066007087,0.002149098,-0.239709575,-0.082243448,-0.074233244,0.585267828
Rattus norvegicus,Brown rat,Brain,9.9.3,Rodentia,300.0,0.057534247,0.219178082,3.8,0.030282842,0.605656835,18,0.28091683,0.926161031,0.848447687,0.896365237,0.398867642,0.965544696,0.183355733,0.56589806,0.034742213,0.822850941,0.660549693,0.138260843,0.365758229,0.421871856,0.721306728,0.156743295,-0.239954487,-0.539624329,-0.57402115,0.404397737,0.581379989,0.17982041,0.545186697,0.253156083,0.318186914,0.110577173,-0.519607483,0.340136693,-0.177557876,0.57616468,-0.150334641,0.277329391,0.154265733,-0.469538561,0.096012206,0.625078219,0.049575168,0.246070794,0.711929378,0.720801378,0.496232355,0.406941793,0.144080261,0.126395713,-0.116704737,0.667020045,0.195044607,0.532948934,0.232172533,0.057220907,-0.302887542,0.340409286,0.299205675,0.484289739
Rattus norvegicus,Brown rat,Cerebellum,9.9.3,Rodentia,300.0,0.057534247,0.219178082,3.8,0.08021699,0.559066251,39,0.276445671,0.736068933,0.003540603,0.629815587,0.114123612,0.403870127,0.418217889,0.68014311,-0.083911129,0.216887384,0.395828775,-0.064162544,0.373485578,0.841034055,-0.072144115,0.242462312,0.349051203,0.348787858,0.441416128,0.162336965,0.525721695,0.870462667,0.503617961,0.435881675,0.402903727,0.479878656,0.262800939,0.608592959,0.634255348,0.614225023,0.351822262,0.439062439,-0.094652548,-0.054988708,0.580375102,0.579722457,0.381236591,0.599651183,0.716972514,0.828155725,0.738421852,0.882744751,-0.209381911,0.274153807,-0.751859899,0.734702166,0.178217136,0.457380641,0.768893998,0.229219843,0.877915189,0.548356274,0.753573202,0.260858812
Rattus norvegicus,Brown rat,Heart,9.9.3,Rodentia,300.0,0.057534247,0.219178082,3.8,0.030282842,0.605656835,30,-0.428834828,0.732032131,0.763949349,0.609446142,0.568951927,0.77796079,0.619967869,-0.314416697,-0.391181706,0.829391164,0.656105403,-0.152118726,-0.308109752,-0.334498202,0.571130132,0.344735178,-0.573197951,0.15709085,0.170739553,-0.195243582,-0.195278989,0.481325007,0.073921067,-0.167494228,-0.583214005,0.511826709,0.245512924,-0.34344539,-0.325012799,0.288255632,-0.571852354,-0.472812247,0.595391159,0.26200518,-0.455110583,-0.190657711,-0.548135107,0.009049532,0.418262101,0.012159294,-0.423318882,0.343418149,0.264571786,0.503834383,-0.23658322,0.053861788,-0.264344205,-0.087417112,0.329231406,-0.478242526,0.207639855,-0.425434886,-0.23204368,0.368538705
Rattus norvegicus,Brown rat,Liver,9.9.3,Rodentia,300.0,0.057534247,0.219178082,3.8,0.030282842,0.605656835,64,-0.058309872,1.059915298,1.004650306,0.817303658,0.626927798,0.969637314,0.962620808,-0.057908546,-0.123648416,0.906148953,0.913903543,-0.202564082,0.005209371,0.138084036,0.910059997,0.427161068,-0.040450899,0.386306016,0.362212734,0.029323574,0.110245955,0.945355864,0.776657126,-0.157119081,-0.07493468,0.570481108,0.407415072,0.004799554,0.035631318,0.049148143,-0.090255823,-0.06135783,0.757613022,0.722381507,-0.016354664,0.007676421,-0.106684396,0.596635463,0.371799522,0.2733598,-0.032441651,0.382929296,0.750788188,0.554259957,-0.166440023,0.510041824,-0.214749562,0.353732122,0.586778288,-0.040482657,0.633888107,-0.166749054,-0.041536321,0.768592244
Rattus norvegicus,Brown rat,Muscle,9.9.3,Rodentia,300.0,0.057534247,0.219178082,3.8,0.242105263,0.481578947,6,-0.77034493,0.596256002,0.86652993,-0.43267315,-1.037070585,0.308160136,0.156475332,-0.563604957,-0.947144166,-0.345943352,-0.811010667,-1.235121816,-1.131183271,-1.072584421,0.239724104,-1.498609387,0.071713373,0.36480786,-1.144650944,-1.289346135,-0.682479502,-0.259932893,-0.535135688,-1.178665046,-0.622556695,0.5954293,-0.645536391,-0.74400382,-1.315361384,-1.219918684,0.085287183,-0.148838152,-1.486935718,-0.259869088,-1.1411911,-0.404970439,0.434040097,1.159801339,-0.934966484,-0.564814841,0.277855342,-0.635893168,-1.674953212,-1.915105189,-1.510348921,0.664976345,-1.583674169,-1.170710858,-1.32691235,-0.87440759,-1.76033901,0.867515181,-0.890398802,-0.427912027
Rattus norvegicus,Brown rat,Neocortex,9.9.3,Rodentia,300.0,0.057534247,0.219178082,3.8,0.08021699,0.559066251,34,-0.041681021,0.390790128,-0.060454564,0.417419229,0.03087605,0.548970362,-0.070071426,0.122951228,-0.038552471,0.373610881,-0.128520096,-0.246704067,-0.054999175,0.08460389,0.431722375,-0.269599968,0.014432208,-0.177347108,-0.064792588,-0.068188121,0.081553787,0.069273326,-0.017312394,-0.174863158,0.042338091,-0.125098866,0.01133094,0.127234243,-0.155020336,-0.039739064,0.009770419,0.017789057,0.294777139,-0.273868955,-0.033009666,0.109045395,0.033079289,0.46782346,0.38129901,0.089621694,0.268996375,0.225179894,-0.065966013,0.011788647,-0.373167992,0.173090268,-0.190757119,-0.005524331,-0.098344903,-0.021367889,-0.448538554,0.085763741,0.088751974,6.91e-05
Rattus norvegicus,Brown rat,Ovaries,9.9.3,Rodentia,300.0,0.057534247,0.219178082,3.8,0.08021699,0.559066251,30,-0.360944032,0.684988451,0.606003123,0.526286359,0.210968408,0.676531634,0.649657541,-0.507137338,-0.58905109,0.683613328,0.123524007,-0.581266648,-0.195885134,-0.577346508,0.129084625,-0.303498326,-0.282679938,0.361280112,-0.092894277,-0.321088338,-0.291733388,0.685316521,0.04208551,-0.343199858,-0.286214164,0.644137955,-0.186928013,-0.606245013,-0.603219609,-0.615015539,-0.297210435,-0.241710363,0.477482882,0.490835499,-0.438602399,-0.4644632,-0.307620823,0.307671046,-0.402900396,-0.605288732,-0.531405616,-0.533709464,-0.285729586,-0.186405803,-0.875944539,0.202747926,-0.405596705,-0.341320915,-0.286118195,-0.530325064,-0.595706135,-0.423133409,-0.387100778,0.001502922
Rattus norvegicus,Brown rat,Skin,9.9.3,Rodentia,300.0,0.057534247,0.219178082,3.8,0.08021699,0.559066251,37,-0.117795775,1.138020719,1.137931298,1.176190454,0.921079122,1.158592454,1.182708581,-0.135655885,-0.148708132,1.05041486,1.049668638,0.014670569,-0.019524337,0.506351665,0.842179889,0.467785948,-0.0393409,-0.026797301,0.211254087,0.038097096,-0.120898724,1.061485791,0.758130706,0.720307857,0.011972608,0.410918907,0.464944333,-0.066037108,-0.036244885,0.361128263,-0.082198792,-0.092964148,1.064258146,0.679673511,0.183281508,-0.319278578,-0.294474538,1.07186144,0.605642625,0.506456074,0.036206073,0.403962385,0.074445855,0.053004298,-0.577746962,0.813511093,0.012003115,0.223557255,0.909181002,-0.065817679,1.055250282,-0.713720332,-0.348962801,-0.108815804
Rattus norvegicus,Brown rat,Substantia nigra,9.9.3,Rodentia,300.0,0.057534247,0.219178082,3.8,0.08021699,0.559066251,22,-0.187381402,0.252277476,-0.142376003,0.387901324,0.29026862,0.43130321,0.02705093,-0.121398887,-0.280936634,0.319687871,0.015493354,-0.301439441,-0.178715254,-0.295055726,0.520385235,-0.661329942,-0.226085826,-0.076671311,0.505052733,0.012649198,-0.007924587,-0.362639106,-0.362607,-0.652907322,-0.13385606,0.078975247,0.406518559,-0.095802755,-0.512808741,-0.089283109,-0.180769994,-0.153184901,0.016626775,0.234137677,-0.254212924,-0.084032825,-0.150894347,0.404688759,-0.162289948,-0.067987117,-0.060505187,-0.25083881,0.23442216,0.100574389,-0.642212326,-0.027438459,-0.294202304,-0.024232386,-0.365492937,-0.242732878,-0.780391247,-0.097667744,-0.360900673,0.369036231
Rhinolophus ferrumequinum,Greater horseshoe bat,Skin,8.6.1,Chiroptera,22.875,0.219178082,2.0,30.5,0.0,0.691803279,40,-0.082784755,0.13770894,0.112871555,0.127811691,0.056994589,0.137022515,0.140680798,-0.126491666,-0.060548989,0.128343701,0.116827242,-0.055914744,-0.104066105,-0.100996516,0.055037177,0.038970917,-0.061870152,0.045452636,0.029304976,-0.096579849,-0.132698412,0.100660687,0.01069384,-0.086024769,-0.077119604,0.04677697,0.066048633,-0.130768239,-0.119486202,-0.089034061,-0.053317202,-0.090730162,0.079341536,0.099502436,-0.063934099,-0.124963598,-0.099662166,0.025199864,-0.058928174,-0.1349782,-0.109922524,-0.12859881,0.049380064,0.016815815,-0.041105554,-0.013465784,-0.03670645,-0.126107162,0.077496905,-0.066232312,-0.039323906,-0.128564411,-0.132635459,0.020800496
Rhynchonycteris naso,Proboscis bat,Skin,8.17.2,Chiroptera,3.9,0.405479452,1.5,8.5,0.011764706,0.705882353,22,0.060434336,0.172396249,0.216474434,0.086190279,0.058288502,0.41304214,0.396123456,-0.003696832,0.099717249,0.338791344,0.385867937,0.25888811,0.138365495,-0.061125306,0.399707331,0.278089226,0.061555778,0.287288761,0.285172142,0.112231231,-0.044729978,0.329751367,-0.013873513,0.308952662,0.084614185,0.163324809,0.268911607,-0.005502966,0.113894726,0.276917845,0.070853,0.121776643,0.38464501,0.522001855,0.153480767,0.036869885,0.052143124,0.031614153,0.14352429,-0.1116632,0.021709099,-0.125372115,0.490545524,0.231806504,0.181066586,0.149395728,0.378536865,0.126341943,0.282290044,0.116533202,0.029465882,-0.062294131,-0.022740144,0.339543004
Rousettus aegyptiacus,Egyptian fruit bat,Skin,8.5.9,Chiroptera,125.0,0.317808219,1.0,22.9,0.218340611,0.611353712,16,0.05336773,0.231908189,0.137504135,0.132644331,-0.131390942,0.213345065,0.030683751,-0.129843861,0.081674947,0.229003488,0.171094937,0.105421024,0.078398294,0.016052386,0.19246776,-0.064717753,0.099190797,-0.166437423,-0.166169137,0.014163029,-0.073827138,0.164518006,0.035231807,-0.194001242,-0.018399693,-0.057488025,-0.141497281,-0.198864075,-0.226719846,-0.059874475,0.053627615,0.073441244,-0.221658355,-0.082377123,0.006882041,-0.195058176,-0.102251157,0.058240825,-0.094314714,-0.218645424,-0.146288957,-0.085618028,0.123443805,-0.221433086,0.05356679,0.201692582,0.058388506,-0.256670168,0.097407304,0.16164845,0.046027264,-0.258525533,-0.20972803,-0.121135199
Saccopteryx bilineata,Greater sac-winged bat,Skin,8.17.1,Chiroptera,7.9,0.350684932,1.0,11.0,0.018181818,0.754545455,29,-0.100570746,0.176644765,0.133091513,0.10515878,0.115561614,0.069430331,0.236621404,-0.109642693,-0.004294282,0.130197033,0.240373592,0.014290608,-0.030021243,-0.104929069,-0.10203335,0.215357582,-0.082382702,0.076946656,0.146083147,-0.019038643,-0.16321829,0.223554963,0.057104628,0.259782288,-0.02778583,0.063440198,0.210410641,-0.209871247,-0.167176303,-0.07143957,-0.06166888,-0.042796187,0.238137019,0.204322858,-0.071667959,-0.148536937,-0.129116114,0.156914145,-0.170390628,-0.218434063,-0.198518148,-0.125389074,0.194403436,0.189781521,0.075380397,0.029474399,0.238509359,-0.076749764,0.222848786,-0.077224541,-0.036675813,-0.182626112,0.051833796,0.26363951
Sarcophilus harrisii,Tasmanian devil,Skin,18.1.1,Dasyuromorphia,8202.25,0.071232877,2.0,13.0,0.038461538,0.615384615,41,-0.073029145,0.115823909,-0.066012026,0.059305067,-0.184947918,-0.023838048,0.102530804,-0.28637079,-0.092732944,-0.02859177,0.004537251,-0.107426366,-0.11502496,-0.227719835,-0.174057025,-0.123037789,-0.082662306,0.030586245,0.003594021,-0.185466654,-0.14524125,0.00719418,-0.107881566,-0.227546523,-0.163455912,0.020999962,0.034817844,-0.276411686,-0.282854083,-0.25397026,-0.127607283,-0.08830692,0.073831064,-0.009281672,-0.173712954,-0.268502257,-0.236454805,0.028148869,-0.185424821,-0.248836238,-0.238829801,-0.249807519,-0.070983803,0.040161318,-0.065728293,-0.180337386,-0.14026424,-0.0923198,-0.124455335,-0.096189962,-0.086452925,-0.299500021,-0.294158216,-0.154569673
Sorex cinereus,Cinereus shrew,Liver,12.3.10,Eulipotyphla,4.3,0.052054795,0.421917808,1.9,0.175438596,0.657894737,11,-0.462512967,1.664063363,1.715602593,1.458184841,1.377532759,1.593155972,1.220483926,1.074990512,-1.356835474,1.84419661,1.598727884,-0.229675871,0.483757647,1.140524948,1.882752292,1.59510087,-1.041163319,-0.463296798,-1.170011717,1.094004353,0.926817273,1.282686929,1.457015014,1.013722721,0.68160974,-0.486067496,-0.902424219,1.037128624,1.190022411,1.104128126,-0.286793656,0.689550364,0.922703442,1.299130547,1.274392588,0.802678058,0.897654447,1.123457514,0.971779304,1.273352091,1.269491972,1.416495674,-0.016019396,0.528052928,-1.826623929,1.193405174,0.720003619,1.14654712,1.165524069,-1.382912357,1.148290219,0.777016702,0.917230298,-0.292863489
Sorex cinereus,Cinereus shrew,Tail,12.3.10,Eulipotyphla,4.3,0.052054795,0.421917808,1.9,0.087719298,0.701754386,33,-0.461189771,1.14273107,0.97664361,0.772076127,0.631952114,0.993440051,0.577743166,0.863310765,-0.318908742,1.373785681,1.243799074,0.013765546,0.077519408,0.998751295,1.178747993,0.84699126,-0.367968682,-0.784435918,-1.13954702,0.502513425,0.472273424,0.795790454,0.940680194,0.938224418,0.039587124,-1.190601724,-0.78762435,0.803585057,0.912173636,0.873067285,-0.474782878,0.079630012,0.426291381,0.909777275,0.96585512,0.622774741,0.315555121,0.729896975,0.924900333,0.751395631,0.958807206,1.010216899,0.348666033,1.238013961,-1.177457687,0.822977636,0.73861067,0.575913307,1.2951721,-0.399419012,0.571370776,-0.019480933,0.798158897,-0.302403937
Steno bredanensis,Rough-toothed dolphin,Blood,4.13.10,Artiodactyla,114000.0,1.030136986,10.0,32.0,0.145106092,0.746321013,6,-0.118237148,0.058256819,0.058140588,0.038513629,0.056011378,0.072727181,0.054237476,-0.072769773,-0.112843257,0.075745354,0.06009739,-0.076187429,-0.066350798,-0.078756056,0.052549283,-0.001195001,-0.119685513,-0.041409655,-0.007012152,-0.02004578,-0.04481095,0.062543801,0.044202064,-0.080977341,-0.047357374,-0.050642614,0.030239954,-0.101835546,-0.105665908,-0.03428818,-0.083921633,-0.035474366,0.079988978,-0.002288322,-0.119133108,-0.059041714,-0.082848837,0.064358765,0.04053932,-0.036352447,-0.031045279,0.002873086,0.058856701,-0.001621363,-0.051571652,0.026876452,-0.120440162,0.022507686,-0.125657534,-0.109338787,-0.033281491,-0.06826165,-0.017173737,0.126680257
Steno bredanensis,Rough-toothed dolphin,Skin,4.13.10,Artiodactyla,114000.0,1.030136986,10.0,32.0,0.145448323,0.746663244,6,-0.073644339,0.090826518,0.039933424,0.065501171,0.045442941,-0.016710115,0.0463105,-0.089334088,-0.036908034,-0.073898853,-0.070065082,-0.111898127,-0.049663195,-0.118937685,-0.049727226,-0.114743074,-0.007931073,-0.009266749,0.019398369,-0.086698059,-0.060775364,0.038220461,0.016519232,-0.108980099,-0.038812365,-0.00182617,0.029908904,-0.05126688,-0.07969744,-0.093015382,0.041319529,-0.023900407,0.082763647,0.015841417,-0.107745802,-0.07640132,-0.014548079,-0.044463479,0.028538076,-0.024019599,0.009617937,0.002812577,-0.01294666,-0.126838223,-0.10810276,-0.009407532,-0.077583654,-0.076355645,-0.058940263,0.003546924,-0.077635927,-0.074627805,-0.006049699,0.07113014
Sus scrofa domesticus,Pig,Bladder,4.7.1,Artiodactyla,350000.0,0.315068493,0.458334,23.0,0.003454437,0.172364503,15,-0.111043772,0.476937397,0.496337651,0.427678306,0.270855463,0.390158229,0.297247078,0.108737315,-0.044566254,0.291544377,0.313142582,-0.061109298,0.024184771,0.245543803,0.247700802,0.255902336,0.101880833,-0.363880067,-0.117628569,0.19217278,0.230646466,0.336789424,0.294250137,0.055370742,0.143940847,0.165293702,-0.041836937,0.178887317,0.170326834,0.163922685,0.18689602,0.100187701,-0.090810384,0.247966107,0.179962237,0.01868823,0.263306562,0.41175784,0.250773517,0.235096751,0.187427372,0.325239638,0.025559159,0.113864141,-0.235235692,0.295487779,0.021580085,0.330736579,0.324382732,-0.018102409,0.15643728,-0.032675607,0.209935874,-0.046543437
Sus scrofa domesticus,Pig,Blood,4.7.1,Artiodactyla,350000.0,0.315068493,0.458334,23.0,0.001310304,0.272185825,98,-0.296886389,0.482315139,0.463751742,0.465291662,0.40922448,0.487347244,0.410769718,-0.455132912,-0.301018847,0.461261732,0.367387989,-0.191799606,-0.346498293,-0.418146634,0.439994585,-0.172883657,-0.263872711,-0.113186319,0.027085975,-0.319187419,-0.321594236,0.424864134,0.096709271,-0.473189727,-0.39879128,0.231163933,0.06598403,-0.429928037,-0.433131937,-0.436743246,-0.220202783,-0.386710137,0.467070883,0.441077692,-0.383270352,-0.426947595,-0.453615979,0.419755089,-0.100838703,-0.360542596,-0.344989919,-0.252382386,0.418508802,-0.035141372,-0.362858548,-0.092754433,-0.400053867,-0.212692561,-0.348514972,-0.272130948,-0.46221779,-0.454106421,-0.366596402,0.381799388
Sus scrofa domesticus,Pig,FrontalCortex,4.7.1,Artiodactyla,350000.0,0.315068493,0.458334,23.0,0.003454437,0.172364503,16,-0.326727016,0.556430609,0.505253298,0.577937111,0.440770587,0.585554871,0.315085959,0.21660611,-0.311313129,0.532447252,0.412605354,-0.428609033,-0.022603647,0.356545963,0.568586675,0.290855516,-0.235583959,0.167693916,0.072118626,0.209086492,-0.013363837,0.32961724,0.34858635,0.163313892,-0.093009997,0.208913323,0.052709662,0.228040596,0.035317672,0.41657513,-0.17694118,-0.182351547,0.118883253,0.287362447,0.00574357,0.143847797,-0.111971804,0.560629341,0.406729483,0.295980004,0.268100618,0.335988177,0.040162934,0.11470198,-0.428783112,0.38552788,-0.3550291,0.24070287,0.268575964,-0.251399221,0.091859787,-0.10822238,0.13547952,-0.371862493
Sus scrofa domesticus,Pig,Kidney,4.7.1,Artiodactyla,350000.0,0.315068493,0.458334,23.0,0.003454437,0.172364503,16,0.070743284,0.53142931,0.47005895,0.456143751,0.353344094,0.498874877,0.325556357,0.159539925,-0.061455832,0.444574084,0.471390521,0.163790669,0.058024751,0.406077065,0.495321261,0.389692948,0.096467875,-0.188613511,-0.052840641,0.374601642,0.216112219,0.43750744,0.373750608,0.287784686,0.236312291,0.112485036,0.020734073,0.255583831,0.314679464,0.366670232,0.198141913,0.279395904,-0.029347057,0.362376792,0.408062391,-0.128683389,0.125604128,0.430157061,0.412376383,0.063757805,0.107872152,0.373936465,0.376123737,-0.016000522,-0.211284815,0.337094928,0.312249979,0.314581444,0.457613768,0.200234649,0.562117277,-0.451387786,0.351296211,0.402381588
Sus scrofa domesticus,Pig,Liver,4.7.1,Artiodactyla,350000.0,0.315068493,0.458334,23.0,0.003454437,0.172364503,16,-0.205325092,0.620541965,0.612563348,0.610798919,0.584826285,0.655310337,0.478305612,-0.577392427,-0.426952585,0.604103411,0.560225227,-0.24945939,-0.112555884,0.053935043,0.587574519,0.331841227,-0.148935342,-0.084578687,0.053801401,0.157654843,-0.109546672,0.546853277,0.513521848,-0.565585846,-0.376095527,0.017658752,0.134947151,-0.240778634,-0.479025867,-0.50928928,-0.204836685,-0.436158354,0.359358496,0.450862876,0.093878581,-0.542745796,-0.520333074,0.514107461,-0.002563555,-0.409825366,-0.495245051,0.119224011,0.331400196,-0.2279675,-0.447933203,-0.224677086,-0.525689734,-0.346153583,0.454570508,-0.415821994,-0.497656756,-0.486186293,-0.405416609,0.341995537
Sus scrofa domesticus,Pig,Lung,4.7.1,Artiodactyla,350000.0,0.315068493,0.458334,23.0,0.003454437,0.172364503,15,-0.12779698,0.63301881,0.569358198,0.611873276,0.433503278,0.654360797,0.424807516,-0.332206111,-0.056994373,0.5927174,0.56483665,0.194225111,0.079403757,0.250341868,0.603340103,0.484349536,-0.041569775,-0.072887939,0.084967392,0.23039925,-0.088612447,0.476568948,0.311815065,0.106078063,-0.172585436,0.225676356,0.122140318,-0.355206258,-0.11127911,0.218137836,-0.052096376,-0.1048955,0.307372397,0.52201322,0.223383164,-0.499513845,-0.369883865,0.369635861,-0.088882057,-0.291727159,-0.262004031,0.273969038,0.357917976,0.322610485,0.1608913,0.214383771,0.215501813,0.183942239,0.438835262,0.005222565,0.176621784,-0.530727654,-0.222124956,-0.05037387
Sus scrofa minusculus,Winsconsin miniature pig,Blood,4.7.2,Artiodactyla,100000.0,0.315068493,0.458334,23.0,0.000952948,0.223942823,60,0.116849828,0.729842295,0.675861568,0.677668869,0.579718617,0.739861137,0.67759902,-0.207770798,0.007680671,0.659551325,0.63113913,0.173714944,0.065287637,-0.112873894,0.608412913,0.173394009,0.050361909,-0.055329602,0.126370939,0.044878007,0.040365076,0.624261669,0.306818592,-0.300644304,-0.111738418,0.183732029,0.404687938,-0.192772305,-0.143593167,-0.10947409,0.111942351,-0.029260446,0.764148537,0.662488845,-0.017195962,-0.143097927,-0.193570652,0.614500179,0.191779593,-0.047527893,0.027388867,0.041253413,0.630137761,0.493668697,-0.503797914,0.154473749,-0.104386474,0.073912701,-0.019841195,0.086349918,-0.707618496,-0.327629854,-0.065508695,0.328913648
Tachyglossus aculeatus,Short-beaked echidna,Blood,21.2.1,Monotremata,3500.0,0.091780822,1.501369863,49.5,0.008417508,0.21010101,5,-0.144879497,0.181028395,0.110132329,0.1917054,0.185670728,0.108656774,0.054460329,-0.164198716,-0.176424365,0.114819797,0.117104173,-0.061968883,-0.10160109,-0.148656531,0.168264979,-0.079814826,-0.180573776,0.142611962,0.044620759,-0.015649897,-0.080537422,0.134172457,-0.027459175,-0.177183319,-0.174839938,0.01908985,0.005226253,-0.160395842,-0.173890432,-0.158954915,-0.173859016,-0.180562827,0.045952813,0.102486693,-0.180664136,-0.158522169,-0.186447203,0.166415417,-0.005553363,-0.137701416,-0.130185626,-0.037500199,0.187993683,0.013295577,-0.077256636,-0.097038628,-0.185763639,-0.053074646,-0.185981384,-0.17832019,-0.016798709,-0.165223741,-0.094062044,-0.180677831
Tadarida brasiliensis,Mexican free-tailed bat,Skin,8.8.3,Chiroptera,12.5,0.21369863,1.123287671,12.0,0.016666667,0.516666667,19,-0.135372112,0.306959982,0.097443224,0.268336179,-0.007250585,0.2991726,0.117614346,-0.29970865,-0.173751733,0.254794993,0.171020161,-0.159337655,-0.190468581,-0.203959043,0.005041084,-0.024384872,-0.081339811,-0.01164815,-0.07481686,-0.139923985,-0.242835609,0.277513067,-0.041623351,-0.310312064,-0.148367954,-0.066597464,-0.043563744,-0.263252946,-0.316692073,-0.252192111,-0.06384938,-0.167476382,0.049826351,0.191869071,-0.167639484,-0.32729632,-0.256303393,0.236124089,-0.10609236,-0.250849672,-0.277926507,-0.218444565,-0.316485619,-0.135271664,-0.239099051,-0.026492799,-0.152843386,-0.172440428,0.240278789,-0.073331725,0.034898239,-0.315192488,-0.282396297,-0.119816709
Tragelaphus angasii,Nyala,Blood,4.1.19,Artiodactyla,120000.0,0.61369863,1.238356164,18.5,0.116105146,0.591188449,5,-0.008709332,0.102240192,0.064284871,0.033357401,-0.005290676,0.110103273,0.015346398,-0.080026856,-0.02632466,-0.046613559,0.062382027,-0.069704753,-0.054315872,-0.072364484,-0.132894891,-0.079574115,0.009397926,-0.019395888,-0.096399726,-0.046580227,-0.051902055,0.059084426,-0.025659731,-0.139897223,-0.065915368,-0.093114913,-0.074928079,-0.094593915,-0.090070179,-0.099380997,0.014652993,-0.073977347,0.097745609,-0.033437598,-0.049180797,-0.082644882,-0.066839782,0.023332284,-0.095190421,-0.062890434,-0.074818799,-0.08449573,0.085812254,0.00371959,-0.058621896,-0.057835245,-0.109954203,-0.075350861,-0.164682791,-0.112582443,-0.046825988,-0.076318511,-0.069908962,0.141105048
Tragelaphus eurycerus,Bongo,Blood,4.1.20,Artiodactyla,307500.0,0.789041096,2.356164384,21.9,0.000375048,0.657209205,5,-0.095716667,0.157300618,0.157145732,0.157056965,0.152311966,0.155782249,0.149559104,-0.148143031,-0.116072427,0.157872902,0.159697822,-0.132817172,-0.126488564,-0.147348325,0.14188007,0.080199446,-0.131177478,-0.083303783,0.038496413,-0.137111966,-0.133341648,0.152069116,0.019307134,-0.147306626,-0.138281035,0.071407726,0.033939175,-0.146213754,-0.149923337,-0.149122144,-0.115632143,-0.13548127,0.156656079,0.131784449,-0.144355095,-0.154789047,-0.147746552,0.157610633,-0.124438809,-0.144697586,-0.147411324,-0.147129773,0.064014286,0.146133342,-0.11872244,-0.12739233,-0.138154892,-0.137543767,-0.101458845,-0.130981333,0.074277124,-0.146805044,-0.151651361,-0.07230351
Tragelaphus imberbis,Lesser kudu,Blood,4.1.21,Artiodactyla,82500.0,0.643835616,1.380821918,19.8,0.000553101,0.579096924,7,-0.045882355,0.16312758,0.139746626,0.160831432,0.110893383,0.162469576,-0.01340265,-0.082813203,-0.107988674,0.15897631,0.095817374,-0.110282767,-0.013309556,-0.072618652,0.162290508,-0.012407366,-0.099336688,-0.001540299,-0.126918125,-0.014950627,0.016338808,0.13696124,-0.01697062,-0.127936723,-0.04588166,-0.107314284,-0.127691253,-0.050337418,-0.071201991,-0.108524927,-0.065164095,-0.059022002,0.145183798,0.003970365,-0.100302498,-0.102633265,-0.085261317,0.125680252,-0.076827491,-0.074383611,-0.0767187,-0.077608461,0.129711514,0.059300899,-0.127454471,-0.07205003,-0.134551295,-0.075521999,-0.074529532,-0.141618829,0.159335592,-0.065489582,-0.06811842,-0.012858224
Tragelaphus strepsiceros,Greater kudu,Blood,4.1.23,Artiodactyla,217500.0,0.624657534,1.416438356,23.5,0.01106383,0.595744681,9,-0.145541561,0.158147796,0.156956617,0.157059683,0.143722311,0.158719259,0.13039358,-0.145034091,-0.155621418,0.124488095,0.149613611,-0.13390091,-0.159022246,-0.146826811,-0.002533635,-0.119325665,-0.127931934,0.014446925,0.083499353,-0.124078588,-0.146016232,0.148052928,0.046095679,-0.135719483,-0.122104145,0.090442749,0.089757729,-0.157403273,-0.137471764,-0.140685462,-0.107028415,-0.140829344,0.134716358,0.094666477,-0.14781359,-0.12651766,-0.134295268,0.144009786,-0.03530297,-0.114043476,-0.130025809,-0.139185305,0.150688029,0.100550296,-0.122614536,-0.052439249,-0.134157109,-0.021063976,-0.062673548,-0.150903968,0.024787104,-0.135164566,-0.112690034,0.106036375
Trichechus manatus,West Indian manatee,Blood,14.1.1,Sirenia,467324.83,0.917808219,3.001369863,69.0,0.017391304,0.494955808,9,-0.074615429,0.064072793,0.024878376,0.005787596,-0.062262357,0.06481935,0.026269019,-0.089241191,-0.084502144,0.063125391,0.040099378,-0.078984713,-0.061734441,-0.079361711,-0.062509127,-0.078677599,-0.071816545,0.046133038,0.030375924,-0.08238964,-0.086147202,0.026330489,-0.064608884,-0.082872292,-0.063248013,0.005155545,0.02932527,-0.088214928,-0.084395362,-0.090132912,-0.043936928,-0.073850879,0.056845388,0.028693147,-0.085416398,-0.086490327,-0.086192628,-0.040731093,-0.068550452,-0.082685572,-0.082278879,-0.081437052,0.003018472,-0.060346505,-0.067659673,-0.061496645,-0.087540594,-0.054855036,-0.080641568,-0.08476513,0.01416032,-0.071484969,-0.078547376,0.07932365
Tupaia longipes,Long-footed treeshrew,Skin,17.1.3,Scandentia,164.1,0.128757991,0.310787671,12.0,0.066666667,0.25,10,0.182789114,1.084318804,0.942203758,1.187548565,1.220328002,1.187260224,0.779821923,0.245621445,0.737514418,1.148570976,0.882241774,0.754274665,0.040744177,0.577457432,0.886464938,0.698559809,0.259039454,-0.098691929,0.120975308,0.448657617,-0.742829364,1.166229762,0.696060785,0.559334588,-0.197998037,0.018874736,0.495623555,-0.067687798,0.344726466,0.44799723,0.278923639,-0.260232143,0.979057453,0.939422157,0.387168545,-0.598156154,-0.827296146,1.260426152,0.344411603,-0.14559516,-0.197811496,0.215172292,-0.057772897,-0.297810094,-0.030202323,0.471488432,0.458385991,0.135771968,0.930883262,0.525550039,0.191393785,-1.187452233,0.03528972,-0.203505487
Tupaia tana,Large treeshrew,Skin,17.1.4,Scandentia,197.8,0.128757991,0.310787671,11.6,0.086206897,0.25862069,27,-0.004526224,0.859448908,0.665846821,0.777147687,0.368796085,0.846659659,0.6025521,-0.34422968,0.026244884,0.792237925,0.446688955,0.262467022,-0.022715584,-0.108830975,0.369554436,0.006532423,-0.020844639,-0.26336439,-0.402690411,0.030236814,-0.380031267,0.820639437,0.078246482,-0.2353669,-0.095289846,0.044314684,-0.152661286,-0.286917513,-0.38168673,-0.12668933,-0.035469257,-0.059653643,0.610501599,0.227492893,-0.093039713,-0.408977192,-0.252254753,0.354705382,-0.342046393,-0.398721969,-0.276887379,-0.173959409,0.328588392,-0.116966901,-0.051416396,0.063327325,-0.027311925,-0.209392034,0.365715877,-0.054561038,0.069011819,-0.659390208,-0.573933606,0.37184956
Tursiops aduncus,Indo-Pacific bottlenose dolphin,Skin,4.13.9,Artiodactyla,130000.0,1.0,6.75,49.0,0.06122449,0.755102041,44,-0.010423545,0.021673249,-0.030748277,0.03650054,0.002159881,-0.018994294,-0.025799492,-0.027798208,0.012669637,0.010461587,-0.02320807,0.008420804,0.012219765,-0.001403153,0.001763568,0.002084293,-0.033065808,-0.018906042,0.005864339,-0.00540849,-0.014495321,-0.030526464,-0.033599244,-0.045990774,-0.029457046,-0.009716183,0.005583074,-0.030985471,-0.051378635,-0.042821164,-0.049328617,-0.003107819,-0.013136284,-0.019060256,-0.034979004,-0.038309563,-0.006229858,0.000934194,0.004573582,-0.052519892,-0.019109951,-0.045147033,0.030417295,-0.012324914,0.028329477,-0.019829572,-0.0395359,-0.00238345,-0.021754742,-0.030532149,0.030700034,-0.032543605,-0.010092592,0.013701454
Tursiops truncatus,Bottlenose dolphin,Blood,4.13.6,Artiodactyla,200000.0,1.030136986,8.931506849,67.0,0.00854046,0.863731343,143,-0.022595363,0.049405512,0.020906264,0.031063958,0.010784131,0.040662123,0.002242533,-0.036901127,-0.020634756,0.046735488,0.022078734,-0.026711906,-0.02862193,-0.038929878,0.032127173,-0.048057983,-0.009316964,0.001527743,-0.01416744,-0.032546309,-0.029297347,0.035898559,-0.030973521,-0.050088968,-0.022195106,-0.009134836,-0.017560837,-0.036977715,-0.038898933,-0.039430956,-0.008590691,-0.02794091,0.009768656,-0.006917718,-0.027409639,-0.037595319,-0.025084269,0.017028002,-0.029282082,-0.038029617,-0.035358783,-0.042738629,0.024889844,-0.005488274,-0.040269296,-0.032378786,-0.042690995,-0.035498772,-0.044511719,-0.016999937,-0.052146892,-0.030761158,-0.042479334,0.008887129
Tursiops truncatus,Bottlenose dolphin,Skin,4.13.6,Artiodactyla,200000.0,1.030136986,8.931506849,67.0,0.011641791,0.863731343,115,-0.002063765,0.032435932,0.01722639,0.0299934,0.012620109,0.004686441,0.011640348,-0.005622668,0.008341566,0.01286338,-0.005311198,-0.004342185,0.003327955,-0.002928281,0.002341139,-0.007114526,-0.002305885,-0.024304799,-0.011566334,-0.004434414,-0.004347325,-0.000397526,-0.006360046,-0.024227087,-0.004890782,-0.016046749,-0.010157706,-0.001041897,-0.007635984,-0.014954527,-4.21e-05,0.002453459,-0.002704896,-0.002811233,-0.01238584,-0.005239816,-0.001886307,0.000227925,0.007538896,-0.012434709,0.00065398,-0.00319034,-0.001391068,-0.008876235,0.009136872,0.002901549,-0.034483481,-0.004212053,-0.009356442,-0.000957743,0.015247875,-0.01474095,0.002281729,0.015792769
Varecia rubra,Red ruffed lemur,Blood,1.3.14,Primates,3601.3,0.268493151,1.724657534,37.5,0.010133333,0.929333333,3,-0.05457801,0.021957937,0.00705293,0.026496686,0.031050037,0.030046511,-0.005010763,-0.027716827,-0.051049335,0.034566807,0.025788492,-0.052175393,-0.015534944,-0.028741921,0.05372012,-0.057282829,-0.056506461,0.040122022,-0.00495099,-0.00992124,-0.015075107,0.047109122,-0.003253209,-0.046849039,-0.037381574,-0.038933216,-0.00716085,-0.023631978,-0.030890396,-0.043977038,-0.057214843,-0.010564423,0.013198809,0.010343597,-0.049411328,-0.03753419,-0.028364903,0.050344839,-0.052935985,-0.024701966,-0.035104746,-0.017968732,-0.036611529,-0.023612323,-0.040795867,-0.054402359,-0.057293578,0.010971066,-0.056126431,-0.055126693,-0.004932691,-0.031464003,-0.026285316,0.057309534
Varecia rubra,Red ruffed lemur,Blood&Skin,1.3.14,Primates,3601.3,0.268493151,1.724657534,37.5,0.010133333,0.929333333,4,-0.006806459,0.027290101,0.019709884,0.01846967,0.02737432,0.028423674,0.005841856,-0.004387619,-0.029377176,0.041364322,0.038140403,0.0140674,-0.023116377,0.015111127,0.055730463,0.025640234,-0.060526671,0.006514423,-0.012865384,0.021559361,-0.032727446,0.052651026,0.0248825,0.014991845,-0.045250085,-0.044322629,0.001167768,-0.031734564,-0.000697666,0.010115457,-0.058223327,-0.027906515,0.027977459,0.02341179,-0.01287299,-0.040578208,-0.039659329,0.034906252,0.003226791,-0.004625464,-0.009282577,-0.023801582,-0.042729643,-0.001562915,0.014496558,0.026993461,0.016535088,0.030919782,0.02246167,-0.055154167,0.028873232,-0.041854629,-0.004574307,0.054969001
Varecia variegata,Black and white ruffed lemur,Blood,1.3.13,Primates,3482.3,0.268493151,1.717808219,39.4,0.021827411,0.999746193,3,-0.042911812,0.059565094,0.059309758,0.058754886,0.054848365,0.058887185,0.058008115,-0.05777022,-0.012234747,0.057844014,0.059706884,-0.058006817,-0.05963496,-0.056910193,0.049664032,-0.053874438,-0.006265732,0.043194458,-0.018008052,-0.05978752,-0.057377695,0.05862634,0.008393382,-0.056957091,-0.058282874,0.058882414,0.056686987,-0.056545798,-0.058112598,-0.054738652,-0.011819734,-0.057485614,0.058446411,0.057616128,-0.05628069,-0.058298525,-0.060118374,0.057074584,-0.044627716,-0.057377564,-0.059099744,-0.050348149,0.02801903,0.042261701,-0.050187925,-0.03687826,-0.05431257,-0.0591357,-0.060036573,-0.01886346,-0.049197736,-0.058267189,-0.052233146,0.02593387
Varecia variegata,Black and white ruffed lemur,Blood&Skin,1.3.13,Primates,3482.3,0.268493151,1.717808219,39.4,0.021827411,0.999746193,4,-0.009249391,0.063002848,0.062690919,0.059593509,0.059162979,0.060603542,0.061945284,-0.027467845,-0.00089388,0.061714022,0.055725037,0.006663557,-0.039405162,-0.012835258,0.051324773,0.018785102,-0.004886952,0.026025373,-0.027468052,-0.020632111,-0.061048754,0.061821981,0.026271977,0.003198903,-0.061825565,0.06225108,0.060811169,-0.048798199,-0.021923597,-0.003139222,-0.016956413,-0.060266922,0.061673189,0.061169202,-0.016038295,-0.050008749,-0.063691192,0.057356021,-0.015725682,-0.043832661,-0.033683653,-0.034900729,0.034672054,0.042575301,0.013592603,0.013674523,0.00985719,-0.011196368,0.00296571,-0.023253105,0.013995458,-0.061407691,-0.041262289,0.030181104
Vicugna pacos,Alpaca,Blood,4.2.1,Artiodactyla,62000.0,0.945205479,1.276712329,25.8,0.064599483,0.581395349,5,0.010221603,0.147652498,0.115758517,0.147031478,0.174925086,0.13566183,-0.008419544,0.033328578,-0.020408985,0.010059988,-0.003250783,-0.045952388,-0.035007584,0.036564139,0.130070004,0.162690708,0.012533062,0.042871887,-0.171826089,-0.068934006,0.085647778,0.119311453,0.144852333,-0.01950649,0.039741956,0.124317038,-0.151365519,0.065251187,0.002352033,-0.031995448,-0.029704453,-0.02981856,-0.06434951,-0.091190897,0.00591977,0.052451344,-0.003702417,0.074867208,0.05709929,-0.009284424,-0.075220096,0.065845164,-0.08210382,0.00038747,-0.184474511,-0.122616371,-0.050684289,-0.076320057,0.199881133,0.040589336,-0.138858567,0.028741036,-0.169701517,-0.002719461
Zalophus californianus,California sea lion,Blood,5.8.3,Carnivora,180000.0,0.709589041,4.001369863,35.7,0.000230071,0.850574316,69,-0.025050403,0.102256552,0.09887455,0.095392211,0.089970285,0.101617151,0.073105355,-0.019213484,-0.03230106,0.064303296,0.032887511,-0.033322034,-0.046530194,-0.030317905,0.024801665,-0.050642992,-0.014062196,-0.028956884,-0.014686453,-0.030194442,-0.035647898,0.089992435,0.026854671,-0.0910673,-0.009559279,0.058154962,0.002332454,-0.038020852,-0.024115687,-0.056541458,-0.002111261,-0.024177311,0.043742406,0.009323588,-0.026882754,-0.032308268,-0.021118431,0.099824733,0.032519953,-0.00196034,-0.027414366,0.011659703,0.096963094,-0.053419025,-0.026405874,0.054973196,-0.072169243,-0.026030297,-0.05885858,-0.029161486,-0.064882749,-0.01162684,-0.030041334,-0.030446642
Zalophus californianus,California sea lion,Skin,5.8.3,Carnivora,180000.0,0.709589041,4.001369863,35.7,0.041456583,0.903183998,17,0.039095161,0.065939138,0.065147854,0.074311788,0.060521047,0.057753706,0.067179078,0.025143139,0.034236241,0.015595003,0.023612895,0.056827424,0.025079701,0.031271603,-0.004497286,0.020126641,0.022567974,-0.044017802,0.025734012,0.044251339,0.004479139,0.047783618,0.05255511,0.00889779,0.027682016,0.016943959,0.056267613,0.017003937,0.018660246,0.02734155,0.025802077,0.017315502,0.05132265,0.078315884,0.026370411,0.020517293,0.021503988,0.061390347,0.029551521,0.047723441,0.041932198,0.023778647,0.023404801,-0.009996283,0.025831935,0.05020883,0.051843576,0.051423973,0.030414832,0.02204016,-0.001746145,0.017719946,0.028673787,0.043932673
