SpeciesLatinName,SpeciesCommonName,Order,n_samples,adult_mass_g,max_lifespan_y,TxEx2-,BivProm2+,BivProm2-,ReprPC1+,ReprPC1-,BivProm1+,BivProm1-,EnhWk4-,TxEx1-,PromF5+,PromF5-,TxEnh4-,TxEx3-,EnhA17-,BivProm4+,BivProm4-,Tx7-,PromF4+,PromF4-,TxEnh5-,TxWk2-,BivProm3+,BivProm3-,EnhA2-,TxWk1-,TSS1+,TSS1-,EnhWk8-,EnhA6-,EnhWk3-,Tx6-,Tx5-,TSS2+,TSS2-,Tx8-,ReprPC4-,Quies3-,ReprPC2+,ReprPC2-,ReprPC6-,ReprPC3-,EnhA18-,PromF3+,PromF3-,TxEx4-,ReprPC5-,TxEnh8-,ReprPC7-,EnhA19-,Tx4-,PromF2+,Quies1-,Acet2-,PromF1+
Acinonyx jubatus,Cheetah,Carnivora,14,53500.0,20.5,1.294384776443741,2.205977293554268,2.1645082197381336,2.2138170411292304,2.1879698080364456,2.0068371519310624,1.5214621863472504,0.5303691132762135,1.5286277723792085,0.7368262796263583,0.40929914827058866,0.9132671536977309,1.0446759083994515,0.7112791064131364,0.540752564992274,1.4040372036816595,0.6277796071683637,0.6278440216287231,0.3918268105229732,0.6482232933739672,1.0721562322458886,1.4836007504135293,0.2294984079821762,1.326115359528514,0.3835393077795096,0.5981821880875361,0.9154861571881087,0.8876021030176382,0.8028435848150525,1.2699670565334455,0.018547840206540437,1.075700033108236,0.3857906081028712,0.48548765604390576,1.015353669486218,0.2495910901360902,0.2855363004107243,1.5867778020203143,0.1634336431748523,0.6292644052810499,0.5372198051865786,0.586810457264515,0.23489159081167046,1.8733116902737696,1.218504104082219,1.0874336895691932,1.6844420908774538,0.6803736257729922,1.7928273652141105,1.8503483234344633,1.9515521221752155,0.722697390870878,0.7344019363763341,0.470947151917622
Acomys cahirinus,Spiny mouse,Rodentia,107,45.2,5.9,1.1719686711387163,2.2956999927336788,1.7513781144620753,1.6069182850053705,0.6038589795846699,2.4500390266329397,2.1653391172887484,0.7791810325116056,1.2212365917544814,1.1033107025794402,1.3289918711755744,0.4357053217311643,0.8304734263378397,0.17828375039133548,0.79061577056312,0.4956368332751864,0.884344377759976,0.38776131924797524,0.9398936239576157,0.48485449056578944,0.6552722660531328,1.6997475062022218,0.462688981958387,0.9035395273445378,0.6538716891274271,0.8894589202586896,0.9952211622207274,0.9065466629851567,0.543899006679961,0.5005717343576284,0.7582419458784141,0.8344899049985046,1.958717276358312,2.2225153413246717,0.4862705665612642,0.8797492297472311,0.8103938838057473,1.3588304166713414,0.5730920629918771,0.9527637199453663,1.043458882541729,0.5621686855586604,0.5145621479027603,1.2005284503450009,2.1595522235959175,0.48408740629378477,0.4683390448601006,0.8707243262178495,1.099973727825946,1.2777104049776244,0.9661132994798625,1.3512590541662546,0.2776644217776158,0.7724848202889999
Antrozous pallidus,Pallid bat,Chiroptera,23,20.8,14.8,0.3676343063040797,2.367057296059734,2.1856144382778666,1.5619289771525333,1.0810214137885175,1.9543304384441749,2.3534434541133935,1.2436463002301599,0.0025278422268979243,2.3109305878664306,1.3981628699657846,0.6942634232913893,0.39960496543721724,0.30912367547720687,0.6707061250898407,0.927651423506261,0.634154322736741,0.048566307294287625,0.6965622849102644,0.33441897331659964,1.4940821344332142,1.6210316144240084,0.09530197131539453,0.559346135219899,0.2176982305416653,1.3792271039462907,0.8144235701128034,1.5227963172146648,1.3782667565629725,0.39978670123125726,0.531213735669277,1.0749761125512116,2.283218008707767,1.751760664998059,0.28349728117505796,1.846119193571299,0.9285844492296418,1.323112174251889,1.0367873798679987,0.8231226432211699,0.5744526681247732,1.1705067834573784,0.6547915997576211,0.5720461381379024,0.4859100338098153,0.4767423547457536,0.9872046622488897,0.9593204978330848,1.6243937387265617,0.051942894294998855,0.35720781046576844,1.8278671086067408,1.3386999831143624,0.013212122941423002
Aonyx cinereus,Asian small-clawed otter,Carnivora,12,3000.0,23.0,1.5543994550081581,2.549661149739788,1.4656783886823508,2.4715491405090764,2.080145843210716,2.372884521949506,1.476880854478172,0.06047185990110534,1.5945212136114197,1.377063175836752,0.8354806093675738,1.5428714140998003,1.0430226199235042,0.19845315728938565,1.4083705059321392,0.0012304794200693457,1.6863434435922935,1.2880617515026214,0.7793490890587372,0.727675592435094,0.03381979815529938,1.324431220150136,0.5312415104330264,0.9612819859284119,1.1293949806647137,0.9583486160090096,0.3688031306914077,0.05065810946570879,0.4390011418601428,0.103867827299528,1.7589878197209712,0.7535879836988991,0.5429321534836015,0.4587558726569727,1.03218958265399,0.08270700007020414,0.8434947190552559,2.042690207086316,0.7091093537472778,0.2101566238150182,0.5635340829502048,0.47155610516592766,1.1551301041329243,0.3734547505709396,0.785576501095731,0.10363060497316119,0.9957150021824729,1.041598221329781,0.9137540484452081,1.7344636294431248,1.6421600167353259,0.8580161083381826,0.8952843087996388,1.6165526136432247
Apodemus sylvaticus,Long-tailed field mouse,Rodentia,90,23.4,6.3,0.6127213462240969,2.000055720797211,2.5312511726088562,1.5421618721649566,1.3560317239485948,2.50171189818402,1.6137108321882239,0.4794216098659103,0.8457322892785852,2.626194052544719,1.3829885368118116,0.7279358614322369,0.39408843425193335,1.070233577241915,2.187170511152733,0.601329934185012,0.7836984856533667,1.0469644350525036,0.10840213351122203,0.5941521134115111,0.5897137396710189,1.926057462864126,1.5384511696744037,0.3536594178858681,0.4785075605169525,0.21582742192137144,0.19539452064603602,0.595385827859288,0.8212825458585148,0.8059822454915727,0.6972789566377076,0.39905574646957415,2.5530425645538077,0.6698177474539725,0.4697189753329411,0.31921895570489245,0.5951170209587682,1.1356376660165923,1.322375114998579,0.9482628852436663,0.7571871682998428,0.781960555657771,1.1062536324334553,0.24365327920524266,0.9590933427715629,1.174947965266704,0.5569812912504416,0.9253853880515788,1.2745169363353992,0.6431099474060084,1.9718909112076681,0.93578701050809,0.7482479269193423,0.2852405584178215
Balaena mysticetus,Bowhead whale,Artiodactyla,79,100000000.0,211.0,0.235307334811837,1.3949449647000884,0.04869680158831278,0.379666140545595,0.394258506919238,1.8671186910111894,0.6603373277676056,0.5997611168093265,0.8020002061650203,1.3130882194469131,0.15792153222092592,2.110112207105707,0.9983945639804758,0.5856540023850891,1.8352301710810985,0.22258804470568386,1.5536990792283438,2.7809304529907104,1.6376948255542947,1.0381788610988907,0.577148712817585,1.9987920788342601,1.4535895248208182,1.0165508093068691,1.1334869850143605,2.7061848102541055,0.876157857530614,0.7020042452527854,0.2622458357239067,1.079467383118703,1.6754759846601999,0.6505145782217691,0.2615597834113262,0.14806715615004137,1.1488228554354347,1.3270632135949145,1.0750258213110693,1.5457707398189648,0.08243725105612788,0.8560394576768321,1.2190928770297391,0.35495272473897593,0.5289126479432855,0.8246848458885284,1.8313215817192452,0.41929267931717273,0.2942017257665261,1.6768892599096834,1.3148117714924303,1.4150925582692992,0.826773132237706,0.7944569992322614,0.3613970502807166,0.9461320120473979
Bos taurus,Cattle,Artiodactyla,452,750000.0,38.0,0.7860208363194637,1.3297573287540736,0.7378485621839859,0.9080852803740103,0.426554126612341,1.4593602126507683,1.1545080358225577,1.0356904179730386,0.9578340669592744,0.5270242385819004,1.106308085753581,1.108374125211363,1.122275275211878,1.0267765338888368,0.13021664705428893,0.8984062769865718,0.8407695412826661,1.0203822936490123,0.8723471107080554,1.263141091328992,1.213423741490828,1.3475191648991145,1.066266415134334,1.5313672960745335,1.1182029912773606,0.6319533434865197,1.0018916388960033,1.0439067972706735,1.189960030262888,1.4396296951680763,0.8662361489345525,1.1503740624871992,0.564733386899576,0.5250287663933909,1.0295969403689293,1.3578984960740497,1.1783109976348993,0.9482751781186982,1.0534951121415592,0.952343497378035,1.1007445944925955,1.1003560434875246,0.8184527108118335,0.4184209834031753,1.0772554644578893,0.8299178946221639,1.2811490871529843,1.041240693365396,1.4147555308936226,0.9989571581592405,0.394148857769,1.1198286955238184,1.3044553770295635,1.1782231211333158
Callithrix jacchus,Common marmoset,Primates,95,255.2,22.8,0.6626742463121454,2.8770254367262424,2.544113686540486,2.6405473617696127,2.3188942356138935,2.502889756382726,1.4881867353529048,0.6513858763504059,0.556480687740997,2.2453804049976953,2.1750102228688113,0.5639207669684214,0.2862014064205563,0.0044934993576223395,1.3386759221802824,0.3793306915637463,0.07965975069566382,0.0449765184892006,0.6051256527411276,0.618629170059232,0.47374143959819276,2.7165098372980716,1.4046798004774093,0.7279340249589872,0.43288744807610036,0.7682785500610286,0.4674036633552279,0.5983137907017213,0.5070056467192171,0.7838222335278681,0.11021326333087764,0.5324956970783633,1.6726225483266568,1.4148684882416236,0.35696247892065275,0.6123321033733092,0.6667187175084014,2.624693377129782,0.523930397540734,0.6096348913802816,0.5660162462813921,0.4537530616504139,1.1276247366176875,0.5410805069187239,2.1396448289432715,0.7869934002779904,1.0538084817492277,0.07116860486834055,0.3413430110316372,0.2808660520600089,1.3993407915750817,0.7861787723393246,0.5165418604563459,1.3469892184942756
Canis lupus familiaris,Dog,Carnivora,742,26625.0,24.0,1.0807711737940977,2.1735383365830794,1.627799466825864,2.0524196568165918,1.7879142644357386,1.8876274331418963,1.200035492360027,1.188389789136334,1.115473184433992,1.2526509461661413,0.9244623328077082,1.2654102775840759,1.2269753103605534,1.1669912691456512,0.31903444268632564,0.05659210237232675,0.6893873412919287,0.11716823340893917,0.061510165402389336,1.4309359800291523,1.2716979151863699,1.9360203609748234,0.6488545382835013,1.4000091355570607,1.0990126480171638,0.4098074864485286,0.17138011112744456,1.3341608226450012,1.106408879328192,1.2845650761302634,0.446822969041221,1.1150298293329883,0.5525794426143872,0.6910137089510763,1.144361954752554,1.2274341007364422,1.1799444511396466,1.963572910187641,0.657517537684297,0.8539439281608517,0.708026471218006,0.359923275356228,0.5554194759832114,0.0004954391419803648,1.6019147740095803,0.3815107716256393,1.3891293263252096,0.7879163646807029,0.4451976654892375,0.667783631690781,0.5427329958589718,1.2459545998767447,1.2141011240209745,0.9806690796404794
Capra hircus,Domestic goat,Artiodactyla,78,61000.0,20.8,1.0660227132018691,2.2502146906121983,1.398475581880823,1.7002297724769733,1.8673942863789592,2.5079781968250616,1.7168353980852247,0.8592698877720583,2.1614716405282643,1.5446928332186352,0.9196629830812321,1.807839495205439,0.7520059514600369,0.5018206294281682,1.0284055647281334,0.2813402203686042,0.8754310592061381,0.9303630978433132,0.43871154490854497,1.2419131733879183,0.22988434954727416,2.273731172354367,0.9355916911712127,1.1181623412046873,0.011529270945005088,0.5116689001550423,1.0402667026390704,1.2272481143788172,0.874866953528308,0.22978902803474602,0.8728395704565096,1.1713731936975984,0.9930761325550731,1.1303020462824573,0.3570717832952537,0.5107277532011015,0.3669440819216779,1.2272099733803052,0.28411538079912535,0.6440955314199878,0.4007708640981219,0.23323356143996504,1.1740948761724481,0.7416427385235611,1.7263880063601886,0.8919507049030397,1.529070267834623,0.8129578464795383,0.41229908159556455,1.1821343464507996,1.210894998602104,0.41749844949954334,0.34227661576624885,1.0642149507090328
Capreolus capreolus,Roe deer,Artiodactyla,188,21666.7,17.5,1.184079902931202,1.7849043015742077,1.773727115370013,1.7109637857469804,1.3906935881842968,1.863012111644866,1.7774835355942897,0.42712449909797373,1.5403691237333939,1.8673957477010599,1.5970435036328035,1.5392108597904057,1.4369302934781456,0.402871529336708,1.6080362722306623,0.2511441760479469,1.0376426830225696,1.376877992751403,0.94280366503253,0.9370916501036544,0.705483199803616,1.8661013554649728,0.9107873525286648,1.1098879365661736,0.6835726370808141,1.9296647025402562,0.5115850761090313,0.6997256454683939,0.5464049819037623,0.8043288005246328,0.7984032806122288,0.5512889034632004,1.7586748678436959,1.3880410027114563,0.8264512404125165,0.40937011246057237,0.6169153523788352,1.6790957943705003,0.5863870634858813,0.4644864883599324,0.3801607832189981,0.005746214920315476,1.658185802654187,0.05280063821651309,1.1909864521267044,0.13567660508815474,1.7184740027211445,0.4008514777628453,0.35677754263005734,1.2355475158806322,0.36686970091729515,0.33896511557280273,0.4982382528785815,0.3646577643175241
Carollia perspicillata,Seba's short-tailed bat,Chiroptera,32,15.0,17.0,0.47245268465975515,1.9730848384030089,1.5625380587209798,1.9408642228018411,1.6619032054389309,1.873595920699908,1.7414108457932211,1.613164571370247,0.19663810316432648,1.7310604267872078,1.4707987486267822,0.5445146088673709,0.9091744175064462,1.2120850607854468,0.38411503797588237,0.2561491462050008,0.3893865900972054,0.3948848282233766,0.02708363350477352,0.8731966914273329,1.4288101115235339,1.3437683215442802,0.6334386962975583,0.6277629990690405,0.9489737326904345,0.020441899898642917,0.6289246891397183,1.1358091908910182,1.1377810819066627,0.9674976600019051,0.3003903725877331,1.0815919292747198,1.3274030847525053,1.29437678060135,0.8563272179542945,1.5482797777125172,1.6544883851232839,1.2636062900875278,0.802965946576435,1.5464669294272733,1.3359519407257456,0.9922489141655068,0.2392221034432805,0.3067229005122178,0.6441403229377245,0.6024783184025909,0.9538070365757807,1.517503580597105,0.6558496211159801,0.384078896165815,0.1725998244674878,1.6319324324420428,1.637851329846825,1.1484060404824232
Ceratotherium simum simum,White rhino,Perissodactyla,23,2175000.0,45.0,1.133158677272953,1.1664728982700443,1.0049583394741133,1.0003815374613696,0.7176680135978483,1.2711495342149586,1.0375343884223638,1.2969903622458725,1.2353788600970386,1.2093390418998993,1.0553245434022391,1.0157622313316212,0.9939824207729467,1.275249270059958,0.8320808051024795,1.1952876412416356,1.1070030563271454,0.03585933031182536,0.1065959932112189,1.2455013677920714,1.2260230945788344,1.2151899842332559,0.946721466986581,1.293875569935071,1.2446262367231706,1.084371808032154,0.03938624002383493,1.209394617634807,1.2800371132795927,1.219765052587518,1.0603539994161388,0.5459235589445051,1.2002369965957636,0.8793090871785955,1.216905460443147,1.1971326767097745,1.2723316637829776,0.5758689573314694,1.0222259585117548,1.2281545783504293,1.224858118363436,1.1756945941989911,0.8879518398381208,0.3060445500146348,1.2175287177147367,1.0108713270484193,1.2813488302954283,0.9982562835844816,1.112258494019405,1.2051549628650222,0.1857494693761312,1.224787940431885,1.2499359534301726,0.026046485030162575
Cervus canadensis,Wapity elk,Artiodactyla,42,280093.29,25.0,1.2000544099149217,1.9738112924070261,1.5099743943294808,1.569627302846823,1.6671603845605751,2.1358469708596965,1.7972822282330352,0.4368790500007066,0.433044670944233,1.555929365193863,1.95568070423999,1.087916520872568,0.7619208441188177,0.69920087839956,1.4312439605402836,1.1647087437517134,0.8310047384754758,1.3593486554922973,0.652526911282222,1.0333326391657205,0.42442233605388435,2.062021318007193,1.4224878254149074,0.8931313137248454,0.5496586806027371,1.5958678878673882,1.283795859402142,0.46335526056136334,0.3059980279492743,1.3305818216109575,0.6631706632674493,0.1387344293314731,0.8860709841118206,1.1854085411178694,0.68554549327396,0.6220652149514312,0.9263385975053302,1.4490620125644669,0.9510147048944808,0.4469923673366991,0.366369741558174,0.6675409441891619,0.17190541793438305,0.22838411691376764,0.6530184127265793,1.3565590499445193,0.32039515753428083,1.3978104181282454,2.272025725219081,0.49607995101867225,1.2996494604282722,0.8500103998054962,0.12239007876248705,0.25564312065818784
Cervus elaphus,Red deer,Artiodactyla,53,200000.0,31.5,0.5868915059820177,1.981172746804516,1.2376506808183276,2.0561417087791387,2.2501088527704796,2.0639628642408185,1.5983014881962925,0.6313901015143711,0.3166570661778303,1.095588363449214,1.67427171149203,1.2219912697324018,0.0973743187010442,1.5311164106347648,1.8659001171615228,1.0415797145568446,0.23090932836791664,0.9182628625117771,0.19432784555127078,1.564816812857512,0.3630773295784082,2.35563806548647,1.3319436940580391,0.48942400395184804,0.04288893143132961,0.28850729909992,0.9848112386932604,0.41180358072246087,0.9326129125518433,1.455767432363855,0.2255801506021117,0.6631370784241273,1.277927636617268,0.9647671199017838,0.28590525480360074,0.8537887200681451,0.3668553353880427,1.7657271593712889,1.8843975730517113,1.082331308312628,1.264805887373139,1.0843331003738124,0.46953247386065566,0.6292340312842378,0.44034980217015296,1.7984295308109766,0.38208755062368543,1.0577088207622363,2.4730503044554433,0.163696876847888,1.2016260377413293,0.1687256944818848,0.3627121303789248,0.31840016405738514
Cheirogaleidae,Cheirogaleidae,Primates,6,248.9333333,22.73333333,1.2568391894261808,1.1032717858880765,0.6044076559273363,0.9183140643486745,0.36115332065051703,1.238293256988032,1.0161445080843454,1.2926478952621376,1.17204821301206,0.7284618387875192,0.9284979896662472,1.2586393676989893,1.261031085162382,1.2639512989980557,0.2676030355585149,0.9646466705972934,0.7469760054645075,1.0499942364601156,0.6771510120379672,1.2171742830866528,1.2817368672212694,0.9303877932940882,0.7677606761992471,1.2225504123226103,1.2667168750351092,0.7778299337831753,0.23673121771095085,1.2909442434374623,1.2688294388398167,1.2737552051095002,0.6157571699459236,1.2685797851327552,1.0286165159950997,1.0188147424102787,1.2709310882547924,1.2870152260352303,1.2808745119587288,0.9762945458233888,1.2246664266738683,1.2844353130973245,1.215305123501263,1.2917206016020726,0.07231113442986802,0.2631539926536449,1.259534777124192,1.2703758908720815,1.1852562536013453,1.0687783158470874,1.1576134216734646,0.7686842971745717,0.654881599260127,1.2904450248786148,1.2872963345099868,0.3141685314854616
Cheirogaleus medius,Fat-tailed dwarf lemur,Primates,3,380.0,30.0,1.2858272307472831,1.13613749583082,0.9457220394975748,1.2832785189324725,1.0450705463931813,1.0378724094540333,0.807169357802659,1.3135124380570966,1.2620748945017115,0.6884219415500205,0.12111775064104187,1.0986833029609913,1.3020303507474353,1.2601788487939571,0.26534128187492334,0.9274336454141233,0.7229095197182055,1.1048689093496347,0.8504899564952121,1.2690149354181817,1.094340379095365,0.4108422677341501,1.0276109560681204,1.1310614044278609,0.8444954703309614,1.3146030128089148,0.780209620162453,1.285048136948269,1.2732670070483423,1.1488684208338318,0.3536041416487056,0.9265587849217171,0.741877174519526,0.24911095839306482,1.1829548835555335,1.3015339035153406,1.0074203188410342,1.2626182247926057,1.3090587866704089,1.2813246957260027,1.306115483025831,1.3130893380222797,0.5728811656033992,0.5533580683294818,0.9674059760817529,1.102820384973836,1.0961373745559797,1.2147312466165106,1.0822189556021375,0.9058964467152792,0.8275824721051528,1.1828707506452851,1.3147214599430899,0.9066069555572179
Chlorocebus aethiops sabaeus,Vervet,Primates,240,5620.0,30.8,1.0421797019856769,1.4205826442640366,1.2792234571551069,1.3883303208448927,1.2337086473183454,1.4460852311332912,1.304138804392672,1.163361607378986,1.0604176395691842,1.2127727765609981,1.1296283940834968,0.8400765637839418,1.0305371678151551,0.8838629591723868,1.1407757695493823,0.4923231122343187,0.7068964132622213,0.4172917467153165,0.35993734542604205,0.9584672583150657,1.0403727968909255,1.2733823419443806,0.46006883618114264,1.1293578520640006,1.1475125812967015,0.8146035515665005,0.6202688176557418,1.1647999946422805,1.0200402931287105,1.155630909718014,0.9704545892911864,1.0265099795082038,1.3416048600348753,1.302040690649878,0.9675812816017199,1.1541443830782574,1.220007948707276,1.3592651131371127,0.8692344807349671,1.0582505020667954,1.010372637363333,0.9172724524584541,0.6459162747610279,0.8185618243903853,1.1292731325790728,0.8212275483377575,0.899315360687478,0.9502522202567371,0.8402359096364507,0.7999529159717509,0.8471030835533081,1.2312670560145298,1.0479220734429144,0.4355981456876158
Chrysocyon brachyurus,Maned wolf,Carnivora,5,21500.0,16.8,0.5493122959922259,1.507381290662836,1.6013088186419302,1.629581722333852,1.6230858368385062,1.53108045846085,1.674083909326883,1.407846989097094,0.26688243015927904,1.5001054364620516,1.1208975562522832,0.9080148411286256,0.47557917258834365,0.9467467999489294,1.1039799198535112,0.6374741744104915,0.9565689261728278,0.04212206467937353,0.49894996903232103,1.4547877732875443,0.882808015117571,0.9558585164332714,0.8082338707191429,1.0619444151021988,1.1842098828883714,1.5092246683134207,0.2520566803735517,1.112359560284616,1.0775770910228255,1.0090580710230237,0.9560426584146544,1.2376772521979271,1.5835208308714421,1.6204583889384003,0.9270672692654743,1.1774034882015119,1.1248457075426366,1.2073481738266336,0.034936444448403665,1.2944476346095017,1.470080485725769,0.6211244283879385,0.5268507908060043,1.6016914394219277,0.5545116908379196,0.3094555965351813,0.1409027415962309,0.8386489514067643,0.2745759293525963,0.7107922488142437,1.1308422455351541,1.3932631312812587,1.4835467719101005,0.49084454346458023
Connochaetes taurinus albojubatus,White-bearded gnu,Artiodactyla,10,164500.0,24.3,0.24069223595534178,2.3397456432407577,2.1996247449030775,2.174132610225632,1.5330587211287592,2.3184137874350124,2.505734913476248,0.8148074679197489,0.5365082434861363,1.86388226345737,2.3066169095025524,0.8709306487073972,0.28717716781735353,0.21939268663046646,1.875720452361617,0.4183878545531317,0.9126096184785835,1.5032109764487307,2.333020245093064,0.09339456704281132,0.4462116932257173,1.3962333771872555,0.26797141771554206,0.12423744826583219,0.17523928020428428,1.1266278867006663,2.3161163285646795,0.8579161493317102,0.017334180694254363,0.39615460584213374,1.2041201911729,0.5448499987704797,2.5355918029437947,2.4774269750058333,0.14849356989112258,0.5941593052723391,0.5246189100938163,1.2020303330088922,0.5376944002280982,0.38206835522523647,0.08845809085062686,0.6422872888878426,2.0983870239405698,2.116593734703042,0.10655600797637568,0.259842441357513,0.6996442252277988,0.6461594495586539,0.08933998252838246,0.7879653228249616,0.3836122045277978,0.583295463505708,0.5900027506376752,0.28569804626466
Crocuta crocuta,Spotted hyena,Carnivora,6,63000.0,41.1,1.2803945109389157,1.4984953238856111,1.4792744327429854,1.5007318269858934,1.4958525528173086,1.4970003205906035,1.4171931423018196,1.0309203202688744,1.1053653713091223,1.1861537447527513,1.287036079615016,0.9017846484558428,1.0609760442625495,1.0661194224189243,0.7388034131626028,1.1051585112530498,1.288299321227737,0.15460058840478225,1.3834475751309316,0.772824159353934,0.5294306087392866,1.4822826569591776,1.3034104007447764,0.8268527775020019,1.25384331249532,1.1814412954290325,1.235709345235418,1.2385482567370902,0.6410308007195127,0.04873420222753535,0.927375139408518,1.1954394602776082,1.4527728082550773,0.7256896917084555,1.0190541336005998,1.1274977005130122,1.4056653403010053,1.4861177825523166,0.1781584095962497,0.2937381611875942,0.655426394146693,0.6847393342733371,0.0037758982446008064,1.2030914479783612,0.9008700066804524,0.4715982557221019,0.9898471629634131,1.114859334135343,0.08252087083948197,1.1247682438112805,1.0550065672678268,1.4553407368666906,0.20726548710765022,1.2476666658939226
Cynopterus brachyotis,Lesser short-nosed fruit bat,Chiroptera,10,45.0,13.0,1.2937451701940785,1.1356736783184502,1.5373814116137077,1.1263055289556085,0.055567913615078714,1.1554945601966522,1.5293770838065575,1.427633955376568,1.2513593054634244,0.6390392937774941,1.2986978048145381,1.0554960651265224,1.1744804240568236,0.8934924509981512,0.6893629431049666,1.1367000637373819,1.1710585455009415,0.7155170137361341,1.3128659519012311,1.3146946185927595,1.3135900728933743,0.18021955885145188,0.04679128997895682,0.7915883360324767,1.4213984149450125,1.04933889725438,1.3807137912574792,1.4575076903205924,1.2364677075201274,1.275671161010643,1.1353485543613464,1.52249662740878,1.4583314450667675,1.3817733920900879,1.393177521441323,1.5292305322401245,1.6022945484639926,0.28972107950807907,0.3151604776419713,0.5685799944980777,1.027264491077533,0.6937898293398505,0.400235349782234,0.8898959667545101,1.1599104328996328,0.3492722787674935,0.7420243831533746,1.2348204436053973,0.03582357286997144,1.2130979043722292,0.6409252508141156,1.347784746059786,0.9354076225157483,0.06640285231600887
Daubentonia madagascariensis,Aye-aye,Primates,7,2277.5,37.0,1.07275409353328,1.3526022265674265,0.8529482072962347,1.333991639389516,1.2058951295379061,1.3854051677324013,0.9012522540223101,1.1099092232674164,1.0438024003443418,1.26836156002174,0.5506947223500241,0.9539800648259632,1.1113161683187545,0.9832760506547495,1.12206766364478,0.699882187651699,1.159706311588556,0.41894291064824396,1.1047514151029518,1.0799459318745555,1.3077571190080397,0.7665381265765163,0.5729446408703153,0.9755585801854758,1.3611992935319803,1.3183379938436752,0.6112098032684709,1.1657589113050062,1.0697487774069458,0.9720345780094005,1.286452161628635,1.3647359738055598,0.7716424465417953,0.5858841985308262,1.083343978703476,1.1952439779807018,1.328218673312348,1.2244501643586578,0.4620460918561788,1.0939310805177498,1.0711511979569095,1.1411476107277156,0.4090718786022119,0.4689655820856605,1.1156123670143778,0.7447452518595767,0.9958185963464338,0.9654415640463192,0.7681749723225361,1.1680170218487043,0.626379628044984,1.308595576944422,1.0804329050589314,0.9079239475265953
Daubentoniidae,Daubentoniidae,Primates,3,2277.5,37.0,1.0582665055396874,1.0758099894418927,0.9961675169658554,1.0833487824908787,1.04837212446904,1.1015518876924801,0.9750518147623403,1.1277251107404602,1.058519146552694,1.0251840598448927,0.9712924146770195,1.0261594413574087,1.1274819735289665,1.0651837540750368,0.9515806066434406,0.7002402802171662,1.0415235373074725,0.8580472300847003,1.0208101558591516,1.1224841850007066,1.1225250739264385,1.1219494062948356,0.9582845430722605,1.0987721591726263,1.1289027405387377,1.0391706177397997,0.5878546457076912,1.1280796251161211,1.1291229290459297,1.1259445745533274,1.0183305873598691,1.1222770719180581,0.9731549545078768,1.1061571671655963,1.0729875040785148,1.1226415827328915,1.1188639345276032,1.1155157432019156,0.14864867209290827,1.079207485586661,1.1270083845257095,1.1287935802440374,0.909585134622135,0.23065543585592344,1.128574356485595,0.8226999238038545,0.935137634219244,1.0970780808947223,0.7024254156086677,1.0661439869795255,1.122462960528213,1.128768599409391,1.1155423866886625,0.7319325845433503
Delphinapterus leucas,Beluga whale,Artiodactyla,185,1430000.0,50.0,0.9457541613135035,1.5579436529162554,1.362840537445556,1.4251123074024057,1.287255957067939,1.5536165254777556,1.0619318118604755,1.4732468986091467,0.8792626062786142,1.3708150370742989,0.995264235782579,0.6965281883153365,0.6173284444567668,1.1627107733985598,1.05030981649424,0.5418247673070431,0.7202939685794599,1.1326473050564738,0.7859942140546785,0.931930848828475,1.456147866095286,1.1293335764311196,0.7408732138838244,0.9101785828935237,0.8717254512889993,0.9896336196656518,0.656313850228602,1.5453203729459155,1.3048124808372294,0.6056019524453368,0.6577593388447839,0.915487060516459,1.0965620548353074,0.8895550347320376,1.0831291594014727,1.2725847800343242,1.109301784897828,0.9840997595364264,0.6343363667173518,1.4454666052647234,1.0051210895228428,0.821722485383112,1.1406153592012194,0.7433491385869514,0.5920415444196483,0.6346203373086142,0.9686259849117976,0.829218979126977,0.5909025837633204,1.0116190417418254,0.4595408795162305,1.680472177612171,1.6207813296733704,0.05053410001615108
Desmodus rotundus,Common vampire bat,Chiroptera,44,33.2,29.9,1.3003691588715443,2.265504700664528,2.2048776103199876,1.7598092399593304,0.44287852447723847,1.2726527791004811,2.267122982195566,1.0679622224377903,0.8742179702403928,1.215899651560987,1.960703193198002,0.012817953952537625,1.4225872470382275,0.014686950204813039,1.8877120598641028,0.8364242364397628,0.086773074680755,1.0050902395758934,1.2671135757021128,1.1637413515876338,1.3749898899434578,1.8184932033058916,0.993142003259555,0.33066500219524697,0.41696674406874873,1.543654726295536,1.2929031474685917,0.7494718286484452,1.0544644329661201,0.574434545250953,0.19439148169642823,0.7035516836710454,2.059797379608314,1.6458301016887988,1.0243977665127224,1.1094982162956024,0.6843144514775545,1.018737377406307,0.8353949411051805,0.8758120849565313,0.2089143469000794,0.14052694385447684,1.3699675239303972,1.5225874812238038,0.09534833010091327,0.387820254665993,0.2675492253997126,0.823763366784071,0.6026674587238033,0.4740932584884438,0.39421877054414567,1.0951635389746397,1.5547688079142672,0.43275496260251684
Diceros bicornis,Eastern black rhinoceros,Perissodactyla,5,1100000.0,49.0,1.4336790473175796,0.710795565579216,1.5445337225810134,1.196531683267284,1.2158367213670491,0.10590119726789363,0.34677892067074195,0.9851171432322019,1.136033995613393,0.1896590514632525,0.6775761732067426,1.29955531832327,1.0947689099796725,1.1762886626706228,0.7704168227517403,2.3368700628942736,1.0972788497615764,0.09151676553469827,1.546768949463663,1.0453570585059073,1.1180479919711888,0.7045632539433875,1.4761465367626798,1.19643649159407,0.9773062912081004,0.11676072830144153,1.6033402768371203,1.20145062191436,1.0155813093951118,1.246073924073054,1.1099812766668482,1.1657448572696716,0.2693059551626226,0.8858325791687565,1.2947931233649375,0.9786849685812434,1.0424884932017955,1.9950363474526351,0.48769761913695236,0.6239729696024439,1.0675183953940337,0.8736939950581448,1.5741838441378324,0.4106417371080354,0.5248129578527748,0.742067961273666,1.501909972208076,0.11987436059643748,1.7071993296411314,1.2988854656223636,1.7747787906325088,0.9514682033716774,0.6818495069166051,0.2606052431264932
Eidolon helvum,Straw-colored fruit bat,Chiroptera,24,306.25,21.8,0.3042225314753741,2.400139157967896,1.8400758072847296,1.7880867863096643,0.4379203679616832,1.6211139378552606,1.7030258074867664,1.8398673088016355,0.8240607105781127,1.7038757464906922,1.2827530203209647,1.0044670089873602,0.044834922078803165,0.6821452934881673,1.0297550558010755,0.9051239143863096,0.6268336469917823,1.8898516402033916,0.20024265857025883,0.16885000170638756,1.7028885949927446,1.9886841893766611,0.9308412413277941,0.9171566110253312,0.08660053307713193,1.0479654794343103,0.9243414238883098,1.134949300505081,1.5218119366743441,1.4584722922310942,0.7270682832891407,0.25123968996102874,1.0603899276866975,1.6531759118327312,0.6261001858261,1.4426666885255532,0.7817005606078101,1.1724874183286487,0.25900601897708936,0.7732955678172178,1.2112652988102868,0.1562764094387597,0.16410227480561956,0.8717522983231403,0.41442375903054285,1.234858827100274,0.4959269861858184,0.001108273414064668,0.5141012029873858,0.9308720401732179,0.7400193554216837,1.602534267591773,1.0766605090794283,1.8280113175068493
Elephas maximus,Asian elephant,Proboscidea,83,3178000.0,88.0,0.7124679910645858,2.1635303281495237,1.4770637273599696,2.016623922179768,0.6977972339510444,1.8216212376249765,1.4587780927051037,1.1556153438190533,0.45742423613707056,0.37646254778358407,0.643449407415344,1.0458747233137127,1.0680333592766675,1.429700727542796,0.7846181028487598,1.2470425530457,0.3654524002232659,0.11557521783368689,0.6055408834651899,1.0291370479706925,1.589920692249256,0.22206717841077347,1.1059433292983438,2.4365674305254217,0.4352361364668452,0.5386786937208812,0.9011965930541542,1.333636750232265,1.4767207071442388,2.0307104663982236,0.12455706932477258,0.7751441652691669,1.6419266662072638,0.9827286361173028,0.6416664012281138,1.5961466326833764,0.6695589517896615,0.7145266546357906,1.7214679508077844,1.5285323049884323,1.6196990405820908,0.006425257292303534,0.19065543204030616,0.7713435277901826,0.9944645910759505,0.23572339584532787,1.3446044796945902,0.8611313739341666,1.8690973925387853,0.4491613834575629,0.2724316201788351,1.0570752100381788,1.1407003813771515,0.04874441989201214
Eptesicus fuscus,Big brown bat,Chiroptera,76,23.0,23.0,0.12381242305159738,1.950451498261586,2.1386210626725313,1.8816923321974446,1.6604414340694842,1.4322777156605602,2.37808836911895,1.0786678455473078,0.22616913454437965,2.3825405757284,1.7219296917805058,0.8774275008044548,0.22933429551705342,0.33820549765761576,0.5924308291362568,0.3494230216865858,0.2908382503786801,1.020785665031084,0.4219580558672029,0.21571071393927319,0.8471665836473378,2.2057129848751758,0.17803097432508572,0.6299213637085497,0.7179517390853296,1.699819174185018,0.9814085384373736,1.0713995342183507,1.178902897361924,0.7730445508170734,0.3072531901746518,0.6721025916969932,2.338859226753947,1.3712554610570857,0.28338864047728163,1.335016826544809,0.9703488091836648,1.9120713593671894,0.32326625080954446,0.7001285154908855,0.8851867543720603,0.35482907277878567,1.2151562810643144,0.9010193997127907,0.27295740587532186,0.412660997083163,0.6041167775068044,0.5306848512877022,1.5998375745607865,0.331850057792703,0.5105763016880137,1.581960342538726,1.280639223537373,1.7106698353332244
Equus africanus somaliensis,Somali wild ass,Perissodactyla,7,250000.0,47.0,1.2738113960035193,1.145006325043293,1.1980775225965026,0.9781326488155939,0.7853875329833138,1.2166960361023291,1.2052851230165469,1.208605861053128,1.1053965948578968,1.0744411103360008,1.1806595493776049,0.5474300446624517,1.4137910771797735,1.3032364629317343,0.8890240473367009,0.8939637886283088,1.1400386490007297,0.4384258549524965,0.5444031419227531,1.1078915330047012,1.3176801169407122,0.40315784704542396,0.33040642802205294,1.2795223956304684,1.1035378751504157,0.14690068819916427,0.8403625526042197,1.3909067936107122,1.18082810698694,1.2958896633087122,1.2792841746143606,1.3612923525992167,1.2515570101628224,1.2487296863640343,1.1944178229758422,1.0712701751430527,1.2181575998187795,0.873299542127233,0.9617125383986046,1.091127348605242,1.2112957522577434,0.9806772952665611,0.5193654698928043,0.4415445296299169,0.4652350129030381,0.6907555792302504,1.3449982616062026,0.8910136237062604,1.219231674044744,1.246484438233159,0.8865794914373731,1.1115072588211092,1.1537983582178601,0.3477682366396004
Equus caballus,Horse,Perissodactyla,258,300000.0,57.0,0.07102284517082652,2.594331214501004,2.268741971941635,2.2756478268117184,1.5270100721117925,2.650739260935377,2.176927898174572,1.0464518322812768,0.015949676068691392,2.6344020278421048,2.0807543003116966,0.34233241924505065,0.35538325850586244,0.9246452659706446,1.9504434233469372,0.6915982422254807,0.24116049950370877,0.6009886875337802,0.24978877150939482,0.8291485329301762,1.0329380271610227,2.185351506773821,0.1638420712740445,1.47995027609207,0.18571905362788593,1.3431336295219687,0.2955169348944903,1.2245642382479092,0.6810910887526477,1.0008837191993636,0.2883069198106213,0.4718590003654906,1.516458503379649,1.337797552008264,0.10696297475083008,1.0652842665224147,0.7680756283610598,1.5449809737516444,0.4789078685005447,1.2109239902476425,1.3370194170056278,0.5324915981648907,0.0918668568998654,0.48063190747615564,0.6408277134870933,1.295760981291516,0.6670487514908431,0.7719452910614176,0.6335510871537606,0.24011994953014634,0.6058918079245194,1.1036738348342405,1.2552186583204683,0.43393589519433523
Equus quagga,Zebra,Perissodactyla,96,280000.0,38.0,1.0595353511904673,1.6142434054061736,1.26073141153706,1.3103377697109708,0.9316837619529514,1.5707682907181748,1.3506788574655406,0.8806561522947961,1.1131439297238013,1.3960772838252862,1.335130237066437,0.9420496468428547,1.0902571219313957,1.1691901445704371,0.78936066433793,1.0678311407140224,0.9528611467344689,0.25097603429140997,0.47346481605095675,0.8760751509648824,0.9607514191521336,1.2260961478063652,1.0844203805103778,1.1577770351696828,0.913031321854148,0.830441750989347,0.6263906036038521,1.0043160337521142,0.9105471824499903,1.03356560033204,0.806493938421523,0.9993940232216444,1.2526930911015504,0.9511622747789371,1.106317897137979,0.7859386445701858,0.9896605060306087,1.0843542030761515,0.8975222362212877,0.8269908077039213,1.0652484160277802,0.9210799422287353,0.7479172552570895,0.7622625911151225,0.9454829629805926,1.065913170130405,1.2711598122161922,0.7673481848997715,1.4477191641344875,1.0784625275961477,0.6429087032443985,0.9201567032318492,0.9352602810427425,0.5461628706808415
Eulemur albifrons,White-headed lemur,Primates,3,2231.59,34.59,0.9799711676611057,1.3798848571380382,1.136290270943018,1.5670403834890763,1.543226078536188,1.6624068058706947,0.6843885244746654,1.1292957329435551,0.6728321840568134,1.3205360071395646,0.3636962530744275,0.8631137018483265,1.7981485069957241,1.0441502431253036,1.4928178016904432,0.8244668835558437,1.8416287766853665,0.9451845596097432,0.7060950984535909,1.1426078903497034,0.0764743617901446,0.4697085526211833,0.6247795877467235,0.9022187301642589,0.8193326380072943,0.5401255254637292,1.8483822322049044,1.3904463809871335,1.1756689604523785,1.0857514556638532,1.8100513954934891,0.06864550529580207,0.7493994111504,0.45590153413889406,1.1033573118402071,0.39309643397678395,0.3483972892132616,1.4050306413358415,0.17232660625190302,1.4168024963315011,1.1146354715666305,1.8491627159727162,0.37853004401063023,1.111833414746107,0.9891029331462176,0.7349739081501906,0.8981632712215251,0.6280735831411474,0.8050424005479541,1.4034159508628534,0.40834223384910057,0.7809687115437322,1.2645183625367225,1.6795582209335926
Eulemur collaris,Collared brown lemur,Primates,7,2333.61,37.0,1.0695982081551134,1.1790369438640553,1.112661070952655,1.1191455483722932,0.8504307821927652,1.17318521811084,1.178188299675755,1.0724081309656388,1.0945267320914425,1.1059892793367605,0.47401733523087725,0.9281044493360311,1.108629517331283,1.0382460043788426,0.5119107997839633,0.8557938291149207,1.1289624273358267,0.8511423626935654,0.7302192455851927,1.0774885289765366,1.1244713447982393,0.8492423929950361,0.9973017801043772,0.9845825915389328,1.16312434242781,1.1851224891759853,0.9183611960974873,1.1403242596896184,1.0624634221752989,0.991735536079743,1.107073407089735,1.1419261047689655,1.0566824650538365,0.5893899731641797,1.045487011483479,1.1152353508433588,1.1746185652353078,1.1230557194778714,1.0629828293663626,1.1135658133407265,1.0490247532550259,1.122089374048925,0.6428389216094269,0.9073015628436185,0.7924804936932147,0.9223127465109572,1.0138669412702075,1.016877134900481,1.000644966510894,0.9421634387440133,0.7278535875398694,1.1456866982752985,1.0798192094735521,1.0306088629338186
Eulemur coronatus,Crowned lemur,Primates,3,1645.0,30.0,1.0728829790361476,0.974631567004689,0.8949068007793816,1.2020221301606628,0.18160689513301745,1.1565117381699184,0.6808226886054197,1.1192123368774012,1.069383704303238,0.4472066972153889,0.34721790403027875,0.9908977841982236,1.1555179603156862,1.0873028585199982,1.1494801434012358,0.9586510668231968,1.1362587412417384,0.817343327258103,0.6917778727854488,1.0944378444378942,1.2173723844134159,0.9317023031957511,0.8295350955620924,1.0592353809339365,1.1865487874737977,1.1719271759902627,0.8874451915494236,1.190476105819693,1.1016937015855761,1.0549852130025346,1.2022997398195125,1.2131850260732562,0.7903294696470788,0.33556169135309516,1.1051694157230192,1.170020962565768,1.2174349588466236,1.2170687282027335,1.1191449025114784,1.153468042936046,1.1255775049740204,1.1357259627193415,0.9857787857149752,0.6200338663444909,1.016777407420348,0.9874657198712035,1.0555743174732197,1.0453529047471635,1.06383405307262,1.1755024963523626,0.850605501818552,1.209565876732707,1.1486982989261894,1.1968299863306515
Eulemur flavifrons,Blue-eyed black lemur,Primates,7,2433.0,32.0,0.8918632726811028,1.228177986662487,1.239558992002827,1.1422661209199991,1.1947274341491636,1.2316267320835652,1.1812889736365713,1.0119191141348423,0.9324457201107174,1.2098499406960281,0.8373498193243881,0.7993587929416294,1.0394975832623488,0.9895569933381044,1.243811252564887,0.7465591030296521,1.134492728941222,1.159749110290959,0.7800406978094878,1.0442483236327078,1.2202671591859924,1.2057550716013743,0.556036962245033,0.8706963735292176,1.2278120129995127,1.1483475337222104,0.7404546017610597,1.1835821328996257,1.0038691836253797,0.8971360121981959,1.2222332119745098,1.2322947952183114,1.1894693827576153,0.8051950254474427,0.9492392342021981,1.1043587741352772,1.2364091150936747,1.046496498938798,1.1836792710101491,1.0690990533311824,1.0149132665258591,1.1511003468229573,0.4777053374616501,0.42153712760757056,0.8315842240673076,0.249038981193253,0.8540175637139688,0.8336513233479271,0.8182875389503125,1.213390902802262,0.5469454833986834,1.1956339499021784,1.102528218710441,1.158845637406175
Eulemur macaco,Black lemur,Primates,7,2467.0,37.5,0.6348039926308201,1.4520485826665432,1.519525098982742,1.3480578568216737,1.4786915637317517,1.3661786844269896,1.3826744279636825,1.1279286939299118,0.5743084288851188,1.328335373755903,0.9212845776750337,0.7499384583638627,0.48626161947930663,0.9889149589012395,0.48079879783950996,0.6615045738609734,0.7915482642489448,1.5251690363087016,0.6946569248088295,0.6159417354282878,0.8615132609239546,1.1509368948822156,0.7784852158777891,1.0513054571074454,0.4635310135473056,1.4756040318380843,0.8927314532208391,1.1556602201641497,0.8402195440350676,0.9808586518519632,0.996366828230738,0.38258049153891743,1.494397798009741,0.6888248064185728,0.5044512418571483,1.1895656677920603,0.6151495801305559,1.405636241835769,1.3174901273281638,1.2056519216726869,1.1375952096691764,0.9573936773452874,1.3724553095095982,0.8715180759728999,1.1155629847564774,0.8675850142323938,1.0479124219021028,0.8907322811315017,1.005332200030959,0.7852393301447727,0.7057430047776042,1.2558459143677803,1.2002942508503998,1.207258226336054
Eulemur mongoz,Mongoose lemur,Primates,7,1555.0,36.2,1.0712509793303815,1.1151432013139089,0.9983386260273831,1.0074282839893602,1.007733176029926,1.1608433036959236,0.7026904511063063,1.130375160806748,1.2208104316577344,0.3120789558392444,0.5588143908536426,1.0246053808822964,0.9542503422638356,1.068376751291408,0.4116538381563454,0.4820043903117094,1.2074180429732042,1.247617159559183,1.3092458691150344,1.0288214872118238,1.2226266567551638,1.0267367283480437,0.7335177835971477,1.0693808600947246,1.2832092533666324,1.0363758767070745,1.2481401248533752,1.1407360300132665,1.0603523857685835,1.0163237115820498,1.3263048194727693,0.869682180524071,0.18617377929936232,0.870221132614011,1.1698070973889532,1.1246542920218119,1.1807579274743265,0.8464386583815092,1.2804450899521174,1.1131040777094616,1.1444448176205229,1.1660797194627601,0.47181076400337857,1.095027629475691,0.9201264664950873,1.028389345154506,1.1016560353651785,0.9518532665792122,1.0210759740337136,1.335497485780876,0.6166628502885744,1.1739177727807029,1.1272909694761941,1.021678215143758
Eulemur rubriventer,Red-bellied lemur,Primates,7,2191.5,34.0,1.021741401144489,1.2245543191243928,0.9594784533203669,1.045287424944819,1.2185604273856332,1.2393842911389288,0.7426625345907922,1.174258309841338,1.0629667194863166,1.194186849861957,0.6572636478846444,0.7029684076202493,0.9439562418777463,1.1381662739839185,1.0981333250891208,0.8958814159078425,1.2808613461801737,0.05180140492716256,0.9857779821930676,0.7557105389996465,1.2323742725556717,1.390852247971737,0.60015636370771,1.0181747335504736,1.3030269449652871,1.2253367600151925,0.6760412952951121,1.2366626885478564,1.0968181591556818,1.1116650484278423,1.296040189356869,1.1548906270385184,0.2467617032692326,0.7437349874025779,1.1530015424391515,1.145920872443887,1.2544602145425803,1.107302245349237,0.766440468737833,0.8269091050106587,1.1509111964648473,0.9369826756449966,0.4027153219375207,1.3194567701433277,0.6340782188254283,0.9921194422361975,1.248668859802049,1.0704943421381141,0.9513658750058788,1.1205573449548,0.48286385423091505,1.262069992607622,1.1177301367540813,1.3298141839685054
Eulemur sanfordi,Sanford's brown lemur,Primates,7,2111.34,32.94,1.0185403338058603,1.2317036184611179,1.1162619843704944,1.1026112479586074,0.7412015828390912,1.245371849055633,1.1173229518809507,1.0436715765573863,1.0005462819137032,1.2010142505578834,0.5085045711003379,0.824227373593183,1.1619947399642783,1.0030267365355297,1.1394725906889311,0.8947798752435868,0.9723778557726488,1.1115473999703895,1.1615069349550222,0.9912432164751825,1.0474034297941401,1.0511119819813068,0.8896383467715862,0.9784619845402317,1.0128577097070806,1.1632344132466712,0.9264788300245613,1.1007138952582463,0.995832298906758,0.9924838138554269,0.937702854119311,1.060614053374711,1.1634610398588983,0.7618623874784917,0.9568452339701295,1.0784857620923378,1.0982557016116705,0.8453595457090062,0.9214539049437721,1.0775336193339138,1.0534168743377461,1.1333171554161392,1.0913162806649412,0.61324904182387,0.9626437490955141,1.0108847378246053,0.90229469006807,0.9463996575103464,0.900943802506841,0.9864031502206879,0.5442096894385021,1.0717126981575473,1.0604557620800275,1.0760349325771015
Felis catus,Domestic cat,Carnivora,128,3900.0,30.0,1.616484377658594,2.3711817187223416,1.8200279789197478,2.211909826237644,1.4195577072183452,2.1416812582485436,1.75320965824193,0.8723057449547705,1.5763820583927477,0.948553242601519,1.0273957502552913,1.3918749173603997,1.262917431947838,1.0867429270124136,0.2929150233873156,0.4117651067723422,1.1145860106065266,0.12503125171725554,0.035268993254085244,0.9842274570341449,1.1746038830072074,2.1989657411626116,0.5560790941378946,1.7210965875305593,0.8043861654850322,1.1069147883678618,0.38707573118710636,0.38572145709010314,0.893450537680489,1.0290134383380027,0.5946335890493831,0.9409624945968094,1.364009322548413,0.6792433590328393,1.1283924544145068,0.7198305456680949,1.0300962876138524,1.9746294387990082,0.2928046625749687,0.27588354432409073,0.21103837329504874,0.0233486582866783,0.04059269408462419,1.8608120279847054,1.1273362758287808,0.8471313286887817,1.5670203958206217,0.0536245902404981,1.0079924284253652,1.6636733592573987,0.8815271216225261,0.35091614870785576,0.2509466223695092,0.3922284122349803
Globicephala macrorhynchus,Short-finned pilot whale,Artiodactyla,9,2200000.0,63.0,1.4321910801266873,0.564447055226369,0.05475366285849304,0.05889262382588187,1.783398882265525,1.1474707591741877,0.5730291211476847,1.1534145806640366,1.2996601490834252,0.7284436442348069,1.395368017144809,1.2270598670308663,1.1022576670779531,1.2427415750556066,0.19921013418771202,1.797990153287322,1.2681450703441772,0.7753827901870105,0.8625067137289563,1.339046553955986,1.115474790800462,1.8993685960189035,1.598756510385675,1.253519606737558,1.0682827267691841,0.01631579261337574,0.8790166316466451,1.0725161528857388,1.1688800819853031,1.26070421604992,1.4745136813899213,1.2617258165998713,1.0277505659512014,0.5360824590032995,1.3155330543181984,0.7623555727942601,1.2333076540929064,0.84117605065487,1.2835504565255234,0.9971659810004437,1.2911034914640904,0.44747601718880836,0.5342667886704138,0.5548048197713019,0.52347816757223,0.9359946701267662,1.5380699827772206,0.6956213970410632,0.6806861221686537,1.5847836129950303,0.13287300382094386,0.7149811902904445,0.8013394329205249,1.493114804361772
Gorilla gorilla,Western lowland gorilla,Primates,6,139842.0,60.1,1.2549952714235781,1.186776587846333,1.14267062564787,1.06785476042983,1.2598154749601482,1.1738520487560544,1.0820395517346826,1.2048718462479269,1.2464892191805341,1.1018321325774234,1.036247419769538,1.0420466341646015,1.2724115170934505,1.098089308251399,1.0126816202567257,0.4203670908432902,1.1389049229105908,1.1083409744568415,0.03931665994568778,1.347021763141359,1.239021533828266,0.7723085344468282,0.7647236358083819,1.2969177118804414,1.2814864659385155,0.49486495055306023,0.4634817654250045,1.2555419728809618,1.0364261711330027,1.3089619390771583,1.1776261049787533,1.131600009299283,1.334810642563119,1.069557394717906,1.3058417249256289,1.2335612417163095,1.0903776746758473,1.3457918832299736,1.150392926998997,0.8584540622248983,1.1760608513624993,0.8134071978125078,0.04616576860058937,0.06346508751544551,0.9916595562380545,0.36480087399743244,1.2566702885157943,1.1872823594292465,0.9918226806327527,1.0617980206425686,0.716374455670486,1.1430282165382344,1.1526085181898988,0.18648234891428758
Hapalemur griseus,Bamboo lemur,Primates,7,1012.5,27.0,1.3484415793919637,1.0948702269987634,1.0228202527912267,1.163931137849509,1.2767172418614774,0.8904152611502647,0.7615892295332828,1.0420060553553194,1.3540682956738082,0.4593646180725126,0.5501417916135624,1.1632472000241763,1.3383134515920467,0.9988222540073873,0.46126342319151126,0.9821602534330494,1.182695898693831,1.2139980214215853,0.5109957424662034,1.1785558284290745,1.1579433695607644,0.93571311403287,1.07142887070833,1.0039919555344523,1.1382672059464067,1.2844349693007813,0.5414374473143951,1.0183853864433812,1.0758216557583826,1.032038965556388,1.0574621464530283,1.171640955223676,0.551251199991255,1.040943737478011,1.2909619250841264,1.0838867579559663,1.1671347556583498,1.0568365770923331,1.1422747372211728,0.9638362381685298,1.0648965258613081,1.1657164802602256,0.5930594659126619,0.5242155395226684,1.0822596341803499,1.0451536694654202,1.1254876702140897,1.152524029419677,0.956499188918778,1.1783754845861658,0.7439308630666919,1.080447503920942,0.9008518576526742,0.6064723529851833
Heterocephalus glaber,Naked mole rat,Rodentia,380,35.0,37.0,0.4910709852006503,2.4004761668770773,2.17784648381971,2.1084644799824037,1.437985028810685,2.1569825500724593,1.6520485683280302,1.1132360843810378,0.6421760239652684,1.916839629448721,1.522665598219157,0.8465710464065506,0.3910631085173353,0.7428021179871516,1.3784480465490139,0.6720775016364987,0.41959538667973134,0.7456400878127446,0.7643735196496448,0.3630437156030599,0.7486414377388891,2.138998454561658,0.8850060969887729,0.8102071070260132,0.5566906782110547,0.9178259311310398,0.4328627128572198,1.0133695639552447,0.7970987060550629,0.7826084731990797,0.48936466818499963,0.3583800468986093,1.597726320370786,1.5416461731183895,0.41736817803823795,1.287125195946915,0.9986007838633393,1.6991026108020486,0.5339014771749389,0.6625284598223784,0.9865177463170444,0.8007582946133144,0.8038440026171445,0.5084380772579173,1.2144460263785788,0.6394576545596312,0.9090661408916237,0.3754489667769549,1.2035094246918785,0.4055817299404172,0.4336828977220104,1.3440605691024836,0.9623753770541261,0.8003538861852693
Hippotragus equinus,Roan antelope,Artiodactyla,6,225000.0,25.9,0.41550877862703867,2.255416499156612,2.0315649990354254,2.132690553572033,1.8373084425049848,2.35317655957932,2.4023669097089133,0.44599171224753204,0.10738250551900143,2.2159943996644755,2.0957833430803987,0.6573367677339148,0.40681008162154625,0.2561308204625823,1.703933003881211,0.28781739771436754,0.16372226232393342,0.021286626345530593,1.5722902753334342,0.7311865209570515,0.6345768110065512,2.084980292370774,0.9229614134579172,0.09084804359879668,0.5164594953524551,0.4386467990557887,1.9475219382842017,0.29699042676454673,0.670986422147207,0.48244452786073416,0.4302381627067689,0.6312129546664405,2.379638365482817,2.511590906238958,0.3717239445610563,0.4870734552677054,0.54802598011156,2.074655613547849,1.182416532564367,0.7113644901998145,0.7090895896518182,0.70992388253828,2.282174436398092,0.3669103417816699,0.4514444835441929,0.9115807526884901,0.10061822680932402,0.9491103499753105,0.5548606066647086,0.014841549747273081,1.0781111965430081,0.16811342865075143,0.7417109317527565,1.4534551889386973
Hippotragus niger,Sable antelope,Artiodactyla,5,225000.0,22.2,1.2403763022033898,1.224257610456624,1.1223432891121312,0.9548502656129406,0.7802498447238739,1.2683029408484412,1.336409173928993,1.2085137284621867,1.2736236706092707,1.1102333041799388,1.1988558514867125,1.071073646680983,1.510662933953138,1.3541091911834515,0.8561341000152103,0.8199515453176971,0.9710312027473982,0.9968583261791062,1.4941207816100743,1.0890496221589085,1.3507552016855005,1.3694381013042047,0.6480522847410318,1.4938571906451326,1.3506840191440652,0.7984118168468721,1.4878556952260922,1.0956424880970868,1.1080809684998403,0.9707748732198729,1.1065416775101504,1.4971141616748052,0.8530959319079958,1.3768406135807214,1.3424935504349058,0.4597045860602041,1.3524702304747687,0.7864656351524368,0.1640199480010509,0.8763679104969133,0.6835182386260195,0.3745567191629819,0.9006280896859311,0.028430478554550602,1.2040380396300931,0.5736106481284705,1.1296518826022137,0.17856360014315284,0.5295307492036001,1.3027028637970757,0.3982048842664683,1.0784405440851434,0.5691625889477386,0.6792864569924364
Homo sapiens,Human,Primates,1315,62035.0,122.5,0.801969039995609,1.3875776577426446,0.7796650209412415,1.027889648207989,1.2514323293051857,1.3739521029507913,0.519192826361636,0.7197882405727041,0.9431336178580544,0.629728829411555,0.9955709286686253,0.9295387639252758,0.618197185628524,0.8569598749364502,0.7570222915671748,1.3301482918184604,1.1155246958418477,2.082398585422526,1.2372927216139153,0.593531980333588,0.608266141104846,0.9814396673217662,1.3351604154364447,1.3796632326265454,1.0042580754114805,1.9036767807756816,1.050544601103883,0.78797290608732,0.7443868442076629,0.9390320748100036,1.2298618983495067,0.9008205267755656,0.4138318699141675,1.1490251350031604,0.5992983090866919,0.5965436833569893,0.8585444756872712,0.5744420024144302,1.427323566228135,0.9057379616009409,1.115472734283128,0.6923930154880744,1.0248973854826684,2.1177102656706057,0.9808016154524714,1.1425105926850958,1.1333756974426337,0.9480753588699888,1.139371954286703,0.9796151417381695,0.5297587334174412,0.5396073998362042,1.1234450082993053,1.1926202966412096
Indriidae,Indriidae,Primates,8,4287.85125,26.47125,0.72394051075027,1.2180246301436006,0.6012769971634788,0.9605404778105682,0.5124355744444262,1.0634553071158144,0.0023665229931109405,1.4430364115287815,0.7955448957922155,0.7228618970089861,0.9081133591104376,0.743265864802097,0.9868734635435299,1.4083267656875447,0.05432422559018253,0.7944111196720126,0.6610358725732735,0.16223771426721004,1.0101554539356108,1.2829965010781164,1.3700264575888996,1.255566631368473,1.0354919666281377,1.3457367908681337,1.2449388136673212,0.08746708570839118,1.1079370504395087,1.391195698725009,1.3072179265438446,1.4218300438006675,0.7285608707474981,1.1337270032455717,0.6162824369497669,0.9504003799405139,1.19377609238538,1.5099924534723532,1.3986519140868061,0.8451582475241934,1.1708559732276824,1.4568807284538907,1.1812142254116946,1.3808653291642212,0.8666486495901472,0.49917476630227103,0.41973631867462224,1.3515419362770602,1.247200052544991,1.1634533628370212,1.2925432098362661,0.7645616243877307,1.0149814754918867,1.5037128178253303,1.589368889476099,1.0980792117973472
Lagenorhynchus obliquidens,Pacific white-sided dolphin,Artiodactyla,34,103000.0,41.0,1.1997757322438625,1.1337812795766258,1.2643382859922392,1.0879606126373975,0.6876030759423777,1.5330377703595761,1.359179583975069,1.2422946474481211,0.890220171474159,0.9770257033681529,1.3470890082872553,0.6117804810399781,1.3692824398809444,1.0666332583230271,0.6644449521781753,1.0133211128693391,0.94370597924133,0.2599760115969435,1.4753822646611359,1.0156072131719238,1.3464953629828431,0.3620117780568607,0.5576208108681437,1.091598225576491,1.1064572181244847,0.684841209454294,1.5274932295702628,1.3786276294983193,1.170168278122769,0.9065969768568967,0.9837994710228697,1.2780112896735016,1.5591865673681706,1.5326362734202317,1.1856334191483204,1.019559747399709,1.060942102677526,1.0633923294116188,0.18575984930995212,0.9317543902555928,0.7599706629626036,0.7468186079125562,0.8864005763570427,0.8158032900723905,0.8948610548791694,0.45924006874980944,1.0862773056921122,0.5069818465455015,0.6937461151115857,1.0904939856845972,1.2413384642683107,1.277334035546178,0.9073260318561285,0.5583822112955383
Lemur catta,Ring-tailed lemur,Primates,7,2555.0,37.3,0.7719575318019211,1.5031825930314586,1.5157324280964448,1.1899431992948217,1.245007489474682,1.2392597203709426,1.6198684968266466,0.8058598986630602,0.14227806993367537,1.5267713168282744,1.4550307895947958,1.1827087766215467,0.8217468202692031,0.9393816846359003,1.2655422014774353,1.0735125458281063,0.386351704150156,1.1151287867734956,0.4219884496837147,1.1149540139584333,0.49774753911579284,1.5385329420471159,1.2283308601010827,0.7737559656931788,0.2858309780733908,1.6188069647301553,1.2322770199980149,0.768837505290298,0.9199991717888236,0.9268365620962842,0.25294427574556405,0.5283356824695045,1.4129838458627184,1.543800320287444,0.9853180263898745,0.7944316343611495,0.2317729312806062,1.0355191827486894,1.0933919945830437,1.0818808569749003,1.0355247475372351,0.6160752686738362,1.386729792709557,1.5257385179242007,0.9510980743427446,1.17836259914457,0.9056605122183095,1.1070947166883973,1.0409145527898036,0.27063409764255514,1.109935779030139,0.255143030175584,0.9185398378618436,1.6110076963088829
Lemuridae,Lemuridae,Primates,52,2328.465385,34.63358974,1.259522660273369,1.769509207415992,1.2972367363534214,1.6835986512283287,1.031330515014519,1.8776290198755616,1.4995077828849612,1.2726585629083778,1.1700628278840417,1.3394352427636942,1.3969599284142153,0.30764667130144363,0.8394582303640248,0.9289208644401222,0.7937899078956109,0.485769301926758,0.8057182975154468,0.5393709888143692,0.19109084391698866,0.6219746898225853,1.1212141176071075,1.5503114790118095,0.20429581284088977,1.2486519570641228,0.9841626398147179,1.1265965628483885,0.776397653121826,1.239544321394928,1.1600792841548626,1.0502789081877684,0.4765516987198274,1.3579406933001568,1.2205435915658922,1.6257192944736392,1.172157939627535,1.1747297788493958,1.2238294903178129,1.1232206316355675,0.6734312049808141,0.9057548084775344,0.9680111657394009,1.0391348841453665,0.2496950807605042,0.8359803821451763,1.3142350630897512,0.06269026005276325,1.2069234289094544,0.27742529059778326,0.7764110076031426,0.567173064484841,0.7516176784658235,1.430760281764445,1.0080341055411843,0.9853055076919303
Leptonycteris yerbabuenae,Lesser long-nosed bat,Chiroptera,11,25.0,10.1,1.1913334958551216,1.3508804073385359,1.2265758475942372,1.3221258630478154,0.677457294478006,1.226379205508172,1.3279222465475962,1.31894677400357,1.123081450892481,1.3554345736053157,1.0990461893246013,1.2294858503820987,1.3040850278357838,1.17462767196792,0.8867477855336285,0.5478698967705337,0.820258291261633,0.6271351802850681,0.7835337116997937,1.2901773859801413,1.3433186688397858,1.131669771093535,0.06985384483812036,0.8531098525008658,1.1607861237561445,0.7297040694219539,0.9946387009739008,1.1937809455637594,1.3141952209726013,1.0606728342624536,0.7946625553016514,1.1483644801752864,1.2461709423196072,1.154961436951028,1.1498245974248764,1.3155755081736806,1.2351666980399194,1.2627202010917282,0.8835869840123732,1.3617111776035937,1.3058793283903667,0.7070595593053656,0.05352791199010595,0.4836914293895941,1.231462920970415,0.611834923898665,1.1002708720176961,1.1891916077893219,0.05904881164560841,0.9232266877543736,0.2777204919432353,1.3210400780505274,1.3650869641003076,0.08337964952550202
Litocranius walleri,Gerenuk,Artiodactyla,7,43500.0,17.3,1.1415457552208983,1.6707493295704496,1.3928273770250184,1.5663276476876205,0.9134059464168157,1.5739395015878586,0.6557439412800402,1.362647677314285,1.2025483305796292,1.5504536182514304,0.25006543384003166,1.2673220730754022,1.0634433477579215,1.2297752663945631,1.4929623381880734,0.692699042678779,1.5186349809640336,0.9961985317274236,0.17472980837732546,0.8963488533387333,0.9616465656623225,1.7490934157285996,0.27106970531344093,1.6587263089624922,0.9536599906145,1.0327455668876404,0.2552753328435763,0.9130520811570774,1.2923246511824786,1.4276308257196095,0.6870294851334661,0.9790799342801494,0.4597656101024707,0.24493553872512067,1.4953981788338468,0.96923915411075,1.1669296640213511,1.5780782261520971,0.11980355471740305,0.4297927887244733,0.9119041017231476,0.126774512455544,0.4897245365662064,1.129209143879333,0.6271777592023048,0.6382608050801981,1.5586363395678606,0.13647614974649122,1.638797176754767,1.5523331441960135,1.4374674202938895,1.248626975055952,1.2028074635218358,0.04415909180725811
Lorisidae,Lorisidae,Primates,10,599.4428571,23.65714286,1.160202030222295,1.7666633463185923,1.2921872697236185,1.9402814769828836,0.5972579286410498,1.564605582115083,1.4218447313949183,0.7233640836821543,1.323886966308226,0.864392073641049,0.6340313398957831,1.6813288280914471,1.0909275145754873,0.881016662005074,1.415379300048301,1.5421781095085387,0.7000240519728572,1.1822314184771545,1.0090827229149943,0.683334653702972,0.9362528669043979,1.437737517558566,0.42966498743103915,1.0055851955922608,0.9448283426203943,0.4428239935814181,0.3120458172431051,0.9300403111269319,0.9081401985957795,1.1154118990827615,0.8821388184523009,0.9593740831766713,1.5104204954327474,0.620469022031621,0.7506243647934101,0.8189637792284545,0.9222580593532668,0.972618208141143,0.61310609266129,0.8178828527946793,0.9217841297685627,1.2328896364550368,1.5062004984255344,0.9432667963297121,0.44395471208789783,0.748005055801689,1.1662413252247001,0.5498943874171811,0.6826330399331278,1.18367003523386,1.2064737050483223,1.1143592870753019,0.7047941975934202,0.7912261975809413
Loxodonta africana,Savanna elephant,Proboscidea,57,4800000.0,65.0,0.39422370645469873,2.1237614962214337,1.793688492632682,1.989095780371801,1.2818327704244599,2.1038405685754977,1.5054577174400343,1.1232263117363168,0.24639503758536482,1.2779393972649826,1.2087423077811406,0.8676142073392763,1.0536102913400336,1.1600973293172663,0.1970076522305268,1.1324537198047597,0.15481272097063908,0.012514057493121546,0.7447214622522397,1.063601595577687,1.4927794099857064,1.950702324436431,0.8388783850907628,1.9977363404542676,0.22924813373166555,0.23668940139812436,1.0675046132425887,1.121990458210391,1.2602396395565951,1.630625685700346,0.0681327468015339,0.7124053648948812,1.8716192135098952,1.2977482212870277,0.29886767455578434,1.0558048380420753,0.401842205660008,0.773123943990066,1.3365771101403185,1.4349116806860467,1.4009628749065408,0.09386505736827468,0.3898148473151635,0.9758127966537253,0.8077789622618505,0.4185256231864714,1.144657466252619,1.2512344951664,1.6103156407652017,0.16057932844990905,0.10061892482870166,0.6995978284020865,1.278569150465206,1.1556029897893467
Macaca mulatta,Rhesus macaque,Primates,277,8235.0,42.0,1.0079834882301486,1.3121315338635384,1.0948342935050934,1.152703582023997,0.6178653980871592,1.3153979828876345,1.1115384026334953,1.1682604101497593,0.7790103443888315,1.067403887581404,0.9323514403011262,0.7148880896812233,1.3604745743585076,1.2157192007278284,0.7763928363762344,1.0499137566742582,0.7064715879005958,0.3404611742493782,0.3318939186780369,1.323861095573898,1.1994317431606978,0.4734372714955181,0.8992814644758825,1.3778971339268082,0.8412217586519802,1.0516312231330567,0.37528611085926444,1.2635163837292154,1.1389687294070163,1.211176673362625,0.6462138783636573,1.0552009308192307,1.425183496782561,1.1019381072737113,1.2270674052103625,0.9765693201785826,0.9761753049351455,1.12731321443521,0.935855851674377,1.0918245250750571,1.232965412189538,1.181491187905097,1.113181167568179,0.3808384169174681,0.9618092346825327,0.8334424893490089,1.368314725997002,1.0756572521809957,1.3680403296087835,0.8928687667772116,0.2867372652060492,1.209803841687263,1.0178778238286794,1.3022245612800796
Macropus fuliginosus,Western grey kangaroo,Diprotodontia,5,28250.0,23.2,1.4046799844886408,0.8857047513857875,1.1522520048847622,0.853205471598956,0.3274512033878351,0.8358233221892194,1.8909768451831384,0.2717321676178086,1.574433251598891,1.750779018204702,1.1353594290710596,1.3505419145292483,1.41969282457352,0.6249421756298867,1.073721923906525,1.5872801598155986,1.2833389997841214,1.671737953643916,1.7189312761103648,1.507493636015919,1.6359865234301707,0.752764025679281,0.6019615974086968,0.6006461384725048,1.084324933716757,1.409729775362586,1.5321817993135054,0.6537273787033491,0.47147326495669695,0.04065932198797807,0.9718340593796706,0.9934870710775,1.097948672656791,1.8584114197640857,0.7710602617501708,0.4502922696478394,0.16622772473940176,0.9406626140424479,0.8899807900090009,0.5409777144028692,0.2973177096956937,0.2209615501463576,1.1982639842572136,1.267994183001818,0.7614497552554925,0.12186244956190821,1.1478436294496441,1.177434642149467,0.9375005832884675,0.9709816761335389,1.2467126028207614,0.941022985563684,1.5221880216411345,0.4040505569136411
Macropus giganteus,Eastern grey kangaroo,Diprotodontia,12,49500.0,25.0,0.7623256032214122,1.070651375288501,0.7256786357925694,1.4004135115542133,0.6922936670712168,0.6158984951215787,0.3110557930868116,1.622326336613759,0.7791178475770546,0.3031707948445414,0.2750737977676784,0.7167046599406653,0.7301895343574513,1.7050589167893844,0.3942840426223044,0.2538045131285609,1.5241528715231147,0.9595699650163146,0.41576727530292884,0.7784803023767056,0.7252973019357448,0.6020715329631,1.702450933039229,1.8023503197710402,1.3646098478599644,0.371408718478097,0.28921513718829284,1.6671429273620395,1.7499282856225518,1.6125458417530905,1.6587759391861592,1.217168216341169,0.984245937219749,0.2244973745687008,1.7505121566561945,1.555119553612653,1.7861038686431165,1.219936644108243,0.09036505348692005,0.9736175447873109,0.26658877633339917,1.5741908062626235,0.3473878614843579,0.7258711912984871,0.3571994583241274,1.1421178363464146,1.7889958876444318,0.8239250351376346,1.4556430267571738,1.6186198132669591,1.1938646444869045,1.6975992057843248,1.465730605454536,0.1588847778384906
Macropus rufogriseus,Red-necked wallaby,Diprotodontia,5,16200.0,15.2,0.9934495382883677,1.2001258212537629,1.164946341517291,1.4649780365137093,1.3145583737974484,1.516874029777546,0.6874142427559086,1.3033498123866551,1.3585794762960255,0.6579626109525265,1.370290541059456,1.3125885845168817,1.2342389088111712,0.8936362359312469,1.4552393069966998,0.5150076988160003,0.7874942749834333,0.05926887602127995,0.5655545006182722,1.5571336807778904,1.2747750687474182,0.9116779779486729,1.079526507981536,1.4785672411132393,0.05538659767073426,1.020508340355158,0.6145381166700058,1.499618293465327,1.2741174585503376,1.4677214798366878,1.170924871213841,0.810194894831301,0.1894363071405464,0.14148202827949055,0.9069506253545845,1.416740910433557,0.844238820533859,1.5960681352459034,0.12978466805610842,1.5951477526106987,1.2893499189938955,1.3147828768534313,0.8427285035219609,1.5314905848621814,1.6712840199307983,0.10798421225268581,1.3245636680699215,0.05058822434714448,0.757603735710888,0.6658226147417132,0.6309790693408024,1.3664651261638492,1.473226273464239,0.08303418363592406
Macropus rufus,Red kangaroo,Diprotodontia,37,55000.0,25.0,0.024088976492697367,1.451963775503279,0.6409675577848091,2.0120351399117737,1.9161701865613345,1.2984034777376683,0.08253101621133598,1.8079837200471836,0.838407390338509,0.42009792105574467,0.6711757670473723,0.48054929054169665,0.08868275197284901,1.2970338767263272,1.1605240832970163,0.5518999138826689,0.705970553909964,0.1734932049295308,0.7205339107769236,0.3720412665607443,0.7419862411363106,2.169066701108489,1.6712563377451226,1.8338135908499662,0.7789961597212912,0.7500313354733072,0.37516236255927415,2.0267877776378556,1.9571624010154358,1.70672170640254,0.9459137527812504,0.8384612348764303,0.7620034576528182,0.5669697954734751,0.9100542071660721,1.6923722718465648,1.9080057995589088,1.4211119121068538,0.5351707836850822,1.0435680206250855,1.358152301637407,0.07411927648183225,0.31463303549979255,0.3778521522701684,1.2410429982517046,0.6127271490855668,1.739965020006235,0.1974270642915531,0.6128406183881921,1.228432031604647,0.27794740273492674,2.452205232774482,2.0317033968042884,0.13178268945763139
Marmota flaviventris,Yellow-bellied marmot,Rodentia,153,3500.0,21.2,0.6245212915884336,1.9961725067050005,1.3840277571907116,1.9956670408692658,1.5819067101675166,1.744202127979676,1.3205014042789216,1.165649419313469,0.9146770012988449,1.0615199976207426,0.7461096903724813,1.0342582237743505,1.2570589290296972,1.5058213089256962,0.2152374758645641,1.0433925094429801,0.2908228150769662,0.7083345374965516,0.6524124536937826,0.8524306750081846,1.2583952118304318,0.822957813317278,0.2202701995148528,1.777227125158563,0.5412302614900201,1.4041266853565302,0.008759296196885749,1.3309192034842428,0.9697078769498104,1.6745953154436513,0.1628615486762334,0.5707086000116524,0.7950104498006312,1.2233241711009522,0.9121883202889937,1.364983255860376,0.8814885937472026,1.7776603059567682,0.49434181746324307,0.9676958171338715,1.270741120164717,0.9881129491648586,0.9729038450076415,1.0111227946053334,1.3504744466639123,0.30831157699938455,1.7332490324672671,0.6029118443803904,1.5576934041994586,0.3167355907472885,0.4162125542750691,1.0723647249091905,0.8157663238120088,0.33022404812343475
Megaptera novaeangliae,Humpback whale,Artiodactyla,91,30000000.0,95.0,1.3205814656016839,1.864326257837467,1.6943414206651652,1.7451180743676333,0.6630753384468486,0.5238130433228989,1.2234172104692875,1.9231141991115899,0.20137658846718637,0.03499260548018871,0.054952836390551096,1.58064367984792,1.2070562644881704,1.3572536458422504,0.10785234045877659,0.029208994579059434,0.08409815840500032,0.080486240964477,0.39445844248698886,1.7937758400758947,2.014539174826535,0.39687854918179816,1.413824777544059,2.0597780415895794,0.6953849083794755,0.3071639448773963,0.48132276777929794,1.438945310848757,2.1928157648597084,1.8263817640153395,0.032669596504054946,0.9070610343727343,0.7972882775798633,0.3379895085860483,1.025603225570958,1.4843766468674866,1.4399120902755527,0.5376125711010579,0.7464130745968646,2.0070019202790244,0.6331935253323209,1.375374002485767,0.014796790003908648,1.5778319653034871,1.4236463981372411,0.31399974196635444,0.35733827887286485,2.0723452718156916,0.9610277110241557,0.30362460552962034,0.13162421587462264,2.391099035782602,1.9530076247209576,0.46418523620578434
Microtus ochrogaster,Prairie vole,Rodentia,141,40.0,5.3,0.8254586849661927,2.578666174235801,1.9432464363246564,2.238557516944123,1.1143456056708942,2.8509097248529427,1.9547192770669717,0.7737209911025718,0.7736126124560352,1.9667625630728425,1.5043956191658032,0.32105304963425185,0.6246534276392728,0.9840972134824801,1.6203491941062853,0.5541046440907461,0.43822525384119393,1.023365415068468,0.7602379612157548,0.6321150477917499,1.160115203195797,1.8787330001988969,1.131146980424776,0.09576013726947914,0.8856790580046882,0.8638220159648423,0.447855013513816,0.721819881062933,0.7184387310910447,0.542779951809479,0.7729133844373823,0.844949034529403,1.3551964237616254,0.9728742672153923,0.8545751220031864,0.8715796965733855,0.6721399479501784,1.7900404489146096,0.9150433935771853,1.018233927150843,0.8215718511144409,1.1774187036553876,0.714531087697915,0.672375558469561,0.5547107036527729,1.0237274127114415,0.37083563919453505,0.8135829355657693,0.8224841576073392,0.7008028379471245,0.39567849948696177,0.6557583595142995,0.7080553337032767,0.5721748883011875
Mirza zaza,Northern giant mouse lemur,Primates,3,302.0,20.0,1.2907779335475307,0.47653429139775566,0.04636144504640313,0.5250144881853143,0.44231698940417025,0.5038514784987047,0.11704229151518086,1.1105496795925551,1.3169318075975152,0.35678782505007306,1.1249806696134512,1.0504230560077488,1.3498892445959214,1.0772958598990998,0.06434021569522268,0.9425228615206217,1.2918000874461366,0.4097840317359635,0.7721886437690926,1.1048960427618306,1.1600302848611028,1.0185170943947133,1.4502241710816868,0.9982309765453669,1.5639592984975768,1.1223454236518862,0.39168650572616964,1.292189391488032,1.0839992450767624,0.999792128643079,1.580577725818521,0.863047081373757,1.061852143128613,1.3494325908259655,1.0544410395469248,1.2254129066045112,1.4886391592571375,0.45924399841815494,1.423388980369908,1.238060433652286,1.2587005323596676,1.347173944200918,0.5235088350878517,1.3633676727337398,0.8030663257449921,1.0347049882092936,0.9699770333025789,1.0646581512079407,1.2107232043180312,1.557212980671136,0.7268123214822997,1.5486271188307468,1.3324687128810149,1.0596386571273393
Molossus molossus,Pallas's mastiff bat,Chiroptera,14,14.0,6.0,0.805988862554319,1.634206216395984,1.4305696897628182,1.5683891355083002,1.6049966629553605,1.4791693451800951,1.5445935523908862,1.2283604202524199,0.7071331971620756,1.5950831024718768,1.5508157449241826,1.267476846009475,1.0009445605022798,0.06799911741692292,0.05172073277130378,0.7613416438366436,0.3190136729256407,0.2753085733518849,0.27703464345282974,0.6319240764889493,0.9407824200772644,1.411693837625167,0.35491231435561243,0.31521946126093253,1.0355998679822078,0.6573924233388896,0.5659267021732614,1.4503687363456081,1.2473684809383403,1.2839325964111634,0.29811359714565294,0.711241661721419,0.9658244495726533,1.3382380229291821,0.6404190719086731,1.516965817254405,1.4584967011886665,1.257296037399114,1.1237451202806281,1.336128493179936,1.080598401647297,1.3415859806461807,0.7924544284814853,1.248949548848899,1.0219032664657681,1.389814273669288,0.5468717020947809,0.14578787804967616,1.3617079693402132,0.8134522771345061,0.5420969022454056,1.5443580481865056,1.0670014660422482,1.3916822477446877
Monodelphis domestica,Opossum,Didelphimorphia,93,105.0,5.1,1.0270784272137894,1.4526000609026988,1.3684542317200532,1.3560144975000274,1.1693385259414444,1.413660080992408,1.5058065560237863,1.1254725939953183,1.4525468065300036,1.5635836386286215,1.5622774079209614,1.26405208510081,0.6618658883687251,1.1840720343145505,0.9971375428002188,1.4210230058499025,1.0662583541361006,0.99948264261335,0.9763835136121761,0.21688902668611554,0.19448009085040158,1.0864594681308737,1.1992302998138193,1.2552622304312488,0.16798163444973693,1.1984053505488435,1.1876662237998834,1.1096231133275185,1.0386630192934792,1.1822822880286556,0.6466342231557356,0.47134522423115327,1.3007143595268793,1.2827081288663373,0.40839185523595284,0.3903672162854755,0.28874074983876036,1.3770284266352237,1.3291467939863455,0.28019601933944743,1.2037942929690097,1.257444813185692,0.7133828324706847,1.1255881961782095,1.8042054969891497,0.7920535550113661,0.4834296147252389,0.20504127446964457,1.312765841016844,1.0976478418840292,0.9732258903136309,0.692598505023446,0.5230345815713536,0.6364636275648557
Mus musculus,Mouse,Rodentia,2091,20.5,4.0,0.8169576347417759,2.083192211497257,1.6900607778955348,2.07145294475195,1.396865982645302,1.8934528668736816,1.4402575436868,0.8768691213270177,0.8047924964064399,1.4149122567430847,1.6625457377355861,0.7474711560458455,0.9035227099802894,1.142590745009172,1.1802116869178365,0.6759659405737011,0.6637051771176001,0.6373328221675664,0.4140746703185541,0.8211486763244049,0.8157406432001814,1.4116646436008078,1.0538334311873767,0.6152983051037444,0.6545981882547449,0.9509278784248968,0.5334178643666558,0.9462620880456735,0.7309882761129635,0.712339600462802,0.6612826385650018,0.6024840759581654,1.4318281531787758,1.2953610828990876,1.1384786613909943,0.8543911584109541,0.7420858839774244,1.4671654306594026,0.9367167989403025,1.0404191923962363,0.7049498851085446,1.084129849169972,1.1568307020172677,0.7230406489359704,0.9616101780580102,0.9443565728690205,0.7576266676898764,0.6751274737433444,1.380981307398549,0.6232426926767155,0.8724623110998231,0.8001534974308466,0.7046906902071282,0.6781303696993464
Myotis lucifugus,Little brown bat,Chiroptera,11,10.0,34.0,1.3555038370025676,1.103714962954148,0.5686122025903153,0.9571291674555943,0.012351095711653782,0.9366513692056848,1.7821014132231214,1.6122428832176297,1.3214506155464245,1.5769727183831412,0.0878889186320322,1.2456156845047697,1.262238437163221,1.3521671485281779,0.5072787558354552,0.8387940686072838,1.0620061685000666,0.7157385708987759,0.8936963271701454,1.1241383485926368,1.5483107584323312,0.16066703971602617,1.2642575133478204,1.3683147598511354,1.077557446076551,0.5401305441770107,0.088175418118996,1.383995811460612,1.6158724206743569,1.6574115041269215,0.8432657723631846,1.3116642906549987,0.033201073931225636,0.30130564447133706,1.259673581884147,1.4139356789945137,1.3759635127972736,0.31730773923571853,0.7153230575084322,1.4026303768429222,1.285721054918413,1.383861965304696,0.3737393846114933,0.1124302913637333,1.056608473040514,0.742938566326737,1.1286865207842671,1.673861242839707,0.6851273761960862,0.7417420076941084,1.2251140417128523,1.5488682411097265,1.0891581852708265,0.9568860104384737
Myotis myotis,Greater mouse-eared bat,Chiroptera,38,28.55,37.1,1.0971301321558473,2.1624798365283344,1.2859878348535316,1.7857880396951045,1.5641527533942208,0.7680946953309384,1.8889137553776694,1.4002707262726062,0.7405007048090686,1.9802031258553814,0.1770961005604355,0.932062815810293,1.0400237738514775,1.261025404409422,0.5203215856893547,0.8160110426462021,0.49360766477123,0.8219193095408738,0.05310101914317665,0.8797159155719756,1.5261939499521742,1.804127754072728,0.5784353338354962,1.6366856943794428,0.726502241898225,0.23862912830015998,1.1790241076754269,1.0240035803769332,1.3257664462597243,0.1583284427230759,0.5015304862197231,1.2341763024738215,0.4146635733754892,0.7657101119382881,0.9950004372641083,1.5608545091672668,0.6853595976494677,0.004529328588449753,0.03100892698790515,1.7762805864179962,1.1352354012426702,1.533759424869494,0.9920986183358524,0.918291705777151,1.87748710874469,0.8270178504894266,0.7012641588707038,1.7912087225146,0.5016895778897243,0.7262937905367409,0.013496339207807262,1.4158151362215532,1.4993044466119334,0.2318209428646132
Myotis vivesi,Fish-eating bat,Chiroptera,17,25.0,10.0,1.4493786094420327,1.7282732221607042,1.3397496795422985,1.698430242158435,1.4182888789201937,1.508159198076381,1.3489128824455368,1.2300248752646132,1.2465223617902559,1.6281237369189592,1.3512891198643435,0.5267736364038538,1.2265415711306138,0.6004280855345007,1.1762992605305056,1.3535054014894503,0.8394694169560085,0.001746760422899443,0.5431176372937072,0.8319114221894262,1.4089810388975186,1.3642374051042239,0.8423336078549437,0.7826716120494057,0.9002781699315897,0.21340969856393524,0.7986236473205831,0.6486760195078205,1.050047508771,0.03775703644554529,0.7625412597257308,1.5329474103667418,1.5656080354506257,1.1300141371887726,1.029887930449945,1.4934191090538982,1.4710223777337257,1.3737032764961614,0.525465104507378,0.7854430661494354,0.6886803153775004,0.5729095944746274,0.5449359530598227,1.221487265344505,1.039135101553695,0.36797930158171144,0.7229046967513867,0.6052348038871856,1.2623556517621524,0.7672283185176908,0.32287506996840554,1.807783589363924,1.2058966798187754,0.10658020843489684
Nanger dama,Dama gazelle,Artiodactyla,8,56900.0,19.3,0.7437386926296046,1.2271610258838925,1.0823289443845427,1.227972886333664,1.0667617600995316,1.2689181101352807,1.031704655522469,1.2423127522856716,1.090849002482534,1.036493871696096,1.2407459412062356,0.7516286201438376,1.0212107638011523,1.179941045246417,0.18517191197603092,1.0760509444912267,0.9386263546348482,0.01284218548236215,1.04151900052495,0.9506524685893479,1.0707399068130108,1.0780777273366153,0.40408459184722345,1.2782544450417745,1.085486335781603,1.2179287343625265,0.6889315206898446,1.2242369255764503,1.190314222534635,1.2196985378623804,0.6180498896363235,0.9108545884198671,1.0864432185289281,1.0937587274952225,1.0702248501530116,1.1817921681294987,1.1796973978426564,1.0995665725728367,0.8571217442367536,1.1541746900905192,1.230605068153914,0.9927869132737418,0.6780363279162487,0.30779379960202696,1.1239868705533826,1.0342293832856668,1.2291482159320049,0.9542714570477061,1.1330165670324517,1.0220621548990154,0.9557745049469399,1.2276514978330682,1.245694355341456,0.7388751516809923
Nycticebus coucang,Slow loris,Primates,3,890.5,25.8,0.5256753231509215,2.1081055104762565,0.46514735468049656,2.1120347926144962,0.1011515625620381,2.123219698377122,0.601116482677048,1.6196925215510156,0.6903268239981104,1.1919971078984344,0.2410101823716738,0.5466368597916329,0.11035297133046036,1.0855674992094502,1.8973335641916533,0.6387729290159055,0.23824458018147895,2.117686465405145,0.9792697157180551,0.878304999743468,0.608375930695411,1.157532134960753,0.4001258396823016,0.8906960362272779,1.4013617935942904,1.9910046121356875,1.3023044525459755,1.654774369237104,1.05075099795413,0.9402683131566673,0.35968826078814464,0.1474974809660658,0.048698602439361464,0.8861145286380486,0.8100017722740519,2.117930761041243,1.4086624785564001,1.2069953834062128,1.0893580389853428,1.7456623391732513,1.223008536680751,1.1170021720103642,0.7095035658533962,0.33068169572290057,0.8756610465373252,0.7423059084515008,0.7744407446505098,0.8550048628139363,0.7747386316856781,0.19500973976612182,0.9655944976203413,1.6627202128352465,1.8913518960842335,0.3935254178850864
Nycticebus pygmaeus,Pygmy slow loris,Primates,7,419.0,20.0,1.1048518384130106,1.1818886785705023,0.7046202594519534,1.0890438710324226,1.1086617661611478,1.0351607254870674,0.7551189384868618,1.2762346561747269,1.0284214009186543,0.8163944344067541,0.6726024482468548,0.9209306863250362,1.2386589327522282,1.1464146357407148,1.2444769936194968,0.6691082691729038,1.1099309402320843,1.2048498286649116,0.6752915266186225,1.3104513008335315,1.1476666139318408,0.9724713514749965,1.2344957911220564,0.8367542047814022,1.1674210857039828,0.18378415066296788,0.3037599974952258,1.3225958630635848,1.29231417673018,1.0675684223293218,1.1424949731226033,1.181143263635835,0.8517488447969256,0.5623293783048152,1.219903634306599,1.2776595257228354,1.2509262219586803,0.43767738458603656,1.2884477431966095,1.2694536266389025,1.288921148833077,1.3083632727273737,1.1968885135494927,0.05443167606119675,0.655102602863183,1.0318928046965852,0.8395859858753114,1.304955614855508,1.209121854622991,1.2459774031602657,0.5213625394922244,1.2586507278160752,1.2730551775343177,0.5079622930375214
Nycticeius humeralis,Evening bat,Chiroptera,24,9.75,6.0,0.7078771231440762,1.5198868699000139,0.8198839129323753,1.6069116130326233,1.8142930916013562,0.4824098611049083,0.886982230771415,1.5064284437471518,0.8694546356035255,0.34461326240463586,1.7516913103044036,0.052415700005997136,0.05458255623177307,1.9410761853001472,0.6034674638322786,1.316659841572312,0.6570469614999449,0.5681700486269022,0.7865842483416854,1.2129401733790834,0.765714200054549,1.6588572341208634,1.6552031615497842,0.9042382725617678,0.5055331203055524,0.7322580695697157,0.9371364978548411,1.6345851025052756,1.5004391495559488,1.170466610486237,0.48510067282074437,0.12058458653521299,0.3918592680454341,0.32232372318042507,1.6139816767494943,1.3101836558113893,0.7294457237019735,1.7021618628265285,1.5059716680872448,0.9224735296797574,1.813555782643683,1.7250367218035663,0.8757283971527855,0.5767083632155158,1.4080654881855386,1.344377074610401,0.8754610196593354,0.4015637896864647,1.9249756100467852,0.1464590603174171,0.15930078565631736,0.1657456404903069,1.4095662171727106,1.1015627300198334
Odobenus rosmarus divergens,Pacific walrus,Carnivora,11,1012500.0,41.0,0.8051833251791808,1.7345804980580881,1.6142948646218096,1.7546482926908922,1.6998933143329764,1.6838209871313266,1.1254709459955705,0.8631671017118308,1.186474541457104,1.4964234625888329,1.2470652069637032,0.6763190361113444,1.0996225533794433,0.3304652387702126,1.5736044507688165,0.8702167169653261,0.8004518653751209,0.01299711009118034,0.43997890368075515,0.9066713611329625,0.42459115978897705,1.5911131696655323,1.2616659146205367,1.288463436528277,0.8463048728520509,1.4495169626130928,0.4219835965978081,1.2179943369592803,0.5286021446728038,0.8535999874508197,0.7715289298657445,0.9602822771455003,1.0929446565533032,0.40002524069504025,1.2497592104209672,1.0160647063620991,0.8488486101463825,1.7404232925799663,1.5206043755577008,0.7163294738054693,0.9929677942212507,0.5944926631924013,1.136477261190064,0.4309898745012223,1.303541602346487,1.0915391945732107,1.0816535407680805,0.5229379053447185,0.15990274965962056,1.0643700104228833,0.9852763241742083,0.8313087648880056,0.7230179333680579,0.959528249461957
Orcinus orca,Killer whale,Artiodactyla,219,3987500.0,80.0,0.5153669094922678,1.2455675268749284,0.8168398244746158,1.5223993836350649,0.8434545040138712,0.5324388594259373,1.146779873753836,1.4738770975883506,0.5975831074147829,0.7340010545504452,0.8120415307165266,0.5618159762821231,0.41540114928257815,0.7758262720626814,1.1070208227238165,0.12435327044982554,0.12466212110855608,0.8978574775288252,0.1758360451741442,1.6142815612778416,2.0359155492185477,1.3702958407470318,1.7719843903148997,1.9991804417090078,0.549359407107269,0.5833687214358957,1.1702999314923552,1.8347944373996037,1.399368468158545,1.5094815433741655,0.1801907880170718,0.1826052954426658,0.7954872282763698,1.0439646656018036,0.24646654225571885,0.9216484620396854,0.5685450465215632,0.5212957453813329,1.2867958960039336,2.959307195372521,0.6480518322363108,1.2629864547174403,0.7327040848333938,0.863410517576177,1.3706320956768672,0.2708009580486742,0.5739252080618303,1.5887488456500547,1.2844408408087142,0.07802540533980394,1.5419029429609328,1.775215908326001,2.2794249845725063,0.7619699574902878
Oreamnos americanus,Mountain goat,Artiodactyla,18,90000.0,20.8,0.275794075664205,2.083156607022338,1.7393981437862627,2.2295258793148007,2.3405053488774166,2.0988413845096847,1.647737958131897,0.8740125090127552,0.0009119463291232052,1.968047226087978,1.682000895193401,0.9436838006083398,0.29382804898085446,0.10929555284394851,1.7029979486947096,0.8957707478269403,0.14205878450481152,1.0129972429920109,0.22133376356759638,0.8247248006658958,1.450089667684321,1.900696069509311,0.8492845735718261,0.3705059410920974,1.0870724071517142,0.0354135538244532,0.23214433056117934,1.6852501756079497,0.14662332894487892,0.4174184111463704,0.14714914744383048,0.45771742985773095,1.664084793930533,1.0820995297705551,0.3062177370846682,1.9150043417721447,2.0903189930012225,1.2965656565108492,0.19814011571000106,1.2791720977338836,0.9682621529253547,0.8868302597542261,0.18719177212267815,0.3167931581191383,0.2386535476349698,0.6396178703644807,0.3897524625419784,0.10885067763370498,1.1374351723088643,0.4341063848094558,1.071082785607406,2.228196213715063,1.9804153900498764,1.7152211858883195
Oryctolagus cuniculus,European rabbit,Lagomorpha,5,1800.0,9.0,1.3712428740714422,1.1037401703304905,0.8410025842669496,1.0682316791296438,0.31707051300468636,1.162855886372039,1.2149107574384646,1.091554738862824,1.4193043705969466,0.9114563476999233,0.531174812830617,1.4057790493054425,1.2682180604994733,1.1158861915196179,0.1640825692185093,1.3988497569825438,1.2047031649469178,0.9350561213161827,0.8952481267899193,1.0066277290022487,1.0832866831173196,0.3764047921789552,1.349496796709789,1.216134428349047,1.0267411715127726,0.3851872852316823,0.9220772675029807,1.1901872070363515,1.071113488358759,1.1549320230551032,1.2485153047957391,1.150667243169699,1.1696879824273347,0.9940507549605423,1.1416832757068107,1.1364284717260285,1.053699056904315,1.303742302964797,1.0797898083454702,0.9837287260684844,1.1749524720822535,1.0279560376821573,0.0464949775267242,0.6059663428194488,0.9868892083388296,1.180119035946979,1.4250052455242348,1.0981008666509884,1.1643612378839636,1.106827636107131,0.20180685222923903,1.1285214860748016,1.0277002023685515,0.36074882445785766
Otolemur crassicaudatus,Greater galago,Primates,7,1094.5,22.7,0.8861415986004662,1.105885140184456,0.7058330128483774,1.2632448506251837,0.7469782804100361,1.0090438367718935,0.7864924269639894,1.1524437827792684,0.9242461327280524,1.5084316849804211,0.7519037422963581,0.9015458411137577,0.7602832649479971,1.0828561100859369,1.223561238492499,0.8037919479414575,0.5500898052060664,0.6631291748706849,1.608947902594131,0.8538290658786295,1.029407312577608,0.7277753481977246,1.047963544489165,1.1200665358592123,0.5288251488906897,1.4554968849978906,1.416992613657533,1.1716604861135298,1.1435135065836148,1.0188458282891708,0.6186347314850974,0.996281568938791,1.0109379527608064,0.8154775985955699,0.7116000431714661,1.237517543753724,0.9553743215619621,1.3256522753524211,1.0321105173152898,1.1897830605202588,1.1510374538044583,0.8715252271250328,1.2998492234809196,0.9718933727389515,0.6718609034745775,1.1259524548250037,0.774313540492417,0.8372572970145127,0.7987534751793132,0.6829115124529531,1.07203003453196,1.2348680494985147,1.3645318688009802,1.3006199231492108
Ovis aries,Sheep,Artiodactyla,430,80000.0,22.8,0.748297786242679,1.6092245772938616,1.1020690148177725,1.3264952108003811,1.1361480360362077,1.6375934521543194,1.2339954402704816,1.1582796689887769,0.820454329928484,0.9487280202398033,0.897716252688196,0.7584437495971175,0.9461358954427217,1.3321212509237512,0.8752467297706304,0.21772782818584532,0.7146519608390188,1.0495219112349532,0.4985887096684081,1.1910815737664642,1.2588314137241254,1.4200114498720742,0.887318203302335,1.056801903215766,1.1150947518931473,0.9649960775978115,0.31591671689423106,1.2867179287044161,1.1915017289280974,0.9102411079442241,0.805613704181296,1.232267502459482,0.5401459987328492,0.2673726611711836,0.8748952715780035,1.0761360236735218,1.1290153788594242,0.9565361071257368,1.0338869549625427,1.1895697273361172,1.1772052660249737,1.1670562793858588,0.909716772861914,1.0228461479387194,1.2336964426159247,1.200269410511725,1.0370118341032561,1.0834668786020762,0.9372277102350703,0.8810845736486269,0.5495219877282467,1.2551739562741902,1.22355046680457,0.6067802622185766
Panthera leo nubica,Lion,Carnivora,7,175000.0,27.0,0.9413563408958735,1.9625364899704194,1.886482444242967,1.8060918620247588,1.5889774888494193,1.67444119054903,1.2724290639809779,0.6317769209672756,0.987621433251931,1.4474532180878086,1.3308300409322433,1.2959447545662157,0.36487288746968083,0.822959912890194,0.7912412673382727,1.2764608075100876,0.06857943458897203,1.5029653877503228,0.13973222490601564,0.1718515254206998,0.5210639416460667,1.8902877976339894,1.5437622825102633,1.1903765343372605,0.34348390033017523,0.19441395798938158,0.7280049295932303,1.0885327051173679,0.6625344336569052,0.5066221097854603,0.0917042040065321,0.7352763827897623,0.8794914406978845,0.8213959946831331,1.2201512233083724,0.3139232427534869,0.2496392329161449,1.4062952200814107,1.4930590093022975,1.2011515932771777,1.0955118922420892,0.13318609824803995,0.9266914444548098,1.0340649754040634,1.0074541154693988,0.38816499035303637,1.8275021103136055,1.4873487652911617,0.9841867394148246,1.2787247275738665,0.9778358771701534,0.468278617142567,1.6722768410436115,1.6729979732693143
Panthera tigris,Tiger,Carnivora,8,161914.66,26.3,1.1811385849017366,1.0930308695438344,1.0132655497801442,0.916942826650971,1.1226580266649109,0.734414460755087,1.0397504388422711,1.258272168310723,1.201340846031329,0.8401972694458417,1.2669507401064792,1.1161144642537317,1.2927491825136201,1.2010164281995988,0.635397057473986,0.6388051489140824,0.9813653359333073,0.8392574486742237,0.6285905536995549,1.2918736873286278,1.2928511717313678,0.31067383712605245,0.20412871496220675,1.23449157928674,1.1664671595708898,0.8640645427249607,1.0488246959031395,1.3003736990339314,1.2844204666344854,1.240881835453771,0.9975179737033236,1.210102516009726,1.0508508860823549,0.7998278248976125,1.2225186899582468,1.2168072279648958,1.1306941387683032,0.8789946456117629,0.014756727796580988,1.2128664172307315,1.0948056201115797,1.076626528964367,0.3240497822531726,0.9998159355380627,1.2582420058220678,0.6754849657215857,1.187625533427142,0.9210106962105998,1.1600803183976658,1.0657019769351754,1.0481894741552609,1.2592331765198346,0.9191639741548726,1.034724173313495
Papio hamadryas,Olive baboon,Primates,281,18000.0,37.5,0.5906274475498521,1.6216812048263727,1.2927381646157792,1.4887450394855681,1.2245211859454193,1.8120064998148613,1.2074532175353323,1.259731371882812,0.4952974967315835,1.2995086579857582,1.3658944904867971,0.5661819677955833,0.7445482226114213,1.148642892227441,1.2221752432855066,0.8462329906470551,0.6208262920646487,0.8774846043714272,0.9167964623487054,0.8495922060030173,0.9421780437303223,1.321406095686342,1.0819470547727674,1.0515265409626424,0.939684208915499,0.7834903055903358,0.6626078526673765,1.2290893798763955,1.1557178401963577,1.110441873547032,0.761383076953229,0.7228002369441521,0.9807688089543095,1.1841637729188037,0.9067979612380628,1.1805479435790562,1.023725154440704,1.2306961790452728,1.074683461091616,1.038857438670627,1.1372857181522853,1.241508356197865,0.5036439807569244,0.6093270751387095,0.6995439067125626,1.1030983096671387,0.44340892878168164,0.9412171891098561,1.0667316088700012,0.5564738572432998,0.986740472486044,1.1161306160374649,1.2405654867697218,0.5211256060805983
Peromyscus californicus,California mouse,Rodentia,16,42.0,5.5,1.2084257024761094,1.8666611756319,1.8364852802589917,1.128707939867904,0.008422294797377158,1.813829420304777,1.5904374754591402,1.2487661177902714,1.4416705159847074,1.482975025299681,0.41257133692188785,1.492106043260508,1.0971210356183863,0.5967865541982763,1.1403955898616172,0.491633202801142,0.8119643491154395,1.4763532475492598,0.7289601871354727,0.8971967367367214,0.6147899060592019,0.6815153550101967,0.7883685635627617,0.7410115144998948,0.6719136414067856,1.5956245175651498,0.9605884079932206,0.8820283700992823,1.034339001318484,0.7531103185423429,0.7564858220230828,0.8201285808404024,1.4605491007328935,1.1970699572367074,1.0110548130451151,1.3376651849130259,1.4412121263248387,0.909106202984931,0.07197330934111433,0.2694399138995402,1.4788105060235577,0.0758615351021643,1.8993344545811863,0.9204387421610182,1.992232933301299,0.3387287119713063,0.8272297577124849,0.8950867977980924,0.7760645383106792,0.7976474673835723,0.18167136950293195,1.7638532392422732,0.666481216346894,0.6171148920939934
Peromyscus eremicus,Cactus mouse,Rodentia,17,25.0,7.4,1.0720125117335781,2.8235314367712028,1.7572910393092127,1.3507888055231412,0.4394310877049734,2.6313750820176667,1.5050655565534774,0.12742974210456312,1.4694714849571795,0.05633810575735896,2.1124169521768237,1.8776054043586723,0.0874867153217586,0.7996169988763387,0.9954999850576443,0.13107962122148,0.9925199623653955,0.8060507678576897,0.9450792219176298,0.4210993601580318,0.6518650807164891,1.037449988047013,0.29799808552183205,1.804721473763703,1.1623742056625883,0.9403096140289028,0.14282245553378475,0.06440568534390197,0.3790928647505395,0.888216459085397,1.6507525024409064,0.08999949294347392,0.6286860361032283,1.1442556729958335,0.1760713378829418,0.3846048231106851,1.5605957229738532,0.695222908069434,0.09431581938840859,0.5606146439895533,0.9069213729451119,0.8869871794276711,0.06008066011043087,3.9569420691350152,3.0594559241638253,1.1015388966506603,1.1920689162801301,1.1949045100867126,0.4321391418117014,0.5171358496263089,1.0301772374804448,0.8759546509067286,0.45379120522755806,1.576337672051411
Peromyscus leucopus,White-footed mouse,Rodentia,31,23.0,7.9,1.6461978873715102,1.970859998071025,1.4558799805532487,1.3026885979630634,0.40167998740083094,1.9148864669293562,1.3505765611796454,0.9511245231269974,1.31712508528552,1.6358208372893817,0.9997425020366972,0.651608841388772,0.6733592500755258,0.7085518086728281,1.4663997595715215,0.6058293482506486,0.6864549051499621,0.6689680763161724,0.7868183613023833,0.6448197907389009,1.5371078046448594,1.6337504879839169,0.9755172016722187,0.7140574916225284,0.5410284459569309,0.4060655824708932,0.6774285553862552,0.7501820779616177,0.7447066467546566,1.0682585576586332,0.8058861933548729,0.49209569221340227,0.755026690278263,0.546958875166124,0.8590022168354212,0.9201432142729079,0.9160911971177588,1.1888128028010954,0.8728137132733373,1.1936967732135,0.8489042986640553,1.003975268389297,1.3291919118037983,0.4426124057415724,1.5810079183719445,1.2059272853611047,1.4481877692860192,0.614799608932831,1.5214808155708333,0.832210968719842,0.9271410567060938,0.826426549451128,0.7277696879639897,1.252341665724298
Peromyscus maniculatus,Eastern deer mouse,Rodentia,50,20.5,8.3,0.2782982364137986,1.5988368418870078,1.9339944170900554,1.4086344741515966,1.1488759935989925,1.7061094786391962,1.5502043109720096,1.2635156463345032,0.7070622598509242,1.1254951476547188,1.10046033125368,0.5531710030318937,0.5117685108803867,1.0394799702110782,1.0914052651735404,1.182871765709092,0.6621581211799159,1.1867442358585485,0.5853128491373716,0.5700549081704689,0.4489173418936189,1.9409026951598158,1.1694222859901653,0.8418137293730097,0.9966326229502067,0.5128411351614548,0.8271173298332789,0.7078197462584933,1.0849026343073265,1.1744355556930788,0.8100559637324218,0.28153476142075773,0.4382643493536918,1.0324874551785757,1.1244383261191127,0.8679047292859221,1.0360962824693458,1.5707541352872374,1.2189034019948037,1.0039438125036897,0.8249914057872423,0.7924893180370924,0.8201547865932671,1.6010982771680142,1.4739675743231617,1.2994807867394007,0.9654411330731226,0.5836374155197593,1.2276047544461297,0.4322258891578485,1.2022077691962185,1.0784370900585052,0.6481812598503979,0.7564404788850438
Peromyscus polionotus,Oldfield mouse,Rodentia,16,14.0,5.5,0.5999240698992783,1.8441709769511088,1.707901442750903,1.7026031816321443,0.8517481653978923,1.9035893709953575,1.413882370546083,0.7309724652709438,0.39630053657973247,1.4621112084919503,1.1310204005831956,0.578917387963936,0.7149122466540545,1.2755261516408924,1.5938880455438953,0.9163599661269711,0.9266343644293873,0.5123923507064243,0.1753473775868089,0.9047274367655805,0.952087386753854,1.7361819518880528,1.2240838898466884,0.6032156001576807,1.3552967525646862,0.8391792518950958,0.29961621700331337,0.9217994499169954,1.0036262749739853,1.168060339492735,1.0510031008497536,0.9839004456446684,1.0740792512856927,1.1599069949550471,1.3428277596374842,0.1376363146119063,0.7060671763564836,1.6541411249613578,0.820605866683815,1.0462376375017675,0.17618699829159024,1.132357536594358,0.43927994225146094,1.4252273144539456,1.68394576024675,1.3041965239804505,0.222073474839071,0.4365787130061439,1.4538510884241056,1.3597584882418348,1.20016201952009,0.6130437575656201,1.066859527103733,0.06399655198322744
Phoca vitulina,Harbor seal,Carnivora,68,115000.0,48.0,1.128224263653894,1.642627458761376,1.2791315455426702,1.5783177837438718,1.0865602705359558,1.6325960328490758,0.7625274877357688,0.9931051306287605,1.1080301719139793,1.2942616285178754,0.5178515072503793,1.314385264817271,1.2972161085336449,1.2305466451617448,0.8321257135866742,1.338712165899366,0.7279755208065194,0.55264234445995,0.13395203997035088,1.1924548369058119,1.0669758594454695,1.5720207722181583,1.064281369861376,1.542416562248953,0.7519525754052372,0.21165865890635258,0.2957203210760384,1.0369842119141626,1.0429931324956427,1.4713227759397407,0.5220755525253009,1.1003996582828663,0.7443440152525937,0.4173829671566295,1.04575358311346,0.7594243294376274,0.8541075363967429,1.3693244424525148,0.23633323367239065,1.162751139124735,1.1541887884504303,1.1864599906459665,0.2317819561892864,1.1592535829270307,0.7607512623758195,0.8722832759589025,1.5793948588380695,1.1554711716989532,1.2743564984978375,1.0316612618550516,1.474734604286509,0.98083667767986,1.1267062444848346,0.10065320791051657
Phyllostomus discolor,Pale spear-nosed bat,Chiroptera,50,43.4,18.0,0.5673213180702795,1.6992064367176016,1.4366935807772863,1.6336222395748303,1.3182592928918648,1.6625364962407074,1.499452608974488,1.5445782926061744,0.07029053738295815,1.5854576878220918,1.5088425327872956,0.8546483994928493,0.6918367841313042,0.9259183116171538,1.2344031577884569,0.5758149324701756,0.04894220923782442,0.5489345991099261,0.3204073546290546,0.5738047834472362,1.427353629848232,1.3799382124273256,0.43646088205498984,0.9959867495115684,0.6231250766091165,0.20636390638972688,0.1382162669199497,1.521318773520343,1.3790550521980414,0.9922824209608683,0.3429271872410925,1.09791810360539,1.3566159304323924,1.0711217633991272,0.8872615773820169,1.6010934738576408,1.44326369308884,1.4174167578609376,0.979256558319486,1.5157970242693914,1.4761833227788157,1.4400600511310804,0.6194269734685705,0.8391968816072156,0.8231416286326764,0.6761540181976535,0.143466033588174,1.3472289796519983,0.8438318291630069,0.1950668122136128,0.26658868384663903,1.6097380843836304,1.5839298085537208,1.0222422971171672
Phyllostomus hastatus,Greater spear-nosed bat,Chiroptera,71,81.0,22.0,1.1925425000867482,1.5970902709719752,1.458892785705639,1.5529526598035068,1.2716767546557204,1.5074071195959258,1.5301182705104353,1.3700315517345747,0.9380140791018573,1.4855600957187363,1.4085328114898727,0.07660818828210915,1.2118975672215146,0.6260419991222526,1.1663378704383005,0.4345847174627451,0.6051318730261572,0.059498183123518775,0.684470831307225,1.2151762914462216,1.4338182576549516,1.40347686109949,0.29150100279906965,0.4121999666496841,1.1365284322928122,0.9842459624221854,0.8908939635514473,1.386759635891086,1.2930690310525066,0.5654113642607924,0.6316049016879598,1.3518976192954744,1.53550733701551,1.204449239150907,1.0427832633300396,1.4070281551396904,1.3983021496727075,1.4105701136428093,0.556484918774769,1.3525773114186197,1.300617300459886,0.6851450707335877,0.5149893296238932,1.1455882505563586,0.6628001701235893,0.5673534903809596,0.16051652504525613,1.3171000318393595,0.3851568478567957,0.34624763906469086,0.19386689060469303,1.5587583049115057,1.4063151430448932,0.6738690981469961
Propithecus coquereli,Coquerel's sifaka,Primates,7,4189.27,30.59,0.618903935899468,1.1809509910708573,0.7884886593984878,0.7350449431032021,0.35597355756361004,1.1882060169886526,0.11438004406090586,1.1622058983813681,0.9288576329126005,1.0016198815073671,0.7701071411006591,0.5781183162878235,1.0144221649222989,0.9921752351696285,0.35096113738683693,0.3762674546660025,1.3229313425225175,1.3678019373220738,1.3670062234128868,1.283803743350504,1.510159542592006,1.296506709730296,0.7558793253927305,0.8458348748373226,1.5726020937131566,0.060720928595462687,1.2691449481586616,1.4612229708101887,1.0030992548833806,0.8012412115528669,1.5653150798027367,1.463479221679862,1.4180113169940962,0.8259960888469847,0.958783851011642,1.388475522549387,1.5804338063335426,0.5302939970071681,1.3738911052893117,1.2967303775198984,1.1490961242335922,1.2554664511721083,1.0693984516038741,0.5732177915540203,0.27206278453636773,0.6592316784503611,0.8603635506460099,1.0058503704748953,0.8726606521120084,1.175524954926661,0.6067960021503787,1.6094019121096073,1.3926038206638631,1.0222769710378035
Propithecus diadema,Diademed sifaka,Primates,3,5550.0,21.0,1.1037302423180384,0.9823314436747351,0.11376686017285682,0.9460467661562532,0.48598906280861237,1.0638753060836312,1.2227781991854183,1.2032991055006415,1.012575249760791,1.1079326801829072,1.1159269978540474,1.1115605432150162,1.235848549803114,1.1885742957729544,0.14167970764593243,1.1324805258892197,0.31410431075629874,1.2045271254138379,1.1576817421555081,1.226086957324411,0.5578349925324321,0.7585405879922185,1.232008916181567,1.1378766159347793,0.7703344665971245,1.1542433598150121,1.0340140052427143,0.9463291324622043,1.1935893792626422,1.1453716023584124,1.2189770098415833,0.44931021069283666,1.1146477492640894,1.114319690875611,1.164685384821023,1.2236563979755712,0.527135190226822,0.9210789369330631,1.0899894531948309,1.2248611592249528,1.214012721705978,1.163595150479794,1.0294281678871775,1.0988434665017135,1.0620154961838977,1.141342134763068,1.1432627533587991,1.1987275236332504,1.1849080685036284,0.7288099601592899,1.12034447416856,0.5074733254519194,1.2226113947940194,1.135025449305205
Propithecus tattersalli,Golden-crowned sifaka,Primates,6,3545.0,26.0,0.9062452572334768,1.3035601492350293,1.4137104109793845,0.9359607786433441,1.4097620488712692,0.8248803206829435,0.5394811160883132,1.29066530072542,1.0758447166998761,0.3195264712060091,0.6271605979068517,1.027297537814742,1.0581729114901954,1.1474816052338392,0.45453280372428395,0.47775597269314446,0.6992444642932881,0.6063777561645657,0.608795372439873,1.0077853833237067,1.3208964005728236,1.5630367171918114,0.9449169488142953,1.2313751836025255,0.9919772446649501,0.4824180580599955,0.9456256829395723,1.1389704726967937,1.0978573451930764,1.2851457946621825,0.6529553013829096,1.0310406871625906,0.09797670681057052,0.7354785137714428,0.9210337070947648,1.3262550070820047,1.174083993982113,0.7544100578561724,0.7865440963571105,1.4205410717097078,1.0560301306396416,1.40068120233398,1.263442007388806,1.1536198504629087,1.192982207883595,1.085377270372397,1.1399200710985138,1.0950551498802947,1.0903236150827578,0.8761799594566885,1.5605862557878982,1.3515123046616424,1.4885755980056221,0.608934409888286
Pteropus hypomelanus,Variable flying fox,Chiroptera,40,450.0,26.5,0.5163747423526256,2.6576250692928154,2.205863414831907,2.423663390880497,1.956130984222956,2.336503637690625,1.8460708133783688,1.2366073324976166,0.4623865196822197,2.285888514050564,1.7279962033879883,0.2523670725769661,0.32751322919240666,0.25299957283474056,1.238421206936594,0.15914107137839767,0.2053993572701625,0.3647231771316712,0.1571531488945701,0.25325779712877,1.048368165810565,2.1349766039206832,1.6029587485322776,1.532121371036636,0.07603049822721096,0.46799023039637033,0.35392255520156213,0.5327108462778818,0.9839927393260617,1.2167520093147892,0.24449187972297964,0.0008602239183517647,0.7209222226260185,1.3377548568749065,0.06764349178162064,1.4155971084410224,0.8454638899795635,0.6797071663940225,0.08329094521662375,1.4015052658713363,0.9373173233931581,0.9279487582491344,1.7951848566827349,0.13862763761840022,0.3381434953629774,1.0299828631771604,1.3556464734664024,1.4535257165086048,2.0803018714999126,0.061496425932193274,0.47799581295573057,1.842436917238166,1.7671908725211558,0.18105390091132476
Pteropus poliocephalus,Grey-headed flying fox,Chiroptera,16,675.0,23.6,0.43635350812694323,2.3202199222293767,1.823832184386003,1.8526619754584779,0.6230073063796935,1.7180306082042622,1.5711920974607005,1.2300123620924879,1.2277430275392005,2.0804080632062325,1.6054239960562415,1.2683247133222324,0.5024951824854623,0.6180769933865066,1.7679005332354631,0.9674003549423484,1.0946834608054627,0.21907792458407696,0.4776914630674996,0.8521479465706293,1.1543948535849329,1.577343805424439,0.7586147812820292,0.9995302671111079,0.10888732438526288,1.7260425902545802,0.34124902356547276,0.16445193256857485,0.730520428220623,0.771154535618086,0.7599582068960102,0.4704914030230759,1.0368087036884037,1.265200281977657,0.09123482983779933,1.571129821728584,0.3112469362367277,0.15306368917543792,0.5741571106547847,2.023062105544035,0.5725164802681019,0.08603009112535068,1.2872326110045382,0.7817267434841088,1.6297671042220705,0.6100206448900515,1.4148215497224674,0.542489929519289,0.46206157200806813,0.8903263734660637,0.45887782116668213,1.8572025695554841,1.4084730344036545,1.1532272208471488
Pteropus pumilus,Little golden-mantled flying fox,Chiroptera,46,200.0,17.3,0.7708060362340532,2.4491612104160794,1.7315354310661564,2.041536110346377,0.8445285193106792,1.5789371366828004,1.7911758805447164,1.648719741658005,0.30674065715026405,2.0759120261333774,1.28431475415655,0.3602454155980062,0.36869841352678256,0.5353712303381123,0.6517336435555742,0.29396311096396294,0.03838016176377062,1.0233164573222917,0.07897876504531737,0.9642100932378126,1.8223266520190038,1.2739369000439678,0.9471200737129959,1.3397274131931636,0.4423212547520562,0.21593306691744737,0.29713662786705364,1.0799620258058866,1.5564023586975642,1.5969648956855875,0.10596061526941644,0.31416174074060754,1.095895737141584,0.4381841212807821,0.4436340456514337,1.5790066863147316,0.7281780225487224,1.9509021327286076,0.30110563156052095,1.6850410663452877,1.343898568778759,0.8926686225993038,1.6499654074170633,0.2595761819634303,0.8194926959945282,0.46645832061223513,0.4706288423438144,1.8216395859581043,1.6554206086224,0.04717918060001042,0.439197416157488,1.600659900134186,1.7871892715559483,0.693859533935593
Pteropus rodricensis,Rodriguez flying fox,Chiroptera,19,350.0,28.0,0.6805311362923289,2.1736189367585528,2.4616080789475223,2.0759379065045254,2.4693321849041543,2.1210222922643953,2.0070405693801874,1.87425722042424,0.0789434524224646,0.6848346371199591,1.059493679626508,0.6438451534606898,0.3986173602590196,0.9035744866038694,0.6440888963742379,0.4159256756986232,0.3287973144818504,0.771013667131603,0.029418177147084158,1.036616717972458,1.5000506706510743,0.41458321612332283,1.0297183039783582,1.431501602443007,0.15289028088215748,0.5739252655577628,0.40152908481969174,1.9689337249165653,0.44737003758365834,1.987811199576577,0.5503595171320839,0.26101803389834577,1.4515594292074872,0.8990501032041366,0.2527799253272831,0.9883115775371878,0.6713097006349396,1.2391475126126161,0.5648418985058782,2.4609812553353563,1.4301914465094847,1.3713183313357813,0.044941739042363496,1.2447049024130659,0.9053127186734344,0.7508156564623435,0.1470369304946397,1.2492056548980461,0.049093633349131915,0.0040329389411371324,1.2294592001867768,1.4198495972634986,1.5255066353991933,0.5223407313293461
Pteropus vampyrus,Large flying fox,Chiroptera,51,872.0,24.0,0.9405054469622944,2.679423878307622,1.9827389774290929,2.484254131796017,2.1546671649648963,2.220099645090499,1.5454921464198756,1.207458398208596,0.3681891469410861,1.6680897126536258,1.2456433509220866,0.603318566831452,0.8835809292815283,0.001427437716924796,0.26592488891997396,0.08612501478444524,0.5056221998486585,0.7238448125249528,0.9948987381254837,0.7782164210899104,0.754634354977711,1.5748167763984315,1.3427614791477023,1.0113257636471817,0.6261855950604632,0.35192542752173694,0.4895609055526349,0.8118181603956653,0.9545635944206761,1.1059091780706718,0.3232685131557283,0.7598979683179596,1.0092703436789694,0.2407205127392417,0.6890614258220623,1.3834220063766414,1.6086319086084508,1.667832520900933,0.3850140120026733,1.2360914797853815,0.42534689710349854,0.7941650200816245,0.7896773546567634,1.450038302159203,1.0572006485807197,0.0566490041325677,0.8315018398964475,1.4049863260350564,1.1301637480358615,0.7008536152834012,0.5207064401306949,1.8231977510929573,0.369844179664117,0.9794359377471524
Rattus norvegicus,Brown rat,Rodentia,458,300.0,3.8,0.36794501168155386,2.407619218396669,1.9206019091198883,2.2227993558019747,1.4641185116792532,2.3561291631333066,1.8863911839780962,0.4798528268962955,0.4241191699266518,2.1638815187436777,1.6804482409312034,0.710249176352896,0.45571323574162664,0.6446365897756021,1.8785751905431518,0.9363475990967035,0.3980028867303743,0.7438404472736998,0.6191066625460272,0.39338463396488743,0.6504204910950302,2.0510252603468193,1.1910738696356737,1.0270381291026123,0.4527943348341725,1.4552370388422504,0.7078456963896819,0.45850256155879904,0.539526796608374,0.7161387193743566,0.47804826062397426,0.3679903456878779,1.8063015398444473,1.4227335637912306,0.4066616090733622,0.5305833432142207,0.4576140279435787,1.8142093860865494,1.067022533366817,0.7714444354567547,0.755056820360183,0.7487948940095847,0.6622966635309149,0.5238682825030387,1.2451234820802044,1.2880897379557943,0.8873394138110128,0.5244752871599958,0.9304156154732024,0.3441731460680321,1.3234824085407206,0.6400320811039681,0.5358776011683247,1.0650000910449051
Rhinolophus ferrumequinum,Greater horseshoe bat,Chiroptera,40,22.875,30.5,0.9948974632246002,1.6549698681761957,1.356477092185825,1.5360258920419159,0.6849542770722543,1.646720493140974,1.6906853086007487,1.5201619866176255,0.727670638838204,1.542419525741866,1.4040160739900294,0.6719768266808657,1.250654228211038,1.2137642681061596,0.6614303295376462,0.46834790370324153,0.7435482206128461,0.5462444414224712,0.35218375994780426,1.1606852828001353,1.5947539311160952,1.2097283146244193,0.12851731321944188,1.0338355709645117,0.9268143438304035,0.5621601319027063,0.7937647145437902,1.5715573386844983,1.4359711429977915,1.0700008888047599,0.6407598719840818,1.0903844314301228,0.9535172616593874,1.1958085901331486,0.7683524932658246,1.5017978448522158,1.1977282065142185,0.30284900604229514,0.708191874519141,1.6221521555583842,1.3210359839664345,1.5454853957434838,0.593443809883455,0.20209048979554484,0.49400172047428076,0.16183021067019415,0.44113380523963164,1.51554106270235,0.93134870293761,0.7959721471942538,0.47259008404968555,1.5450719926013534,1.59399736935539,0.24997791808665065
Rhynchonycteris naso,Proboscis bat,Chiroptera,22,3.9,8.5,0.3293047944591891,0.9393817339613062,1.1795623764947016,0.4696481170981206,0.3176122125416259,2.2506536187587733,2.158464242223885,0.020143921195893557,0.5433561508143446,1.8460633686861792,2.102582242025069,1.4106731618839652,0.7539492266651024,0.333069868238232,2.1779926642825376,1.515299438538466,0.3354154966154584,1.5654274151624683,1.55389402486025,0.6115444448062898,0.24373224207268612,1.7968048185814707,0.07559633561444092,1.6834733297562716,0.46106003050578404,0.8899517429600171,1.4652908815085721,0.029985488506830058,0.6206087766963414,1.50891662034322,0.38607576662738424,0.6635570943154742,2.0959185512984333,2.844371675864701,0.8363118679813689,0.20090284274255846,0.28412624126920183,0.17226452451908061,0.7820593382270478,0.6084492617682657,0.11829219707302131,0.6831487080620663,2.6729671184555617,1.2631063432884113,0.9866261273418657,0.8140526190627945,2.0626354614709563,0.6884332703049735,1.5381895635834477,0.6349857493640895,0.16055866346523143,0.3394387588699378,0.12391032882188634,1.8501591403647693
Rousettus aegyptiacus,Egyptian fruit bat,Chiroptera,16,125.0,22.9,0.4260599940900721,1.8514334717774077,1.097760968013076,1.058962839190304,1.0489564381323508,1.7032352159825057,0.24496299111319222,1.0366053540274647,0.652049982941507,1.8282438609228067,1.3659323311495777,0.8416262198600043,0.6258909022046044,0.12815383911385317,1.5365617516077488,0.5166726308333284,0.7918873518436992,1.3287491796961728,1.326607324841667,0.1130702027618098,0.589397187775589,1.3134255600541833,0.28127228724554254,1.5488042684218841,0.14689350832121098,0.4589542705254639,1.1296401534526814,1.5876265791935997,1.8100124597179241,0.4780064369356945,0.4281347797623144,0.5863164122702529,1.7696041675618412,0.6576557882176577,0.054942609471821904,1.5572422756931996,0.8163196625961612,0.4649642312929728,0.7529592600143726,1.74555050509477,1.167894384019384,0.6835294756528641,0.9855106602577253,1.767805737896411,0.42764918483181,1.610207897074344,0.46614323901893784,2.0491201379780963,0.7776488781998008,1.2905165284652225,0.36745755961181387,2.0639324000123804,1.6743587037020773,0.9670799595568278
Saccopteryx bilineata,Greater sac-winged bat,Chiroptera,29,7.9,11.0,0.7679877733635484,1.3489113399703456,1.016325907759059,0.803023349372662,0.8824624471032348,0.5301904125140341,1.8069105820107632,0.8372638268254778,0.03279239940583881,0.9942228078154101,1.8355633923156744,0.1091272825790843,0.22925103454215218,0.8012692086665056,0.7791566473547249,1.6445337879579593,0.6290985240643711,0.5875872791995689,1.1155338431164656,0.1453846732471638,1.2463828309407778,1.7071313984162,0.43606772198422133,1.9837738990263436,0.2121807639048246,0.48444799647566145,1.6067574926170574,1.6026385215096375,1.2766073814359487,0.5455335520167003,0.4709216916520025,0.32680426137616636,1.8184842635774325,1.56026939248016,0.5472775975423319,1.1342717047049813,0.9859685926582874,1.1982425269848846,1.3011529117993883,1.6680267010261915,1.515942920964068,0.9575078198721644,1.484521770852362,1.4492274695699037,0.575626865165048,0.2250751730452392,1.8213275612450683,0.5860837540226441,1.7017388233046407,0.589709290727664,0.28006728678504467,1.394586663530586,0.39581809977844257,2.013228779823876
Sarcophilus harrisii,Tasmanian devil,Dasyuromorphia,41,8202.25,13.0,0.5491269980342809,0.8709130505329856,0.4963632762171993,0.4459317360203504,1.390676215694848,0.17924509094604754,0.7709583975899107,2.1533037561566064,0.6972854900273182,0.214989684304624,0.034116886086480114,0.8077695264173219,0.8649055248259203,1.7122904750755574,1.3087844808401876,0.9251562745030805,0.621561486778616,0.22998671144227467,0.027024470334442014,1.3945767398274025,1.0921104389657923,0.05409509404386787,0.8111923052202945,1.710987292650468,1.229071684565328,0.15790471176807525,0.2618053128479855,2.0784184089074884,2.126860631868678,1.909674917648095,0.9595156049150092,0.6640049515197446,0.5551568560195641,0.06979154256973485,1.3061973127261333,2.018945153360881,1.77797120917178,0.2116593851951879,1.394262185553095,1.8710707399776327,1.7958294823834333,1.8783740792099042,0.533747487396255,0.30198441992495095,0.49422980675739303,1.35600830884066,1.0546868793652167,0.694178942299341,0.9358152077215305,0.7232797956773499,0.6500642336225192,2.25202619369204,2.211859636302733,1.1622535156563922
Sorex cinereus,Cinereus shrew,Eulipotyphla,44,4.3,1.9,0.5809996073634267,1.5604048374714283,1.4020321906031,1.1321334742824702,0.9695700714850042,1.3907093304036093,0.8773324779144039,1.1363714476050866,0.6435875866933807,1.8394543299726562,1.648855764410912,0.06768274497303751,0.19234071294094032,1.2906045567030144,1.648353445228563,1.2409188779647662,0.6203040935289874,0.9128054494635817,1.4419253161886758,0.7706580971090724,0.7006463629195688,1.1155362035146468,1.304834102174341,1.1989388207962124,0.19956456928130806,1.3348071512265016,1.018481124477656,1.066268550337651,1.2133260622783948,1.1531757055133622,0.5539671954569986,0.24249692178083368,0.6525133515582618,1.2363116419811,1.2880738434528471,0.8260986196763291,0.5330659363114705,1.010802762766158,1.1754882284561423,1.0678140048433102,1.2797004583903353,1.3667237275807382,0.36143742024289777,1.3932390859962724,1.6339405539370164,1.1226074141118056,0.9256567321166259,0.8582131181581715,1.600536890754153,0.7322654108434666,0.8539593588107709,0.20118625283642888,1.0327414546726428,0.3785365504394617
Steno bredanensis,Rough-toothed dolphin,Artiodactyla,12,114000.0,32.0,1.6673195556536857,1.3273856513266657,0.8543760231566337,0.9281381348713046,0.8877532860838909,0.7604008412843791,0.8810333353018289,1.434355053134592,1.2816830796216805,1.3159606222740077,1.1501415021027777,1.672090347386533,1.0129665449846461,1.758765774160534,0.898670818307897,1.074209150088059,1.0698746766420684,0.4306620804852905,0.2382952674399472,0.9710087085157086,0.936727026892608,0.8751422009766419,0.5211752783625707,1.6848983884751025,0.7542139949275031,0.4385084895135915,0.5291402699954219,1.3232309862450113,1.6188147956527177,1.1481626875456612,1.0818446613690655,0.5169838925826934,1.4335088029519596,0.16598078385924306,1.9910747530778572,1.2001232916861173,0.8246045194719582,0.9481557759414693,0.6021618693835323,0.5253989347387756,0.3476419766586934,0.05000390657393553,0.6100304395510193,1.1899429238868968,1.4319755775222536,0.3109873624649182,1.7221961865298165,0.8955750084794234,1.5927071777296407,0.9430804456170927,0.9971355325393864,1.2604242708468536,0.19907340515089378,1.7142839299775394
Sus scrofa domesticus,Pig,Artiodactyla,176,350000.0,23.0,0.7549193857024512,1.687636426816097,1.6079811594278761,1.613692513203005,1.3178497163372302,1.6737029664079892,1.2521685992728502,1.1573925750581489,0.7588260064215838,1.5235713025354871,1.3275850003244514,0.6547739548488148,0.6573965810422017,1.125995049003305,1.4972499790898686,0.8372152748229837,0.6349624381043111,0.49720652567481755,0.17324269133122752,0.900981018725394,0.7520182247828644,1.3642562838772276,0.7353918061301805,1.1170630711912137,0.9656777840529394,0.6266075552405842,0.21966982704321855,1.1039720572621097,1.0456608810177603,1.2316949393319943,0.6281207494880732,0.9653077424293038,1.0351803345319395,1.3058206064641806,0.9262760221924349,1.0803693663537859,1.1716359582544804,1.4223960962335134,0.5641258259325697,0.9982517982451982,0.9692152791894344,0.8927737521898202,1.0188062087092844,0.3008204390585895,1.0632778285437126,0.630555259691921,1.0769311683198712,0.8080394377214829,1.1855313827490659,0.7056873118049473,1.208395786855822,1.2160474853343375,1.0127445865915887,0.9973279790344478
Sus scrofa minusculus,Winsconsin miniature pig,Artiodactyla,60,100000.0,23.0,0.3975323163691658,2.482980960104948,2.2993342760584676,2.3054828563790677,1.97224838583707,2.5170658495375346,2.305245224580705,0.7068526160159178,0.026130247567839614,2.243845544998171,2.1471850202476985,0.5909919189291397,0.22211368224589303,0.38400587581034085,2.0698686404040045,0.5899000727866367,0.1713351802412849,0.18823566301564457,0.42992388574518525,0.1526785137992812,0.1373251671598303,2.1237873563498226,1.0438210108694896,1.0228155968900154,0.38014289704359766,0.6250708309093681,1.3767802328284247,0.6558265617513218,0.488515261591095,0.3724394748797279,0.3808366931686044,0.09954634144925649,2.5996934968849006,2.253839219357544,0.05850201684555456,0.4868304161126861,0.6585426011123414,2.090577998686802,0.6524492773547418,0.16169363464048797,0.09317908231098984,0.14034735958724612,2.1437782840554096,1.6794997818683812,1.7139601757426102,0.5255318583626765,0.3551310046158536,0.25145682916736134,0.06750130781435391,0.29376922078847667,2.4073738458609055,1.1146225630072095,0.22286573896943343,1.1189901312894739
Tachyglossus aculeatus,Short-beaked echidna,Monotremata,5,3500.0,49.5,1.195168962379411,1.4933756914780025,0.9085256651281577,1.5814545794601285,1.5316721546043874,0.8963532213055252,0.4492650530238337,1.354540932908896,1.455395205130347,0.9471944649359504,0.9660391969383291,0.5112061204555475,0.8381480597763062,1.226327227697324,1.3880851640189185,0.6584244475456265,1.4896253573744267,1.176463158527062,0.3680945015609198,0.12910226461398233,0.6643854311866693,1.1068423036600281,0.2265217257935722,1.4616561204665848,1.4423246326009853,0.15747981383783102,0.04311345293490551,1.3231695030878798,1.4344917775435648,1.3112827194979666,1.4342326143845283,1.489535034690817,0.3790831481947036,0.8454537534079598,1.490370773183267,1.3077128245266039,1.5380776076828415,1.3728273867476708,0.04581191425882859,1.1359540990047448,1.0739533389126419,0.30935415193946614,1.5508351402199714,0.1096805365587759,0.6373209142563758,0.8005104844992779,1.5324386146333289,0.43783399930270717,1.5342348802961872,1.4710346244065122,0.13857927464259262,1.3629967744256772,0.77595545163141,1.4904837487200318
Tadarida brasiliensis,Mexican free-tailed bat,Chiroptera,19,12.5,12.0,0.7770463093244623,1.7619738482280853,0.5593315821051597,1.540270255591331,0.04161891420216084,1.717273678060099,0.6751153700173514,1.7203506461886109,0.9973482785463182,1.462542809001918,0.9816688456860698,0.9146103649041425,1.0933042686688481,1.1707405556064554,0.02893620893788374,0.13997103621275717,0.4668967559485169,0.06686127470595817,0.42945451673417784,0.8031744095875628,1.393895027256487,1.5929462968093624,0.2389212282974995,1.7812150560970519,0.85164343951228,0.3822745530598558,0.25005923299442717,1.5110921081595592,1.8178367972641454,1.4476020666154277,0.36650034005272175,0.9613272823291242,0.28600707767383604,1.1013431887216418,0.9622635003231482,1.8787059886564983,1.4712011407341212,1.3553703875141645,0.608978286351344,1.4398963637566056,1.595319474130605,1.2538885632901822,1.816651735463933,0.7764697300975754,1.3724468976485453,0.15207069892375474,0.877332762570434,0.9898212872362565,1.3792186842841103,0.42092972788698463,0.20031856943232898,1.809229064308274,1.6209764116758756,0.6877571026139644
Tragelaphus angasii,Nyala,Artiodactyla,5,120000.0,18.5,0.1273922393828483,1.4954771518426866,0.9403010098969153,0.48792192252880734,0.07738722826148897,1.6104911962078259,0.22447324406515498,1.1705605431746922,0.38505334144938913,0.6818210244614079,0.9124679271350897,1.0195781467853462,0.7944834997807119,1.0584822887156324,1.9438663914786496,1.16393825689023,0.137464370251851,0.28370552496321355,1.4100480922110887,0.6813334740817566,0.7591763656525848,0.8642335991773177,0.3753273608184294,2.046290177181408,0.9641504468155006,1.362000815563018,1.0959802400993517,1.3836343205013661,1.3174651976091847,1.4536554307414309,0.21433074223501875,1.0820737914150056,1.4297344526939941,0.4890949717846844,0.71937226235758,1.2088546620465555,0.97767193957486,0.3412835690127097,1.3923594713103264,0.9199044453718402,1.094381790996739,1.2359271943001502,1.2551841178576935,0.054406801771484735,0.857468128245477,0.8459617081775823,1.6083107349365366,1.1021643132005678,2.408831071465363,1.6467542549717789,0.6849282439381552,1.116318223103051,1.0225651315290822,2.06395714997939
Tragelaphus eurycerus,Bongo,Artiodactyla,5,307500.0,21.9,0.7508754106156401,1.2339874531030623,1.2327724077771673,1.232076050918292,1.1948526165450934,1.222076194781238,1.1732570423425548,1.1621482727973644,0.9105617027469094,1.2384768904911065,1.2527929714547352,1.0419204062162768,0.9922739206086508,1.1559139855747567,1.1130167729244662,0.6291463528122729,1.0290573809551276,0.6534991681852146,0.3019955753223654,1.0756120850986974,1.0460348007538347,1.1929475137120833,0.15146006045176214,1.1555868664352313,1.0847831646287964,0.5601773156328053,0.26624508314817386,1.14701353498241,1.1761143671116543,1.1698291908543432,0.9071077752372156,1.0628196470942557,1.2289311917281986,1.0338189299427953,1.132432779262829,1.214284751734289,1.1590379855166186,1.2364194500344015,0.976194060376091,1.1351195430033296,1.1564081983537429,1.1541994950070806,0.5021774659737893,1.1463827211919713,0.9313504500140052,0.9993637586443865,1.083793601578912,1.0789994654091637,0.7959214866932588,1.0275186681893018,0.5826870881624912,1.1516520701033928,1.1896703210663997,0.567204536699988
Tragelaphus imberbis,Lesser kudu,Artiodactyla,7,82500.0,19.8,0.5185468017534703,1.8436125366011262,1.5793689310005636,1.8176622513171075,1.2532793726536628,1.8361759987481545,0.15147220086068267,0.9359267099217312,1.220451337519579,1.796696292181782,1.082895436385428,1.2463783978911536,0.1504200840728143,0.8207113549914394,1.8341522329955815,0.14022383893513635,1.1226695286059822,0.017407936453873576,1.4343855672468677,0.16896691146431084,0.18465566191761548,1.5478894439090904,0.1917961866772854,1.4458974160866338,0.5185389470993833,1.2128296106567242,1.4431231974697727,0.5688964115383259,0.8047007332454792,1.226511886898108,0.7364624821766299,0.6670466319827508,1.6408180033331305,0.044871717516328825,1.1335847853882794,1.159926322859112,0.9635944633539145,1.4203955467885243,0.8682782247073744,0.8406583225059885,0.8670487057537469,0.8771044825523654,1.4659555015277765,0.6701986312070417,1.4404471676798292,0.8142849821623496,1.520653063558697,0.8535239972638454,0.8423074721160874,1.6005279337998586,1.8007567753899256,0.740141025766259,0.7698512605008968,0.14531928301042338
Tragelaphus strepsiceros,Greater kudu,Artiodactyla,9,217500.0,23.5,1.2332449784892068,1.340063786152022,1.3299703426700478,1.3308436714022644,1.2178295815970674,1.3449060722337438,1.1048887112199564,1.228944936460429,1.3186565471416778,1.0548486424467944,1.2677494539129448,1.1346080373058196,1.3474734295832882,1.244135531659811,0.021468731128110555,1.0111048428712077,1.0840299781717513,0.12241587618302502,0.7075309422739232,1.0513786889301755,1.2372670985156948,1.2545250219394313,0.3905912803614933,1.1500176976451508,1.0346482656865827,0.7663657396460777,0.7605612294473401,1.3337550778709577,1.1648656333777627,1.1920968716141098,0.906904216551648,1.1933160543188697,1.1415177278733069,0.8021554571035141,1.2524969937622314,1.072046141412519,1.137949625920683,1.2202654981679444,0.29913936733339774,0.9663462665929106,1.1017724072867865,1.1793853061033108,1.276853524215574,0.8520119392398393,1.038973058779987,0.4443434580517874,1.1367789369998522,0.1784853924235234,0.5310636894646352,1.2786832811975677,0.21003328072927382,1.1453156139308756,0.9548778891843681,0.8984981754177315
Trichechus manatus,West Indian manatee,Sirenia,9,467324.83,69.0,1.194542232694188,1.0257618059821454,0.3982858667588107,0.09265547274105937,0.9967779578615382,1.0377136754220901,0.4205491146736695,1.4286907275629075,1.352821810636588,1.0105945447935922,0.6419637488885602,1.2644914956627757,0.9883263820176871,1.27052697704614,1.0007285776021544,1.2595748095541741,1.1497340048622198,0.7385585387907616,0.4862978684356149,1.319002059432914,1.3791580695386367,0.42153320753526397,1.0343442580118356,1.3267289894448597,1.012557639553222,0.08253676642474785,0.469477613003604,1.4122609554396186,1.3511123034957586,1.4429665738396915,0.7034003124319473,1.1823023075708419,0.9100559711301452,0.45935775401629786,1.3674583949067072,1.3846512672470248,1.3798853088802796,0.652077076073564,1.0974460789373168,1.3237397293323345,1.3172288512103165,1.3037517739141147,0.04832368225350404,0.9661064713303595,1.083185313439378,0.9845194299090857,1.40146532707244,0.8781917903059977,1.291016616505417,1.357032037500087,0.22669708524310922,1.1444256987832209,1.257490027958023,1.2699176463416475
Tupaia longipes,Long-footed treeshrew,Scandentia,10,164.1,12.0,0.3382706898140381,2.00664723287303,1.743648230408508,2.197684881115081,2.2583467144324954,2.1971512754378217,1.4431433801102602,0.45454859873805625,1.36484884392327,2.12555270852674,1.6326822037867132,1.39586546296626,0.07540143150808896,1.0686463738802465,1.6404976177805561,1.2927591982681896,0.479380051011308,0.18263990765833063,0.22387766969331513,0.8302886220724967,1.3746847165876803,2.15823216952297,1.2881344886569714,1.035108124215815,0.36641641885640647,0.03492970575248731,0.9172040838161502,0.12526346684657197,0.637952977062822,0.8290665057158616,0.5161778494641193,0.4815872488139278,1.8118499113349014,1.7385005820148653,0.7164965567448806,1.106951559654105,1.5309994772878825,2.3325526042907216,0.6373702896047115,0.2694393234314011,0.36607120490264444,0.39819920372122175,0.10691488838194911,0.5511292424720847,0.0558926098585739,0.872539472629531,0.8482920124918459,0.2512604622218887,1.722698448951845,0.9725862242776919,0.3541945483584416,2.1975066085069477,0.0653073789052025,0.37660854064007204
Tupaia tana,Large treeshrew,Scandentia,27,197.8,11.6,0.015325205887729905,2.909982242391149,2.254470751230041,2.6313210102832025,1.2486955866995841,2.8666795083518166,2.040163056575198,1.1655169339094533,0.08886176441987591,2.682414593862991,1.5124307155699583,0.8886792060864276,0.07691201355921035,0.36848752930420275,1.2512632645719488,0.022117934821772465,0.07057723708115295,0.8917175774434485,1.363457367021512,0.10237792030155689,1.2867364519630173,2.7785784202495845,0.2649324131197555,0.7969217170110748,0.3226390273570367,0.1500437574785716,0.5168912627911519,0.9714653891456592,1.292341634409692,0.428953597088557,0.12009429188873665,0.20197947802144522,2.067079026460759,0.7702613532207663,0.3150203696194224,1.3847435899738156,0.854101791224529,1.2009862986533335,1.1581246080353904,1.3500207384535234,0.9375046597094845,0.5890039377266382,1.1125575666865144,0.39603471676936913,0.17408923082575065,0.21441808755911887,0.09247462649114088,0.7089741984268876,1.238266402952374,0.18473657971816135,0.23366504504897473,2.232609499210169,1.9432645573522778,1.259034255985072
Tursiops aduncus,Indo-Pacific bottlenose dolphin,Artiodactyla,44,130000.0,49.0,0.48410400291034467,1.006577570008344,1.4280519706391717,1.695206143628598,0.1003120375946953,0.8821580141742509,1.1982139809684147,1.291040981406457,0.5884199652921352,0.48587079956913165,1.0778597479862642,0.3910900681220681,0.5675264174638981,0.06516707933775495,0.08190594737247173,0.09680148016226832,1.5356857971318683,0.878059298577509,0.2723593541662887,0.25118821463336805,0.6732107857327215,1.4177502392035082,1.5604603342875558,2.1359640880664883,1.3680829202074878,0.45125176543195633,0.2592964746585418,1.439068046730973,2.386194223517003,1.9887568866139445,2.2909845880390285,0.14433742246239878,0.6100925997601693,0.8852215082388875,1.6245409651147436,1.7792231719675053,0.28933526889009775,0.04338706792121361,0.21241231786678139,2.4391979839506606,0.887529508868676,2.0967779574823564,1.4126800687486658,0.5724098857850901,1.3157148758945774,0.920951094968064,1.8361783297969259,0.11069532349470944,1.0103623752266429,1.4180142694596778,1.4258114057054179,1.5114329577541143,0.468733447876027,0.6363409691320903
Tursiops truncatus,Bottlenose dolphin,Artiodactyla,258,200000.0,67.0,0.5487292262642648,2.6406325959403305,1.298044077132178,2.155615884253749,0.862252641432012,1.0376628369856902,0.644520096143113,1.0123600681305942,0.834283219374882,1.5784528212353333,0.706181513555519,0.7468629777669141,0.7319132591786773,0.9130399035916651,0.7496000404068357,1.3077026286521412,0.30133466984638835,1.2840013857705723,0.8740978957700956,0.8658140767974805,0.7977310018582469,0.7231261891285452,0.9343915605940387,2.230442248450195,0.6867661823660712,1.0067830247930962,0.8678305821348724,0.7774964748998351,1.1553463786970306,1.5433877681473627,0.1703111595215991,0.6734611875253229,0.33076379778194864,0.2804514962574988,1.1755626359678006,1.0061922137541826,0.5882859968520786,0.34503637982482616,0.9621136770529218,1.385940708731431,0.7257943130925207,1.0011075425550062,0.55892689813495,0.5654213384250351,1.2596115364415277,0.7834411846389756,2.6148658356417815,0.9121267405486658,1.3539747125999158,0.38214486696832145,1.8074032197566023,1.3626802906683504,0.9491492677553494,0.9888297702056594
Varecia rubra,Red ruffed lemur,Primates,7,3601.3,37.5,0.8644141883853506,0.8934123896559675,0.5301917921591999,0.7566921601494825,1.0140865471987437,1.024294853995524,0.19530337469690667,0.45967441800030145,1.3199202216684358,1.3709537140022863,1.1846026673809986,0.9943880658840334,0.7167287453432086,0.7113890908501423,1.9404960497779304,1.3183204024774824,2.0834953051413616,0.6690339244668443,0.3506138748308321,0.6087736815336587,0.924317532822873,1.7856753611315044,0.59549920144633,0.9453358938342102,1.4940905865753913,1.493753342458563,0.1195202561773437,1.014060497746376,0.4191361941653272,0.7994354293316419,2.0415616934056287,0.7582376006207756,0.7942366283077914,0.6554609857031164,0.9317265688413382,1.392256531594391,1.252024245459324,1.433593572570098,0.7634037023139414,0.4255664459707651,0.6649950957021048,0.7637580398551468,1.4280142145124526,0.3432661921150009,0.8552344574422506,1.3107568098784301,1.1161072588161691,0.8305181465823761,1.232569562480198,1.9460674648274137,0.7061346455127072,1.3413073680601022,0.44511846531902105,1.9704745408212117
Varecia variegata,Black and white ruffed lemur,Primates,7,3482.3,39.4,0.517414000677866,1.5099442605002034,1.5028110094743343,1.449122150528426,1.4085134551142713,1.4662085213806793,1.4797761042563065,0.9335636679559453,0.12000835752976123,1.4747057140377715,1.3963067341337374,0.6072599977074281,1.1381095501269545,0.6951751614131764,1.2399299339564216,0.7628042374449302,0.13136450336265945,0.7846338141963335,0.5893973521497851,0.8431372505427891,1.460169549388033,1.483181200799431,0.48729809985395356,0.543491660651603,1.4802648263850062,1.4921701198019175,1.45044120935428,1.259619853374682,0.8490229891285227,0.5233475697907214,0.3699291607341082,1.4487641036298213,1.4792754222130824,1.4641343713650024,0.7402795184330745,1.2938969061962768,1.5255973396251326,1.3992639477466093,0.6344808835638533,1.1884488831082247,1.0431749877064904,0.9866327307149235,0.7897493212084665,1.0377656751152482,0.6489422803209431,0.5350306844945073,0.625688413598931,0.6885720882839897,0.5664662901807693,0.53027750784375,0.6467297089598122,1.4735338063997376,1.103352447047135,0.7008206664921861
Vicugna pacos,Alpaca,Artiodactyla,5,62000.0,25.8,0.13959556940756046,2.0164777024463465,1.5809042959690147,2.0079964847240888,2.388937134795441,1.8527221616532816,0.1149850017489438,0.4551655766179035,0.2787237855065747,0.13738840699381744,0.04439566904578642,0.627567884264058,0.4780956198419174,0.4993533600945163,1.7763550659542993,2.221853267102934,0.1711629698698197,0.5854977421194688,2.3466143943400226,0.9414259015062696,1.1696844749695647,1.6294264430323095,1.978236085391749,0.2663984874674632,0.5427525386370625,1.6977872948764818,2.067186116842526,0.8911299532748638,0.032121516155574875,0.43695913273192,0.4056712073903787,0.4072295570580765,0.8788158265927082,1.2453863832807044,0.08084579922657867,0.7163235778059301,0.0505635964632193,1.0224551404231084,0.7798001840139381,0.12679659490798265,1.0272745020532847,0.8992418470287099,1.1212849396944735,0.005291645085252035,2.51935282599278,1.6745614292037838,0.69219105682077,1.0422965765871037,2.7297597622372267,0.5543251357732043,1.8963797290388684,0.39251390273944253,2.317599293862401,0.037139449338489644
Zalophus californianus,California sea lion,Carnivora,86,180000.0,35.7,0.6876355452037533,2.2761523056123014,2.20874757525335,2.1959021149272715,2.016865392856362,2.2178618449000482,1.7408429102128953,0.4999640352756462,0.7949886197688641,1.284709378645874,0.7456862203892541,0.9420294729186937,1.0078124897344907,0.7412899206325437,0.4869079144779626,1.0562543390443724,0.3895319930161867,0.7882142810914011,0.41909088944973744,0.8125618530130574,0.6885915317403778,1.9450819949914633,0.7974933832231828,1.7446750310285428,0.3347446989692603,1.1779698388362447,0.36231731409906737,0.8037289531069456,0.554421143200026,1.2068850707679024,0.1855241501552132,0.5479456329730898,1.104692160414359,0.6173515467724517,0.6496015176689465,0.7173640072914769,0.5147775911920799,2.205127584608323,0.7725080732014245,0.30696620762708265,0.7476956673387902,0.35169738372722564,1.936587534704586,1.05048180591904,0.6376774326372985,1.3073199361811172,1.6365059035454437,0.7757452284903009,1.267412781063323,0.6674519380255927,1.2169946514433843,0.31674539953690023,0.721420146179886,0.815447662915594
